ISO-10303-21;
HEADER;
FILE_DESCRIPTION(('KiCad electronic assembly'),'2;1');
FILE_NAME('Radio_Tutorial.step','2026-09-17T12:33:26',('Pcbnew'),(
    'Kicad'),'Open CASCADE STEP processor 7.9','KiCad to STEP converter'
  ,'Unknown');
FILE_SCHEMA(('AUTOMOTIVE_DESIGN { 1 0 10303 214 1 1 1 1 }'));
ENDSEC;
DATA;
#1 = APPLICATION_PROTOCOL_DEFINITION('international standard',
  'automotive_design',2000,#2);
#2 = APPLICATION_CONTEXT(
  'core data for automotive mechanical design processes');
#3 = SHAPE_DEFINITION_REPRESENTATION(#4,#10);
#4 = PRODUCT_DEFINITION_SHAPE('','',#5);
#5 = PRODUCT_DEFINITION('design','',#6,#9);
#6 = PRODUCT_DEFINITION_FORMATION('','',#7);
#7 = PRODUCT('Radio_Tutorial 1','Radio_Tutorial 1','',(#8));
#8 = PRODUCT_CONTEXT('',#2,'mechanical');
#9 = PRODUCT_DEFINITION_CONTEXT('part definition',#2,'design');
#10 = SHAPE_REPRESENTATION('',(#11,#15,#19,#23,#27,#31,#35,#39,#43,#47,
    #51,#55,#59,#63,#67),#71);
#11 = AXIS2_PLACEMENT_3D('',#12,#13,#14);
#12 = CARTESIAN_POINT('',(0.,0.,0.));
#13 = DIRECTION('',(0.,0.,1.));
#14 = DIRECTION('',(1.,0.,-0.));
#15 = AXIS2_PLACEMENT_3D('',#16,#17,#18);
#16 = CARTESIAN_POINT('',(16.5,3.,1.595));
#17 = DIRECTION('',(0.,-0.,1.));
#18 = DIRECTION('',(1.110223024625E-16,1.,0.));
#19 = AXIS2_PLACEMENT_3D('',#20,#21,#22);
#20 = CARTESIAN_POINT('',(19.19,-11.31,1.595));
#21 = DIRECTION('',(0.,-0.,1.));
#22 = DIRECTION('',(1.110223024625E-16,1.,0.));
#23 = AXIS2_PLACEMENT_3D('',#24,#25,#26);
#24 = CARTESIAN_POINT('',(-8.,0.,1.595));
#25 = DIRECTION('',(-0.,0.,1.));
#26 = DIRECTION('',(1.110223024625E-16,-1.,0.));
#27 = AXIS2_PLACEMENT_3D('',#28,#29,#30);
#28 = CARTESIAN_POINT('',(-15.5,7.225,1.595));
#29 = DIRECTION('',(0.,0.,1.));
#30 = DIRECTION('',(-1.,1.224646799147E-16,0.));
#31 = AXIS2_PLACEMENT_3D('',#32,#33,#34);
#32 = CARTESIAN_POINT('',(-6.5,15.,1.595));
#33 = DIRECTION('',(0.,-0.,1.));
#34 = DIRECTION('',(1.110223024625E-16,1.,0.));
#35 = AXIS2_PLACEMENT_3D('',#36,#37,#38);
#36 = CARTESIAN_POINT('',(28.,3.5,1.595));
#37 = DIRECTION('',(0.,-0.,1.));
#38 = DIRECTION('',(1.110223024625E-16,1.,0.));
#39 = AXIS2_PLACEMENT_3D('',#40,#41,#42);
#40 = CARTESIAN_POINT('',(21.5,8.69,1.595));
#41 = DIRECTION('',(0.,-0.,1.));
#42 = DIRECTION('',(1.110223024625E-16,1.,0.));
#43 = AXIS2_PLACEMENT_3D('',#44,#45,#46);
#44 = CARTESIAN_POINT('',(7.5,15.,1.595));
#45 = DIRECTION('',(0.,0.,1.));
#46 = DIRECTION('',(1.,0.,0.));
#47 = AXIS2_PLACEMENT_3D('',#48,#49,#50);
#48 = CARTESIAN_POINT('',(13.5,9.075,1.595));
#49 = DIRECTION('',(0.,-0.,1.));
#50 = DIRECTION('',(1.110223024625E-16,1.,0.));
#51 = AXIS2_PLACEMENT_3D('',#52,#53,#54);
#52 = CARTESIAN_POINT('',(8.,24.,1.595));
#53 = DIRECTION('',(0.,-0.,1.));
#54 = DIRECTION('',(1.110223024625E-16,1.,0.));
#55 = AXIS2_PLACEMENT_3D('',#56,#57,#58);
#56 = CARTESIAN_POINT('',(19.5,24.31762,1.595));
#57 = DIRECTION('',(0.,-0.,1.));
#58 = DIRECTION('',(1.110223024625E-16,1.,0.));
#59 = AXIS2_PLACEMENT_3D('',#60,#61,#62);
#60 = CARTESIAN_POINT('',(30.,16.54,1.595));
#61 = DIRECTION('',(0.,0.,1.));
#62 = DIRECTION('',(1.,0.,0.));
#63 = AXIS2_PLACEMENT_3D('',#64,#65,#66);
#64 = CARTESIAN_POINT('',(-2.,23.725,1.595));
#65 = DIRECTION('',(0.,0.,1.));
#66 = DIRECTION('',(-1.,1.224646799147E-16,0.));
#67 = AXIS2_PLACEMENT_3D('',#68,#69,#70);
#68 = CARTESIAN_POINT('',(0.,0.,0.));
#69 = DIRECTION('',(0.,0.,1.));
#70 = DIRECTION('',(1.,0.,-0.));
#71 = ( GEOMETRIC_REPRESENTATION_CONTEXT(3) 
GLOBAL_UNCERTAINTY_ASSIGNED_CONTEXT((#75)) GLOBAL_UNIT_ASSIGNED_CONTEXT(
(#72,#73,#74)) REPRESENTATION_CONTEXT('Context #1',
  '3D Context with UNIT and UNCERTAINTY') );
#72 = ( LENGTH_UNIT() NAMED_UNIT(*) SI_UNIT(.MILLI.,.METRE.) );
#73 = ( NAMED_UNIT(*) PLANE_ANGLE_UNIT() SI_UNIT($,.RADIAN.) );
#74 = ( NAMED_UNIT(*) SI_UNIT($,.STERADIAN.) SOLID_ANGLE_UNIT() );
#75 = UNCERTAINTY_MEASURE_WITH_UNIT(LENGTH_MEASURE(5.E-07),#72,
  'distance_accuracy_value','confusion accuracy');
#76 = PRODUCT_RELATED_PRODUCT_CATEGORY('part',$,(#7));
#77 = SHAPE_DEFINITION_REPRESENTATION(#78,#84);
#78 = PRODUCT_DEFINITION_SHAPE('','',#79);
#79 = PRODUCT_DEFINITION('design','',#80,#83);
#80 = PRODUCT_DEFINITION_FORMATION('','',#81);
#81 = PRODUCT('CP_Radial_D6.3mm_P2.50mm','CP_Radial_D6.3mm_P2.50mm','',(
    #82));
#82 = PRODUCT_CONTEXT('',#2,'mechanical');
#83 = PRODUCT_DEFINITION_CONTEXT('part definition',#2,'design');
#84 = SHAPE_REPRESENTATION('',(#11,#85),#89);
#85 = AXIS2_PLACEMENT_3D('',#86,#87,#88);
#86 = CARTESIAN_POINT('',(0.,0.,0.));
#87 = DIRECTION('',(0.,0.,1.));
#88 = DIRECTION('',(1.,0.,-0.));
#89 = ( GEOMETRIC_REPRESENTATION_CONTEXT(3) 
GLOBAL_UNCERTAINTY_ASSIGNED_CONTEXT((#93)) GLOBAL_UNIT_ASSIGNED_CONTEXT(
(#90,#91,#92)) REPRESENTATION_CONTEXT('Context #1',
  '3D Context with UNIT and UNCERTAINTY') );
#90 = ( LENGTH_UNIT() NAMED_UNIT(*) SI_UNIT(.MILLI.,.METRE.) );
#91 = ( NAMED_UNIT(*) PLANE_ANGLE_UNIT() SI_UNIT($,.RADIAN.) );
#92 = ( NAMED_UNIT(*) SI_UNIT($,.STERADIAN.) SOLID_ANGLE_UNIT() );
#93 = UNCERTAINTY_MEASURE_WITH_UNIT(LENGTH_MEASURE(1.E-06),#90,
  'distance_accuracy_value','confusion accuracy');
#94 = CONTEXT_DEPENDENT_SHAPE_REPRESENTATION(#95,#97);
#95 = ( REPRESENTATION_RELATIONSHIP('','',#84,#10) 
REPRESENTATION_RELATIONSHIP_WITH_TRANSFORMATION(#96) 
SHAPE_REPRESENTATION_RELATIONSHIP() );
#96 = ITEM_DEFINED_TRANSFORMATION('','',#11,#15);
#97 = PRODUCT_DEFINITION_SHAPE('Placement','Placement of an item',#98);
#98 = NEXT_ASSEMBLY_USAGE_OCCURRENCE('2','C3','',#5,#79,$);
#99 = PRODUCT_RELATED_PRODUCT_CATEGORY('part',$,(#81));
#100 = SHAPE_DEFINITION_REPRESENTATION(#101,#107);
#101 = PRODUCT_DEFINITION_SHAPE('','',#102);
#102 = PRODUCT_DEFINITION('design','',#103,#106);
#103 = PRODUCT_DEFINITION_FORMATION('','',#104);
#104 = PRODUCT('CP_Radial_D63mm_P250mm','CP_Radial_D63mm_P250mm','',(
    #105));
#105 = PRODUCT_CONTEXT('',#2,'mechanical');
#106 = PRODUCT_DEFINITION_CONTEXT('part definition',#2,'design');
#107 = ADVANCED_BREP_SHAPE_REPRESENTATION('',(#11,#108),#1932);
#108 = BREP_WITH_VOIDS('',#109,(#1810));
#109 = CLOSED_SHELL('',(#110,#127,#152,#201,#234,#252,#277,#309,#327,
    #336,#374,#396,#459,#487,#665,#731,#800,#832,#1010,#1076,#1108,#1218
    ,#1252,#1270,#1286,#1318,#1336,#1479,#1531,#1555,#1579,#1603,#1665,
    #1682,#1706,#1722,#1746,#1758,#1774,#1786,#1798));
#110 = ADVANCED_FACE('',(#111),#122,.F.);
#111 = FACE_BOUND('',#112,.F.);
#112 = EDGE_LOOP('',(#113));
#113 = ORIENTED_EDGE('',*,*,#114,.T.);
#114 = EDGE_CURVE('',#115,#115,#117,.T.);
#115 = VERTEX_POINT('',#116);
#116 = CARTESIAN_POINT('',(2.25,-1.224646799147E-16,-1.9));
#117 = CIRCLE('',#118,0.25);
#118 = AXIS2_PLACEMENT_3D('',#119,#120,#121);
#119 = CARTESIAN_POINT('',(2.5,-1.530808498934E-16,-1.9));
#120 = DIRECTION('',(0.,0.,1.));
#121 = DIRECTION('',(-1.,1.224646799147E-16,0.));
#122 = PLANE('',#123);
#123 = AXIS2_PLACEMENT_3D('',#124,#125,#126);
#124 = CARTESIAN_POINT('',(2.5,-1.749248380069E-16,-1.9));
#125 = DIRECTION('',(4.108650548026E-33,4.08046586736E-33,1.));
#126 = DIRECTION('',(-1.,1.224646799147E-16,4.108650548026E-33));
#127 = ADVANCED_FACE('',(#128),#147,.T.);
#128 = FACE_BOUND('',#129,.T.);
#129 = EDGE_LOOP('',(#130,#139,#145,#146));
#130 = ORIENTED_EDGE('',*,*,#131,.F.);
#131 = EDGE_CURVE('',#132,#132,#134,.T.);
#132 = VERTEX_POINT('',#133);
#133 = CARTESIAN_POINT('',(2.25,-1.224646799147E-16,0.2));
#134 = CIRCLE('',#135,0.25);
#135 = AXIS2_PLACEMENT_3D('',#136,#137,#138);
#136 = CARTESIAN_POINT('',(2.5,-1.530808498934E-16,0.2));
#137 = DIRECTION('',(0.,0.,1.));
#138 = DIRECTION('',(-1.,1.224646799147E-16,0.));
#139 = ORIENTED_EDGE('',*,*,#140,.T.);
#140 = EDGE_CURVE('',#132,#115,#141,.T.);
#141 = LINE('',#142,#143);
#142 = CARTESIAN_POINT('',(2.25,-1.224646799147E-16,0.3));
#143 = VECTOR('',#144,1.);
#144 = DIRECTION('',(0.,0.,-1.));
#145 = ORIENTED_EDGE('',*,*,#114,.T.);
#146 = ORIENTED_EDGE('',*,*,#140,.F.);
#147 = CYLINDRICAL_SURFACE('',#148,0.25);
#148 = AXIS2_PLACEMENT_3D('',#149,#150,#151);
#149 = CARTESIAN_POINT('',(2.5,-1.530808498934E-16,0.3));
#150 = DIRECTION('',(0.,0.,1.));
#151 = DIRECTION('',(-1.,1.224646799147E-16,0.));
#152 = ADVANCED_FACE('',(#153,#182,#185),#196,.F.);
#153 = FACE_BOUND('',#154,.F.);
#154 = EDGE_LOOP('',(#155,#166,#175));
#155 = ORIENTED_EDGE('',*,*,#156,.T.);
#156 = EDGE_CURVE('',#157,#159,#161,.T.);
#157 = VERTEX_POINT('',#158);
#158 = CARTESIAN_POINT('',(-0.955,2.70034619212E-16,0.2));
#159 = VERTEX_POINT('',#160);
#160 = CARTESIAN_POINT('',(3.287154369187,-0.843816968365,0.2));
#161 = CIRCLE('',#162,2.205);
#162 = AXIS2_PLACEMENT_3D('',#163,#164,#165);
#163 = CARTESIAN_POINT('',(1.25,0.,0.2));
#164 = DIRECTION('',(0.,0.,1.));
#165 = DIRECTION('',(-1.,1.224646799147E-16,0.));
#166 = ORIENTED_EDGE('',*,*,#167,.T.);
#167 = EDGE_CURVE('',#159,#168,#170,.T.);
#168 = VERTEX_POINT('',#169);
#169 = CARTESIAN_POINT('',(3.287154369187,0.843816968365,0.2));
#170 = CIRCLE('',#171,2.205);
#171 = AXIS2_PLACEMENT_3D('',#172,#173,#174);
#172 = CARTESIAN_POINT('',(1.25,0.,0.2));
#173 = DIRECTION('',(0.,0.,1.));
#174 = DIRECTION('',(-1.,1.224646799147E-16,0.));
#175 = ORIENTED_EDGE('',*,*,#176,.T.);
#176 = EDGE_CURVE('',#168,#157,#177,.T.);
#177 = CIRCLE('',#178,2.205);
#178 = AXIS2_PLACEMENT_3D('',#179,#180,#181);
#179 = CARTESIAN_POINT('',(1.25,0.,0.2));
#180 = DIRECTION('',(0.,0.,1.));
#181 = DIRECTION('',(-1.,1.224646799147E-16,0.));
#182 = FACE_BOUND('',#183,.F.);
#183 = EDGE_LOOP('',(#184));
#184 = ORIENTED_EDGE('',*,*,#131,.F.);
#185 = FACE_BOUND('',#186,.F.);
#186 = EDGE_LOOP('',(#187));
#187 = ORIENTED_EDGE('',*,*,#188,.F.);
#188 = EDGE_CURVE('',#189,#189,#191,.T.);
#189 = VERTEX_POINT('',#190);
#190 = CARTESIAN_POINT('',(-0.25,1.836970198721E-16,0.2));
#191 = CIRCLE('',#192,0.25);
#192 = AXIS2_PLACEMENT_3D('',#193,#194,#195);
#193 = CARTESIAN_POINT('',(0.,1.530808498934E-16,0.2));
#194 = DIRECTION('',(0.,0.,1.));
#195 = DIRECTION('',(-1.,1.224646799147E-16,0.));
#196 = PLANE('',#197);
#197 = AXIS2_PLACEMENT_3D('',#198,#199,#200);
#198 = CARTESIAN_POINT('',(1.25,-1.425463059326E-16,0.2));
#199 = DIRECTION('',(0.,0.,1.));
#200 = DIRECTION('',(-1.,1.224646799147E-16,0.));
#201 = ADVANCED_FACE('',(#202),#229,.F.);
#202 = FACE_BOUND('',#203,.F.);
#203 = EDGE_LOOP('',(#204,#212,#213,#214,#222));
#204 = ORIENTED_EDGE('',*,*,#205,.F.);
#205 = EDGE_CURVE('',#159,#206,#208,.T.);
#206 = VERTEX_POINT('',#207);
#207 = CARTESIAN_POINT('',(3.287154369187,-0.843816968365,0.));
#208 = LINE('',#209,#210);
#209 = CARTESIAN_POINT('',(3.287154369187,-0.843816968365,0.3));
#210 = VECTOR('',#211,1.);
#211 = DIRECTION('',(0.,0.,-1.));
#212 = ORIENTED_EDGE('',*,*,#156,.F.);
#213 = ORIENTED_EDGE('',*,*,#176,.F.);
#214 = ORIENTED_EDGE('',*,*,#215,.T.);
#215 = EDGE_CURVE('',#168,#216,#218,.T.);
#216 = VERTEX_POINT('',#217);
#217 = CARTESIAN_POINT('',(3.287154369187,0.843816968365,0.));
#218 = LINE('',#219,#220);
#219 = CARTESIAN_POINT('',(3.287154369187,0.843816968365,0.3));
#220 = VECTOR('',#221,1.);
#221 = DIRECTION('',(0.,0.,-1.));
#222 = ORIENTED_EDGE('',*,*,#223,.F.);
#223 = EDGE_CURVE('',#206,#216,#224,.T.);
#224 = CIRCLE('',#225,2.205);
#225 = AXIS2_PLACEMENT_3D('',#226,#227,#228);
#226 = CARTESIAN_POINT('',(1.25,0.,0.));
#227 = DIRECTION('',(0.,-0.,-1.));
#228 = DIRECTION('',(0.923879532511,-0.382683432365,0.));
#229 = CYLINDRICAL_SURFACE('',#230,2.205);
#230 = AXIS2_PLACEMENT_3D('',#231,#232,#233);
#231 = CARTESIAN_POINT('',(1.25,0.,0.3));
#232 = DIRECTION('',(0.,0.,-1.));
#233 = DIRECTION('',(0.923879532511,-0.382683432365,0.));
#234 = ADVANCED_FACE('',(#235),#247,.F.);
#235 = FACE_BOUND('',#236,.F.);
#236 = EDGE_LOOP('',(#237,#238,#239,#240));
#237 = ORIENTED_EDGE('',*,*,#215,.F.);
#238 = ORIENTED_EDGE('',*,*,#167,.F.);
#239 = ORIENTED_EDGE('',*,*,#205,.T.);
#240 = ORIENTED_EDGE('',*,*,#241,.F.);
#241 = EDGE_CURVE('',#216,#206,#242,.T.);
#242 = CIRCLE('',#243,2.205);
#243 = AXIS2_PLACEMENT_3D('',#244,#245,#246);
#244 = CARTESIAN_POINT('',(1.25,0.,0.));
#245 = DIRECTION('',(0.,0.,-1.));
#246 = DIRECTION('',(0.923879532511,0.382683432365,0.));
#247 = CYLINDRICAL_SURFACE('',#248,2.205);
#248 = AXIS2_PLACEMENT_3D('',#249,#250,#251);
#249 = CARTESIAN_POINT('',(1.25,0.,0.3));
#250 = DIRECTION('',(0.,0.,-1.));
#251 = DIRECTION('',(0.923879532511,0.382683432365,0.));
#252 = ADVANCED_FACE('',(#253),#272,.T.);
#253 = FACE_BOUND('',#254,.T.);
#254 = EDGE_LOOP('',(#255,#256,#264,#271));
#255 = ORIENTED_EDGE('',*,*,#188,.F.);
#256 = ORIENTED_EDGE('',*,*,#257,.T.);
#257 = EDGE_CURVE('',#189,#258,#260,.T.);
#258 = VERTEX_POINT('',#259);
#259 = CARTESIAN_POINT('',(-0.25,1.836970198721E-16,-2.));
#260 = LINE('',#261,#262);
#261 = CARTESIAN_POINT('',(-0.25,1.836970198721E-16,0.3));
#262 = VECTOR('',#263,1.);
#263 = DIRECTION('',(0.,0.,-1.));
#264 = ORIENTED_EDGE('',*,*,#265,.T.);
#265 = EDGE_CURVE('',#258,#258,#266,.T.);
#266 = CIRCLE('',#267,0.25);
#267 = AXIS2_PLACEMENT_3D('',#268,#269,#270);
#268 = CARTESIAN_POINT('',(0.,1.530808498934E-16,-2.));
#269 = DIRECTION('',(0.,0.,1.));
#270 = DIRECTION('',(-1.,1.224646799147E-16,0.));
#271 = ORIENTED_EDGE('',*,*,#257,.F.);
#272 = CYLINDRICAL_SURFACE('',#273,0.25);
#273 = AXIS2_PLACEMENT_3D('',#274,#275,#276);
#274 = CARTESIAN_POINT('',(0.,1.530808498934E-16,0.3));
#275 = DIRECTION('',(0.,0.,1.));
#276 = DIRECTION('',(-1.,1.224646799147E-16,0.));
#277 = ADVANCED_FACE('',(#278),#304,.T.);
#278 = FACE_BOUND('',#279,.F.);
#279 = EDGE_LOOP('',(#280,#281,#289,#298));
#280 = ORIENTED_EDGE('',*,*,#223,.T.);
#281 = ORIENTED_EDGE('',*,*,#282,.T.);
#282 = EDGE_CURVE('',#216,#283,#285,.T.);
#283 = VERTEX_POINT('',#284);
#284 = CARTESIAN_POINT('',(3.975444620908,1.128916125477,
    -5.551115123126E-17));
#285 = LINE('',#286,#287);
#286 = CARTESIAN_POINT('',(3.287154369187,0.843816968365,0.));
#287 = VECTOR('',#288,1.);
#288 = DIRECTION('',(0.923879532511,0.382683432365,0.));
#289 = ORIENTED_EDGE('',*,*,#290,.F.);
#290 = EDGE_CURVE('',#291,#283,#293,.T.);
#291 = VERTEX_POINT('',#292);
#292 = CARTESIAN_POINT('',(3.975444620908,-1.128916125477,
    -5.551115123126E-17));
#293 = CIRCLE('',#294,2.95);
#294 = AXIS2_PLACEMENT_3D('',#295,#296,#297);
#295 = CARTESIAN_POINT('',(1.25,0.,-5.551115123126E-17));
#296 = DIRECTION('',(0.,-0.,-1.));
#297 = DIRECTION('',(0.923879532511,-0.382683432365,0.));
#298 = ORIENTED_EDGE('',*,*,#299,.F.);
#299 = EDGE_CURVE('',#206,#291,#300,.T.);
#300 = LINE('',#301,#302);
#301 = CARTESIAN_POINT('',(3.287154369187,-0.843816968365,0.));
#302 = VECTOR('',#303,1.);
#303 = DIRECTION('',(0.923879532511,-0.382683432365,0.));
#304 = PLANE('',#305);
#305 = AXIS2_PLACEMENT_3D('',#306,#307,#308);
#306 = CARTESIAN_POINT('',(1.25,0.,0.));
#307 = DIRECTION('',(0.,0.,-1.));
#308 = DIRECTION('',(0.923879532511,-0.382683432365,0.));
#309 = ADVANCED_FACE('',(#310),#322,.T.);
#310 = FACE_BOUND('',#311,.F.);
#311 = EDGE_LOOP('',(#312,#313,#314,#321));
#312 = ORIENTED_EDGE('',*,*,#241,.T.);
#313 = ORIENTED_EDGE('',*,*,#299,.T.);
#314 = ORIENTED_EDGE('',*,*,#315,.F.);
#315 = EDGE_CURVE('',#283,#291,#316,.T.);
#316 = CIRCLE('',#317,2.95);
#317 = AXIS2_PLACEMENT_3D('',#318,#319,#320);
#318 = CARTESIAN_POINT('',(1.25,0.,-5.551115123126E-17));
#319 = DIRECTION('',(0.,0.,-1.));
#320 = DIRECTION('',(0.923879532511,0.382683432365,0.));
#321 = ORIENTED_EDGE('',*,*,#282,.F.);
#322 = PLANE('',#323);
#323 = AXIS2_PLACEMENT_3D('',#324,#325,#326);
#324 = CARTESIAN_POINT('',(1.25,0.,0.));
#325 = DIRECTION('',(0.,0.,-1.));
#326 = DIRECTION('',(0.923879532511,0.382683432365,0.));
#327 = ADVANCED_FACE('',(#328),#331,.F.);
#328 = FACE_BOUND('',#329,.F.);
#329 = EDGE_LOOP('',(#330));
#330 = ORIENTED_EDGE('',*,*,#265,.T.);
#331 = PLANE('',#332);
#332 = AXIS2_PLACEMENT_3D('',#333,#334,#335);
#333 = CARTESIAN_POINT('',(-2.22044604925E-16,1.312368617799E-16,-2.));
#334 = DIRECTION('',(2.013238768533E-31,4.08046586736E-33,1.));
#335 = DIRECTION('',(-1.,1.224646799147E-16,2.013238768533E-31));
#336 = ADVANCED_FACE('',(#337),#365,.F.);
#337 = FACE_BOUND('',#338,.F.);
#338 = EDGE_LOOP('',(#339,#340,#349,#358));
#339 = ORIENTED_EDGE('',*,*,#290,.T.);
#340 = ORIENTED_EDGE('',*,*,#341,.T.);
#341 = EDGE_CURVE('',#283,#342,#344,.T.);
#342 = VERTEX_POINT('',#343);
#343 = CARTESIAN_POINT('',(4.160220527411,1.20545281195,0.2));
#344 = CIRCLE('',#345,0.2);
#345 = AXIS2_PLACEMENT_3D('',#346,#347,#348);
#346 = CARTESIAN_POINT('',(3.975444620908,1.128916125477,0.2));
#347 = DIRECTION('',(0.382683432365,-0.923879532511,0.));
#348 = DIRECTION('',(2.051424657948E-15,8.497279155087E-16,-1.));
#349 = ORIENTED_EDGE('',*,*,#350,.F.);
#350 = EDGE_CURVE('',#351,#342,#353,.T.);
#351 = VERTEX_POINT('',#352);
#352 = CARTESIAN_POINT('',(4.160220527411,-1.20545281195,0.2));
#353 = CIRCLE('',#354,3.15);
#354 = AXIS2_PLACEMENT_3D('',#355,#356,#357);
#355 = CARTESIAN_POINT('',(1.25,0.,0.2));
#356 = DIRECTION('',(0.,-0.,-1.));
#357 = DIRECTION('',(0.923879532511,-0.382683432365,0.));
#358 = ORIENTED_EDGE('',*,*,#359,.F.);
#359 = EDGE_CURVE('',#291,#351,#360,.T.);
#360 = CIRCLE('',#361,0.2);
#361 = AXIS2_PLACEMENT_3D('',#362,#363,#364);
#362 = CARTESIAN_POINT('',(3.975444620908,-1.128916125477,0.2));
#363 = DIRECTION('',(-0.382683432365,-0.923879532511,0.));
#364 = DIRECTION('',(2.051424657948E-15,-8.497279155087E-16,-1.));
#365 = SURFACE_OF_REVOLUTION('',#366,#371);
#366 = CIRCLE('',#367,0.2);
#367 = AXIS2_PLACEMENT_3D('',#368,#369,#370);
#368 = CARTESIAN_POINT('',(3.975444620908,-1.128916125477,0.2));
#369 = DIRECTION('',(-0.382683432365,-0.923879532511,0.));
#370 = DIRECTION('',(2.051424657948E-15,-8.497279155087E-16,-1.));
#371 = AXIS1_PLACEMENT('',#372,#373);
#372 = CARTESIAN_POINT('',(1.25,0.,0.));
#373 = DIRECTION('',(0.,0.,-1.));
#374 = ADVANCED_FACE('',(#375),#387,.F.);
#375 = FACE_BOUND('',#376,.F.);
#376 = EDGE_LOOP('',(#377,#378,#379,#386));
#377 = ORIENTED_EDGE('',*,*,#315,.T.);
#378 = ORIENTED_EDGE('',*,*,#359,.T.);
#379 = ORIENTED_EDGE('',*,*,#380,.F.);
#380 = EDGE_CURVE('',#342,#351,#381,.T.);
#381 = CIRCLE('',#382,3.15);
#382 = AXIS2_PLACEMENT_3D('',#383,#384,#385);
#383 = CARTESIAN_POINT('',(1.25,0.,0.2));
#384 = DIRECTION('',(0.,0.,-1.));
#385 = DIRECTION('',(0.923879532511,0.382683432365,0.));
#386 = ORIENTED_EDGE('',*,*,#341,.F.);
#387 = SURFACE_OF_REVOLUTION('',#388,#393);
#388 = CIRCLE('',#389,0.2);
#389 = AXIS2_PLACEMENT_3D('',#390,#391,#392);
#390 = CARTESIAN_POINT('',(3.975444620908,1.128916125477,0.2));
#391 = DIRECTION('',(0.382683432365,-0.923879532511,0.));
#392 = DIRECTION('',(2.051424657948E-15,8.497279155087E-16,-1.));
#393 = AXIS1_PLACEMENT('',#394,#395);
#394 = CARTESIAN_POINT('',(1.25,0.,0.));
#395 = DIRECTION('',(0.,0.,-1.));
#396 = ADVANCED_FACE('',(#397),#454,.T.);
#397 = FACE_BOUND('',#398,.T.);
#398 = EDGE_LOOP('',(#399,#441,#447,#448));
#399 = ORIENTED_EDGE('',*,*,#400,.T.);
#400 = EDGE_CURVE('',#401,#403,#405,.T.);
#401 = VERTEX_POINT('',#402);
#402 = CARTESIAN_POINT('',(4.160220527411,-1.20545281195,1.064979142851)
  );
#403 = VERTEX_POINT('',#404);
#404 = CARTESIAN_POINT('',(4.160220527411,1.20545281195,1.064979142851)
  );
#405 = B_SPLINE_CURVE_WITH_KNOTS('',12,(#406,#407,#408,#409,#410,#411,
    #412,#413,#414,#415,#416,#417,#418,#419,#420,#421,#422,#423,#424,
    #425,#426,#427,#428,#429,#430,#431,#432,#433,#434,#435,#436,#437,
    #438,#439,#440),.UNSPECIFIED.,.F.,.F.,(13,11,11,13),(-0.737875708395
    ,-5.005450452798E-16,17.318029502913,18.055905211308),
  .UNSPECIFIED.);
#406 = CARTESIAN_POINT('',(4.442593336158,-0.523744547427,1.064979142851
    ));
#407 = CARTESIAN_POINT('',(4.418899197873,-0.580947257422,1.064979142851
    ));
#408 = CARTESIAN_POINT('',(4.395234708841,-0.63807838779,1.064979142851)
  );
#409 = CARTESIAN_POINT('',(4.371599869062,-0.695137938531,1.064979142851
    ));
#410 = CARTESIAN_POINT('',(4.347994678535,-0.752125909643,1.064979142851
    ));
#411 = CARTESIAN_POINT('',(4.32441913726,-0.809042301129,1.064979142851)
  );
#412 = CARTESIAN_POINT('',(4.300873245238,-0.865887112986,1.064979142851
    ));
#413 = CARTESIAN_POINT('',(4.277357002469,-0.922660345216,1.064979142851
    ));
#414 = CARTESIAN_POINT('',(4.253870408952,-0.979361997818,1.064979142851
    ));
#415 = CARTESIAN_POINT('',(4.230413464688,-1.035992070792,1.064979142851
    ));
#416 = CARTESIAN_POINT('',(4.206986169676,-1.092550564139,1.064979142851
    ));
#417 = CARTESIAN_POINT('',(4.183588523917,-1.149037477858,1.064979142851
    ));
#418 = CARTESIAN_POINT('',(3.611770905991,-2.52952732626,1.064979142851)
  );
#419 = CARTESIAN_POINT('',(2.397473580719,-3.601570783487,1.064979180278
    ));
#420 = CARTESIAN_POINT('',(0.644651861499,-4.026279926308,1.064978648913
    ));
#421 = CARTESIAN_POINT('',(-1.234906135463,-3.473813323938,
    1.064980780301));
#422 = CARTESIAN_POINT('',(-2.634312668055,-2.095046805731,
    1.064976073802));
#423 = CARTESIAN_POINT('',(-3.335721730314,-5.195843755246E-12,
    1.064982880597));
#424 = CARTESIAN_POINT('',(-2.634312668056,2.095046805741,1.064976073802
    ));
#425 = CARTESIAN_POINT('',(-1.234906135463,3.473813323931,1.064980780301
    ));
#426 = CARTESIAN_POINT('',(0.644651861498,4.026279926312,1.064978648913)
  );
#427 = CARTESIAN_POINT('',(2.397473580719,3.601570783485,1.064979180278)
  );
#428 = CARTESIAN_POINT('',(3.611770905991,2.529527326261,1.064979142851)
  );
#429 = CARTESIAN_POINT('',(4.183588523917,1.149037477858,1.064979142851)
  );
#430 = CARTESIAN_POINT('',(4.206986169676,1.092550564139,1.064979142851)
  );
#431 = CARTESIAN_POINT('',(4.230413464688,1.035992070792,1.064979142851)
  );
#432 = CARTESIAN_POINT('',(4.253870408952,0.979361997818,1.064979142851)
  );
#433 = CARTESIAN_POINT('',(4.277357002469,0.922660345216,1.064979142851)
  );
#434 = CARTESIAN_POINT('',(4.300873245238,0.865887112986,1.064979142851)
  );
#435 = CARTESIAN_POINT('',(4.32441913726,0.809042301128,1.064979142851)
  );
#436 = CARTESIAN_POINT('',(4.347994678535,0.752125909643,1.064979142851)
  );
#437 = CARTESIAN_POINT('',(4.371599869062,0.695137938531,1.064979142851)
  );
#438 = CARTESIAN_POINT('',(4.395234708841,0.63807838779,1.064979142851)
  );
#439 = CARTESIAN_POINT('',(4.418899197873,0.580947257422,1.064979142851)
  );
#440 = CARTESIAN_POINT('',(4.442593336158,0.523744547427,1.064979142851)
  );
#441 = ORIENTED_EDGE('',*,*,#442,.F.);
#442 = EDGE_CURVE('',#342,#403,#443,.T.);
#443 = LINE('',#444,#445);
#444 = CARTESIAN_POINT('',(4.160220527411,1.20545281195,0.2));
#445 = VECTOR('',#446,1.);
#446 = DIRECTION('',(0.,0.,1.));
#447 = ORIENTED_EDGE('',*,*,#350,.F.);
#448 = ORIENTED_EDGE('',*,*,#449,.T.);
#449 = EDGE_CURVE('',#351,#401,#450,.T.);
#450 = LINE('',#451,#452);
#451 = CARTESIAN_POINT('',(4.160220527411,-1.20545281195,0.2));
#452 = VECTOR('',#453,1.);
#453 = DIRECTION('',(0.,0.,1.));
#454 = CYLINDRICAL_SURFACE('',#455,3.15);
#455 = AXIS2_PLACEMENT_3D('',#456,#457,#458);
#456 = CARTESIAN_POINT('',(1.25,0.,0.2));
#457 = DIRECTION('',(0.,0.,1.));
#458 = DIRECTION('',(0.923879532511,-0.382683432365,0.));
#459 = ADVANCED_FACE('',(#460),#482,.T.);
#460 = FACE_BOUND('',#461,.T.);
#461 = EDGE_LOOP('',(#462,#479,#480,#481));
#462 = ORIENTED_EDGE('',*,*,#463,.T.);
#463 = EDGE_CURVE('',#403,#401,#464,.T.);
#464 = B_SPLINE_CURVE_WITH_KNOTS('',5,(#465,#466,#467,#468,#469,#470,
    #471,#472,#473,#474,#475,#476,#477,#478),.UNSPECIFIED.,.F.,.F.,(6,4,
    4,6),(-0.150460971643,-1.699349482237E-07,2.474004384637,
    2.624464954166),.UNSPECIFIED.);
#465 = CARTESIAN_POINT('',(4.102641670439,1.344460469082,1.064979142851)
  );
#466 = CARTESIAN_POINT('',(4.114157445154,1.316658929638,1.064979142851)
  );
#467 = CARTESIAN_POINT('',(4.125673218125,1.288857394406,1.064979142851)
  );
#468 = CARTESIAN_POINT('',(4.137188989351,1.261055863385,1.064979142851)
  );
#469 = CARTESIAN_POINT('',(4.148704758833,1.233254336576,1.064979142851)
  );
#470 = CARTESIAN_POINT('',(4.349572580446,0.748316518349,1.064979142851)
  );
#471 = CARTESIAN_POINT('',(4.44918882011,0.254004984338,1.064979142851)
  );
#472 = CARTESIAN_POINT('',(4.449189507099,-0.254003344051,1.064979142851
    ));
#473 = CARTESIAN_POINT('',(4.349572930008,-0.748315674432,1.064979142851
    ));
#474 = CARTESIAN_POINT('',(4.148704755344,-1.233254344999,1.064979142851
    ));
#475 = CARTESIAN_POINT('',(4.137188984118,-1.26105587602,1.064979142851)
  );
#476 = CARTESIAN_POINT('',(4.125673212892,-1.288857407041,1.064979142851
    ));
#477 = CARTESIAN_POINT('',(4.114157441665,-1.316658938061,1.064979142851
    ));
#478 = CARTESIAN_POINT('',(4.102641670439,-1.344460469082,1.064979142851
    ));
#479 = ORIENTED_EDGE('',*,*,#449,.F.);
#480 = ORIENTED_EDGE('',*,*,#380,.F.);
#481 = ORIENTED_EDGE('',*,*,#442,.T.);
#482 = CYLINDRICAL_SURFACE('',#483,3.15);
#483 = AXIS2_PLACEMENT_3D('',#484,#485,#486);
#484 = CARTESIAN_POINT('',(1.25,0.,0.2));
#485 = DIRECTION('',(0.,0.,1.));
#486 = DIRECTION('',(0.923879532511,0.382683432365,-0.));
#487 = ADVANCED_FACE('',(#488),#559,.T.);
#488 = FACE_BOUND('',#489,.T.);
#489 = EDGE_LOOP('',(#490,#505,#545,#558));
#490 = ORIENTED_EDGE('',*,*,#491,.T.);
#491 = EDGE_CURVE('',#401,#492,#494,.T.);
#492 = VERTEX_POINT('',#493);
#493 = CARTESIAN_POINT('',(4.085968234571,-1.174696505219,1.269338405373
    ));
#494 = B_SPLINE_CURVE_WITH_KNOTS('',5,(#495,#496,#497,#498,#499,#500,
    #501,#502,#503,#504),.UNSPECIFIED.,.F.,.F.,(6,4,6),(0.,0.5,1.),
  .UNSPECIFIED.);
#495 = CARTESIAN_POINT('',(4.160220527411,-1.20545281195,1.064979142851)
  );
#496 = CARTESIAN_POINT('',(4.160220527325,-1.205452811915,1.086945211059
    ));
#497 = CARTESIAN_POINT('',(4.158363641376,-1.204683664571,1.109287401744
    ));
#498 = CARTESIAN_POINT('',(4.154519320142,-1.203091294577,1.131653463673
    ));
#499 = CARTESIAN_POINT('',(4.148681246824,-1.200673085431,1.153609621265
    ));
#500 = CARTESIAN_POINT('',(4.133299432345,-1.19430172926,1.195943886549)
  );
#501 = CARTESIAN_POINT('',(4.123755497541,-1.190348502026,1.216322527195
    ));
#502 = CARTESIAN_POINT('',(4.112493966491,-1.185683823132,1.235531219587
    ));
#503 = CARTESIAN_POINT('',(4.099792457984,-1.180422686045,1.253257054289
    ));
#504 = CARTESIAN_POINT('',(4.085968234571,-1.174696505219,1.269338405373
    ));
#505 = ORIENTED_EDGE('',*,*,#506,.T.);
#506 = EDGE_CURVE('',#492,#507,#509,.T.);
#507 = VERTEX_POINT('',#508);
#508 = CARTESIAN_POINT('',(4.085968234571,1.174696505219,1.269338405373)
  );
#509 = B_SPLINE_CURVE_WITH_KNOTS('',12,(#510,#511,#512,#513,#514,#515,
    #516,#517,#518,#519,#520,#521,#522,#523,#524,#525,#526,#527,#528,
    #529,#530,#531,#532,#533,#534,#535,#536,#537,#538,#539,#540,#541,
    #542,#543,#544),.UNSPECIFIED.,.F.,.F.,(13,11,11,13),(-0.737875708395
    ,-5.005450452798E-16,17.318029502913,18.055905211308),
  .UNSPECIFIED.);
#510 = CARTESIAN_POINT('',(4.368341043318,-0.492988240695,1.269338405373
    ));
#511 = CARTESIAN_POINT('',(4.344050686533,-0.551630349481,1.269338405373
    ));
#512 = CARTESIAN_POINT('',(4.319898382364,-0.609939169769,1.269338405373
    ));
#513 = CARTESIAN_POINT('',(4.295884130811,-0.667914701558,1.269338405373
    ));
#514 = CARTESIAN_POINT('',(4.272007931874,-0.725556944848,1.269338405373
    ));
#515 = CARTESIAN_POINT('',(4.248269785554,-0.78286589964,1.269338405373)
  );
#516 = CARTESIAN_POINT('',(4.224669691851,-0.839841565933,1.269338405373
    ));
#517 = CARTESIAN_POINT('',(4.201207650763,-0.896483943727,1.269338405373
    ));
#518 = CARTESIAN_POINT('',(4.177883662292,-0.952793033023,1.269338405373
    ));
#519 = CARTESIAN_POINT('',(4.154697726437,-1.00876883382,1.269338405373)
  );
#520 = CARTESIAN_POINT('',(4.131649843199,-1.064411346118,1.269338405373
    ));
#521 = CARTESIAN_POINT('',(4.108740012577,-1.119720569918,1.269338405373
    ));
#522 = CARTESIAN_POINT('',(3.55151193136,-2.464988160927,1.269338405373)
  );
#523 = CARTESIAN_POINT('',(2.368142926712,-3.509870065854,1.269338398404
    ));
#524 = CARTESIAN_POINT('',(0.659702150751,-3.923262885354,1.269338497341
    ));
#525 = CARTESIAN_POINT('',(-1.17054232476,-3.385171524248,1.269338100488
    ));
#526 = CARTESIAN_POINT('',(-2.536114514568,-2.041943209283,
    1.269338976815));
#527 = CARTESIAN_POINT('',(-3.218001563387,1.211253319866E-12,
    1.269337709422));
#528 = CARTESIAN_POINT('',(-2.536114514568,2.041943209281,1.269338976816
    ));
#529 = CARTESIAN_POINT('',(-1.170542324761,3.385171524249,1.269338100487
    ));
#530 = CARTESIAN_POINT('',(0.659702150752,3.923262885354,1.269338497342)
  );
#531 = CARTESIAN_POINT('',(2.368142926712,3.509870065854,1.269338398404)
  );
#532 = CARTESIAN_POINT('',(3.55151193136,2.464988160927,1.269338405373)
  );
#533 = CARTESIAN_POINT('',(4.108740012577,1.119720569918,1.269338405373)
  );
#534 = CARTESIAN_POINT('',(4.131649843199,1.064411346118,1.269338405373)
  );
#535 = CARTESIAN_POINT('',(4.154697726437,1.00876883382,1.269338405373)
  );
#536 = CARTESIAN_POINT('',(4.177883662292,0.952793033023,1.269338405373)
  );
#537 = CARTESIAN_POINT('',(4.201207650763,0.896483943727,1.269338405373)
  );
#538 = CARTESIAN_POINT('',(4.224669691851,0.839841565933,1.269338405373)
  );
#539 = CARTESIAN_POINT('',(4.248269785554,0.78286589964,1.269338405373)
  );
#540 = CARTESIAN_POINT('',(4.272007931874,0.725556944848,1.269338405373)
  );
#541 = CARTESIAN_POINT('',(4.295884130811,0.667914701558,1.269338405373)
  );
#542 = CARTESIAN_POINT('',(4.319898382364,0.609939169769,1.269338405373)
  );
#543 = CARTESIAN_POINT('',(4.344050686533,0.551630349481,1.269338405373)
  );
#544 = CARTESIAN_POINT('',(4.368341043318,0.492988240695,1.269338405373)
  );
#545 = ORIENTED_EDGE('',*,*,#546,.F.);
#546 = EDGE_CURVE('',#403,#507,#547,.T.);
#547 = B_SPLINE_CURVE_WITH_KNOTS('',5,(#548,#549,#550,#551,#552,#553,
    #554,#555,#556,#557),.UNSPECIFIED.,.F.,.F.,(6,4,6),(0.,0.5,1.),
  .UNSPECIFIED.);
#548 = CARTESIAN_POINT('',(4.160220527411,1.20545281195,1.064979142851)
  );
#549 = CARTESIAN_POINT('',(4.160220527325,1.205452811915,1.086945211059)
  );
#550 = CARTESIAN_POINT('',(4.158363641376,1.204683664571,1.109287401744)
  );
#551 = CARTESIAN_POINT('',(4.154519320142,1.203091294577,1.131653463673)
  );
#552 = CARTESIAN_POINT('',(4.148681246824,1.200673085431,1.153609621265)
  );
#553 = CARTESIAN_POINT('',(4.133299432345,1.19430172926,1.195943886549)
  );
#554 = CARTESIAN_POINT('',(4.123755497541,1.190348502026,1.216322527195)
  );
#555 = CARTESIAN_POINT('',(4.112493966491,1.185683823132,1.235531219587)
  );
#556 = CARTESIAN_POINT('',(4.099792457984,1.180422686045,1.253257054289)
  );
#557 = CARTESIAN_POINT('',(4.085968234571,1.174696505219,1.269338405373)
  );
#558 = ORIENTED_EDGE('',*,*,#400,.F.);
#559 = ( BOUNDED_SURFACE() B_SPLINE_SURFACE(2,12,(
    (#560,#561,#562,#563,#564,#565,#566,#567,#568,#569,#570,#571,#572
      ,#573,#574,#575,#576,#577,#578,#579,#580,#581,#582,#583,#584,#585
      ,#586,#587,#588,#589,#590,#591,#592,#593,#594)
    ,(#595,#596,#597,#598,#599,#600,#601,#602,#603,#604,#605,#606,#607
      ,#608,#609,#610,#611,#612,#613,#614,#615,#616,#617,#618,#619,#620
      ,#621,#622,#623,#624,#625,#626,#627,#628,#629)
    ,(#630,#631,#632,#633,#634,#635,#636,#637,#638,#639,#640,#641,#642
      ,#643,#644,#645,#646,#647,#648,#649,#650,#651,#652,#653,#654,#655
      ,#656,#657,#658,#659,#660,#661,#662,#663,#664
)),.UNSPECIFIED.,.F.,.F.,.F.) B_SPLINE_SURFACE_WITH_KNOTS((3,3),(13,11,
    11,13),(0.,17.318029502913),(-0.737875708395,-5.005450452798E-16,
    17.318029502913,18.055905211308),.UNSPECIFIED.) 
GEOMETRIC_REPRESENTATION_ITEM() RATIONAL_B_SPLINE_SURFACE((
    (1.,1.,1.,1.,1.,1.,1.,1.,1.,1.,1.,1.,1.,1.,1.,1.,1.,1.,1.,1.,1.,1.
      ,1.,1.,1.,1.,1.,1.,1.,1.,1.,1.,1.,1.,1.)
    ,(0.93061798229,0.93061798229,0.93061798229,0.93061798229
      ,0.93061798229,0.93061798229,0.93061798229,0.93061798229
      ,0.93061798229,0.93061798229,0.93061798229,0.93061798229
      ,0.93061798229,0.93061801928,0.930617494111,0.930619600648
      ,0.930614949024,0.930621676455,0.930614949024,0.930619600647
      ,0.930617494111,0.93061801928,0.93061798229,0.93061798229
      ,0.93061798229,0.93061798229,0.93061798229,0.93061798229
      ,0.93061798229,0.93061798229,0.93061798229,0.93061798229
      ,0.93061798229,0.93061798229,0.93061798229)
    ,(1.,1.,1.,1.,1.,1.,1.,1.,1.,1.,1.,1.,1.,1.,1.,1.,1.,1.,1.,1.,1.,1.
,1.,1.,1.,1.,1.,1.,1.,1.,1.,1.,1.,1.,1.
))) REPRESENTATION_ITEM('') SURFACE() );
#560 = CARTESIAN_POINT('',(4.442593336158,-0.523744547427,1.064979142851
    ));
#561 = CARTESIAN_POINT('',(4.418899197873,-0.580947257422,1.064979142851
    ));
#562 = CARTESIAN_POINT('',(4.395234708841,-0.63807838779,1.064979142851)
  );
#563 = CARTESIAN_POINT('',(4.371599869062,-0.695137938531,1.064979142851
    ));
#564 = CARTESIAN_POINT('',(4.347994678535,-0.752125909643,1.064979142851
    ));
#565 = CARTESIAN_POINT('',(4.32441913726,-0.809042301129,1.064979142851)
  );
#566 = CARTESIAN_POINT('',(4.300873245238,-0.865887112986,1.064979142851
    ));
#567 = CARTESIAN_POINT('',(4.277357002469,-0.922660345216,1.064979142851
    ));
#568 = CARTESIAN_POINT('',(4.253870408952,-0.979361997818,1.064979142851
    ));
#569 = CARTESIAN_POINT('',(4.230413464688,-1.035992070792,1.064979142851
    ));
#570 = CARTESIAN_POINT('',(4.206986169676,-1.092550564139,1.064979142851
    ));
#571 = CARTESIAN_POINT('',(4.183588523917,-1.149037477858,1.064979142851
    ));
#572 = CARTESIAN_POINT('',(3.611770905991,-2.52952732626,1.064979142851)
  );
#573 = CARTESIAN_POINT('',(2.397473580719,-3.601570783487,1.064979180278
    ));
#574 = CARTESIAN_POINT('',(0.644651861499,-4.026279926308,1.064978648913
    ));
#575 = CARTESIAN_POINT('',(-1.234906135463,-3.473813323938,
    1.064980780301));
#576 = CARTESIAN_POINT('',(-2.634312668055,-2.095046805731,
    1.064976073802));
#577 = CARTESIAN_POINT('',(-3.335721730314,-5.195843755246E-12,
    1.064982880597));
#578 = CARTESIAN_POINT('',(-2.634312668056,2.095046805741,1.064976073802
    ));
#579 = CARTESIAN_POINT('',(-1.234906135463,3.473813323931,1.064980780301
    ));
#580 = CARTESIAN_POINT('',(0.644651861498,4.026279926312,1.064978648913)
  );
#581 = CARTESIAN_POINT('',(2.397473580719,3.601570783485,1.064979180278)
  );
#582 = CARTESIAN_POINT('',(3.611770905991,2.529527326261,1.064979142851)
  );
#583 = CARTESIAN_POINT('',(4.183588523917,1.149037477858,1.064979142851)
  );
#584 = CARTESIAN_POINT('',(4.206986169676,1.092550564139,1.064979142851)
  );
#585 = CARTESIAN_POINT('',(4.230413464688,1.035992070792,1.064979142851)
  );
#586 = CARTESIAN_POINT('',(4.253870408952,0.979361997818,1.064979142851)
  );
#587 = CARTESIAN_POINT('',(4.277357002469,0.922660345216,1.064979142851)
  );
#588 = CARTESIAN_POINT('',(4.300873245238,0.865887112986,1.064979142851)
  );
#589 = CARTESIAN_POINT('',(4.32441913726,0.809042301128,1.064979142851)
  );
#590 = CARTESIAN_POINT('',(4.347994678535,0.752125909643,1.064979142851)
  );
#591 = CARTESIAN_POINT('',(4.371599869062,0.695137938531,1.064979142851)
  );
#592 = CARTESIAN_POINT('',(4.395234708841,0.63807838779,1.064979142851)
  );
#593 = CARTESIAN_POINT('',(4.418899197873,0.580947257422,1.064979142851)
  );
#594 = CARTESIAN_POINT('',(4.442593336158,0.523744547427,1.064979142851)
  );
#595 = CARTESIAN_POINT('',(4.442593336158,-0.523744547427,1.182962690499
    ));
#596 = CARTESIAN_POINT('',(4.418899197873,-0.580947257422,1.182962690499
    ));
#597 = CARTESIAN_POINT('',(4.395234708841,-0.63807838779,1.182962690499)
  );
#598 = CARTESIAN_POINT('',(4.371599869061,-0.695137938531,1.182962690499
    ));
#599 = CARTESIAN_POINT('',(4.347994678534,-0.752125909643,1.182962690499
    ));
#600 = CARTESIAN_POINT('',(4.32441913726,-0.809042301129,1.182962690499)
  );
#601 = CARTESIAN_POINT('',(4.300873245238,-0.865887112986,1.182962690499
    ));
#602 = CARTESIAN_POINT('',(4.277357002469,-0.922660345216,1.182962690499
    ));
#603 = CARTESIAN_POINT('',(4.253870408952,-0.979361997818,1.182962690499
    ));
#604 = CARTESIAN_POINT('',(4.230413464688,-1.035992070792,1.182962690499
    ));
#605 = CARTESIAN_POINT('',(4.206986169676,-1.092550564139,1.182962690499
    ));
#606 = CARTESIAN_POINT('',(4.183588523917,-1.149037477858,1.182962690499
    ));
#607 = CARTESIAN_POINT('',(3.611770905991,-2.529527326261,1.182962690499
    ));
#608 = CARTESIAN_POINT('',(2.397473409613,-3.601570594418,1.182962692916
    ));
#609 = CARTESIAN_POINT('',(0.644651798713,-4.026281720893,1.182962658608
    ));
#610 = CARTESIAN_POINT('',(-1.23490220089,-3.473808210321,1.182962796222
    ));
#611 = CARTESIAN_POINT('',(-2.634324724748,-2.095052673194,
    1.182962492343));
#612 = CARTESIAN_POINT('',(-3.335704239193,3.357980560281E-12,
    1.182962931828));
#613 = CARTESIAN_POINT('',(-2.634324724748,2.095052673188,1.182962492343
    ));
#614 = CARTESIAN_POINT('',(-1.23490220089,3.473808210325,1.182962796222)
  );
#615 = CARTESIAN_POINT('',(0.644651798713,4.026281720891,1.182962658608)
  );
#616 = CARTESIAN_POINT('',(2.397473409613,3.601570594419,1.182962692916)
  );
#617 = CARTESIAN_POINT('',(3.611770905991,2.529527326261,1.182962690499)
  );
#618 = CARTESIAN_POINT('',(4.183588523917,1.149037477858,1.182962690499)
  );
#619 = CARTESIAN_POINT('',(4.206986169676,1.092550564139,1.182962690499)
  );
#620 = CARTESIAN_POINT('',(4.230413464688,1.035992070792,1.182962690499)
  );
#621 = CARTESIAN_POINT('',(4.253870408952,0.979361997818,1.182962690499)
  );
#622 = CARTESIAN_POINT('',(4.277357002469,0.922660345216,1.182962690499)
  );
#623 = CARTESIAN_POINT('',(4.300873245238,0.865887112986,1.182962690499)
  );
#624 = CARTESIAN_POINT('',(4.32441913726,0.809042301129,1.182962690499)
  );
#625 = CARTESIAN_POINT('',(4.347994678534,0.752125909643,1.182962690499)
  );
#626 = CARTESIAN_POINT('',(4.371599869061,0.695137938531,1.182962690499)
  );
#627 = CARTESIAN_POINT('',(4.395234708841,0.63807838779,1.182962690499)
  );
#628 = CARTESIAN_POINT('',(4.418899197873,0.580947257422,1.182962690499)
  );
#629 = CARTESIAN_POINT('',(4.442593336158,0.523744547427,1.182962690499)
  );
#630 = CARTESIAN_POINT('',(4.368341043318,-0.492988240695,1.269338405373
    ));
#631 = CARTESIAN_POINT('',(4.344050686533,-0.551630349481,1.269338405373
    ));
#632 = CARTESIAN_POINT('',(4.319898382364,-0.609939169769,1.269338405373
    ));
#633 = CARTESIAN_POINT('',(4.295884130811,-0.667914701558,1.269338405373
    ));
#634 = CARTESIAN_POINT('',(4.272007931874,-0.725556944848,1.269338405373
    ));
#635 = CARTESIAN_POINT('',(4.248269785554,-0.78286589964,1.269338405373)
  );
#636 = CARTESIAN_POINT('',(4.224669691851,-0.839841565933,1.269338405373
    ));
#637 = CARTESIAN_POINT('',(4.201207650763,-0.896483943727,1.269338405373
    ));
#638 = CARTESIAN_POINT('',(4.177883662292,-0.952793033023,1.269338405373
    ));
#639 = CARTESIAN_POINT('',(4.154697726437,-1.00876883382,1.269338405373)
  );
#640 = CARTESIAN_POINT('',(4.131649843199,-1.064411346118,1.269338405373
    ));
#641 = CARTESIAN_POINT('',(4.108740012577,-1.119720569918,1.269338405373
    ));
#642 = CARTESIAN_POINT('',(3.55151193136,-2.464988160927,1.269338405373)
  );
#643 = CARTESIAN_POINT('',(2.368142926712,-3.509870065854,1.269338398404
    ));
#644 = CARTESIAN_POINT('',(0.659702150751,-3.923262885354,1.269338497341
    ));
#645 = CARTESIAN_POINT('',(-1.17054232476,-3.385171524248,1.269338100488
    ));
#646 = CARTESIAN_POINT('',(-2.536114514568,-2.041943209283,
    1.269338976815));
#647 = CARTESIAN_POINT('',(-3.218001563387,1.211253319866E-12,
    1.269337709422));
#648 = CARTESIAN_POINT('',(-2.536114514568,2.041943209281,1.269338976816
    ));
#649 = CARTESIAN_POINT('',(-1.170542324761,3.385171524249,1.269338100487
    ));
#650 = CARTESIAN_POINT('',(0.659702150752,3.923262885354,1.269338497342)
  );
#651 = CARTESIAN_POINT('',(2.368142926712,3.509870065854,1.269338398404)
  );
#652 = CARTESIAN_POINT('',(3.55151193136,2.464988160927,1.269338405373)
  );
#653 = CARTESIAN_POINT('',(4.108740012577,1.119720569918,1.269338405373)
  );
#654 = CARTESIAN_POINT('',(4.131649843199,1.064411346118,1.269338405373)
  );
#655 = CARTESIAN_POINT('',(4.154697726437,1.00876883382,1.269338405373)
  );
#656 = CARTESIAN_POINT('',(4.177883662292,0.952793033023,1.269338405373)
  );
#657 = CARTESIAN_POINT('',(4.201207650763,0.896483943727,1.269338405373)
  );
#658 = CARTESIAN_POINT('',(4.224669691851,0.839841565933,1.269338405373)
  );
#659 = CARTESIAN_POINT('',(4.248269785554,0.78286589964,1.269338405373)
  );
#660 = CARTESIAN_POINT('',(4.272007931874,0.725556944848,1.269338405373)
  );
#661 = CARTESIAN_POINT('',(4.295884130811,0.667914701558,1.269338405373)
  );
#662 = CARTESIAN_POINT('',(4.319898382364,0.609939169769,1.269338405373)
  );
#663 = CARTESIAN_POINT('',(4.344050686533,0.551630349481,1.269338405373)
  );
#664 = CARTESIAN_POINT('',(4.368341043318,0.492988240695,1.269338405373)
  );
#665 = ADVANCED_FACE('',(#666),#688,.T.);
#666 = FACE_BOUND('',#667,.T.);
#667 = EDGE_LOOP('',(#668,#669,#686,#687));
#668 = ORIENTED_EDGE('',*,*,#546,.T.);
#669 = ORIENTED_EDGE('',*,*,#670,.T.);
#670 = EDGE_CURVE('',#507,#492,#671,.T.);
#671 = B_SPLINE_CURVE_WITH_KNOTS('',5,(#672,#673,#674,#675,#676,#677,
    #678,#679,#680,#681,#682,#683,#684,#685),.UNSPECIFIED.,.F.,.F.,(6,4,
    4,6),(-0.150460971643,-1.699349482237E-07,2.474004384637,
    2.624464954166),.UNSPECIFIED.);
#672 = CARTESIAN_POINT('',(4.028389379453,1.313704158425,1.269338405373)
  );
#673 = CARTESIAN_POINT('',(4.040198971339,1.285193281472,1.269338405373)
  );
#674 = CARTESIAN_POINT('',(4.051861652875,1.257037077477,1.269338405373)
  );
#675 = CARTESIAN_POINT('',(4.063377424063,1.22923554644,1.269338405373)
  );
#676 = CARTESIAN_POINT('',(4.074746284901,1.201788688362,1.269338405373)
  );
#677 = CARTESIAN_POINT('',(4.270489096011,0.72922373811,1.269338405373)
  );
#678 = CARTESIAN_POINT('',(4.367563702078,0.247524287167,1.269338405373)
  );
#679 = CARTESIAN_POINT('',(4.36756434983,-0.247522755157,1.269338405373)
  );
#680 = CARTESIAN_POINT('',(4.270489454492,-0.729222872661,1.269338405373
    ));
#681 = CARTESIAN_POINT('',(4.074746280416,-1.201788699189,1.269338405373
    ));
#682 = CARTESIAN_POINT('',(4.063377417335,-1.229235562681,1.269338405373
    ));
#683 = CARTESIAN_POINT('',(4.051861646148,-1.257037093718,1.269338405373
    ));
#684 = CARTESIAN_POINT('',(4.040198966854,-1.285193292299,1.269338405373
    ));
#685 = CARTESIAN_POINT('',(4.028389379453,-1.313704158425,1.269338405373
    ));
#686 = ORIENTED_EDGE('',*,*,#491,.F.);
#687 = ORIENTED_EDGE('',*,*,#463,.F.);
#688 = ( BOUNDED_SURFACE() B_SPLINE_SURFACE(2,5,(
    (#689,#690,#691,#692,#693,#694,#695,#696,#697,#698,#699,#700,#701
      ,#702)
    ,(#703,#704,#705,#706,#707,#708,#709,#710,#711,#712,#713,#714,#715
      ,#716)
    ,(#717,#718,#719,#720,#721,#722,#723,#724,#725,#726,#727,#728,#729
,#730
    )),.UNSPECIFIED.,.F.,.F.,.F.) B_SPLINE_SURFACE_WITH_KNOTS((3,3),(6,4
    ,4,6),(0.,2.474004554572),(-0.150460971643,-1.699349482237E-07,
    2.474004384637,2.624464954166),.UNSPECIFIED.) 
GEOMETRIC_REPRESENTATION_ITEM() RATIONAL_B_SPLINE_SURFACE((
    (1.,1.,1.,1.,1.,1.,1.,1.,1.,1.,1.,1.,1.,1.)
    ,(0.93061798229,0.93061798229,0.93061798229,0.93061798229
      ,0.93061798229,0.93061798229,0.93061798229,0.93061798229
      ,0.93061798229,0.93061798229,0.93061798229,0.93061798229
      ,0.93061798229,0.93061798229)
,(1.,1.,1.,1.,1.,1.,1.,1.,1.,1.,1.,1.,1.,1.
))) REPRESENTATION_ITEM('') SURFACE() );
#689 = CARTESIAN_POINT('',(4.102641670439,1.344460469082,1.064979142851)
  );
#690 = CARTESIAN_POINT('',(4.114157445154,1.316658929638,1.064979142851)
  );
#691 = CARTESIAN_POINT('',(4.125673218125,1.288857394406,1.064979142851)
  );
#692 = CARTESIAN_POINT('',(4.137188989351,1.261055863385,1.064979142851)
  );
#693 = CARTESIAN_POINT('',(4.148704758833,1.233254336576,1.064979142851)
  );
#694 = CARTESIAN_POINT('',(4.349572580446,0.748316518349,1.064979142851)
  );
#695 = CARTESIAN_POINT('',(4.44918882011,0.254004984338,1.064979142851)
  );
#696 = CARTESIAN_POINT('',(4.449189507099,-0.254003344051,1.064979142851
    ));
#697 = CARTESIAN_POINT('',(4.349572930008,-0.748315674432,1.064979142851
    ));
#698 = CARTESIAN_POINT('',(4.148704755344,-1.233254344999,1.064979142851
    ));
#699 = CARTESIAN_POINT('',(4.137188984118,-1.26105587602,1.064979142851)
  );
#700 = CARTESIAN_POINT('',(4.125673212892,-1.288857407041,1.064979142851
    ));
#701 = CARTESIAN_POINT('',(4.114157441665,-1.316658938061,1.064979142851
    ));
#702 = CARTESIAN_POINT('',(4.102641670439,-1.344460469082,1.064979142851
    ));
#703 = CARTESIAN_POINT('',(4.102641670439,1.344460469082,1.182962690499)
  );
#704 = CARTESIAN_POINT('',(4.114157445154,1.316658929638,1.182962690499)
  );
#705 = CARTESIAN_POINT('',(4.125673218125,1.288857394406,1.182962690499)
  );
#706 = CARTESIAN_POINT('',(4.137188989351,1.261055863385,1.182962690499)
  );
#707 = CARTESIAN_POINT('',(4.148704758833,1.233254336576,1.182962690499)
  );
#708 = CARTESIAN_POINT('',(4.349572580446,0.748316518349,1.182962690499)
  );
#709 = CARTESIAN_POINT('',(4.44918882011,0.254004984338,1.182962690499)
  );
#710 = CARTESIAN_POINT('',(4.449189507099,-0.254003344051,1.182962690499
    ));
#711 = CARTESIAN_POINT('',(4.349572930008,-0.748315674432,1.182962690499
    ));
#712 = CARTESIAN_POINT('',(4.148704755344,-1.233254344999,1.182962690499
    ));
#713 = CARTESIAN_POINT('',(4.137188984118,-1.26105587602,1.182962690499)
  );
#714 = CARTESIAN_POINT('',(4.125673212892,-1.288857407041,1.182962690499
    ));
#715 = CARTESIAN_POINT('',(4.114157441665,-1.316658938061,1.182962690499
    ));
#716 = CARTESIAN_POINT('',(4.102641670439,-1.344460469082,1.182962690499
    ));
#717 = CARTESIAN_POINT('',(4.028389379453,1.313704158425,1.269338405373)
  );
#718 = CARTESIAN_POINT('',(4.040198971339,1.285193281472,1.269338405373)
  );
#719 = CARTESIAN_POINT('',(4.051861652875,1.257037077477,1.269338405373)
  );
#720 = CARTESIAN_POINT('',(4.063377424063,1.22923554644,1.269338405373)
  );
#721 = CARTESIAN_POINT('',(4.074746284901,1.201788688362,1.269338405373)
  );
#722 = CARTESIAN_POINT('',(4.270489096011,0.72922373811,1.269338405373)
  );
#723 = CARTESIAN_POINT('',(4.367563702078,0.247524287167,1.269338405373)
  );
#724 = CARTESIAN_POINT('',(4.36756434983,-0.247522755157,1.269338405373)
  );
#725 = CARTESIAN_POINT('',(4.270489454492,-0.729222872661,1.269338405373
    ));
#726 = CARTESIAN_POINT('',(4.074746280416,-1.201788699189,1.269338405373
    ));
#727 = CARTESIAN_POINT('',(4.063377417335,-1.229235562681,1.269338405373
    ));
#728 = CARTESIAN_POINT('',(4.051861646148,-1.257037093718,1.269338405373
    ));
#729 = CARTESIAN_POINT('',(4.040198966854,-1.285193292299,1.269338405373
    ));
#730 = CARTESIAN_POINT('',(4.028389379453,-1.313704158425,1.269338405373
    ));
#731 = ADVANCED_FACE('',(#732),#791,.F.);
#732 = FACE_BOUND('',#733,.F.);
#733 = EDGE_LOOP('',(#734,#743,#744,#753));
#734 = ORIENTED_EDGE('',*,*,#735,.F.);
#735 = EDGE_CURVE('',#492,#736,#738,.T.);
#736 = VERTEX_POINT('',#737);
#737 = CARTESIAN_POINT('',(4.085968234571,-1.174696505219,1.930661594627
    ));
#738 = CIRCLE('',#739,0.485412195974);
#739 = AXIS2_PLACEMENT_3D('',#740,#741,#742);
#740 = CARTESIAN_POINT('',(4.414287398851,-1.31069075585,1.6));
#741 = DIRECTION('',(0.382683432365,0.923879532511,2.775557561563E-17));
#742 = DIRECTION('',(-0.523404384043,0.216801194476,-0.824041924199));
#743 = ORIENTED_EDGE('',*,*,#506,.T.);
#744 = ORIENTED_EDGE('',*,*,#745,.T.);
#745 = EDGE_CURVE('',#507,#746,#748,.T.);
#746 = VERTEX_POINT('',#747);
#747 = CARTESIAN_POINT('',(4.085968234571,1.174696505219,1.930661594627)
  );
#748 = CIRCLE('',#749,0.485412195974);
#749 = AXIS2_PLACEMENT_3D('',#750,#751,#752);
#750 = CARTESIAN_POINT('',(4.414287398851,1.31069075585,1.6));
#751 = DIRECTION('',(-0.382683432365,0.923879532511,-2.775557561563E-17)
  );
#752 = DIRECTION('',(-0.523404384043,-0.216801194476,-0.824041924199));
#753 = ORIENTED_EDGE('',*,*,#754,.F.);
#754 = EDGE_CURVE('',#736,#746,#755,.T.);
#755 = B_SPLINE_CURVE_WITH_KNOTS('',12,(#756,#757,#758,#759,#760,#761,
    #762,#763,#764,#765,#766,#767,#768,#769,#770,#771,#772,#773,#774,
    #775,#776,#777,#778,#779,#780,#781,#782,#783,#784,#785,#786,#787,
    #788,#789,#790),.UNSPECIFIED.,.F.,.F.,(13,11,11,13),(-0.737875708395
    ,-4.947925115305E-16,17.318029502913,18.055905211308),
  .UNSPECIFIED.);
#756 = CARTESIAN_POINT('',(4.368341043318,-0.492988240695,1.930661594627
    ));
#757 = CARTESIAN_POINT('',(4.344050686533,-0.551630349481,1.930661594627
    ));
#758 = CARTESIAN_POINT('',(4.319898382364,-0.609939169769,1.930661594627
    ));
#759 = CARTESIAN_POINT('',(4.295884130811,-0.667914701558,1.930661594627
    ));
#760 = CARTESIAN_POINT('',(4.272007931874,-0.725556944848,1.930661594627
    ));
#761 = CARTESIAN_POINT('',(4.248269785554,-0.78286589964,1.930661594627)
  );
#762 = CARTESIAN_POINT('',(4.224669691851,-0.839841565933,1.930661594627
    ));
#763 = CARTESIAN_POINT('',(4.201207650763,-0.896483943727,1.930661594627
    ));
#764 = CARTESIAN_POINT('',(4.177883662292,-0.952793033023,1.930661594627
    ));
#765 = CARTESIAN_POINT('',(4.154697726437,-1.00876883382,1.930661594627)
  );
#766 = CARTESIAN_POINT('',(4.131649843199,-1.064411346118,1.930661594627
    ));
#767 = CARTESIAN_POINT('',(4.108740012577,-1.119720569918,1.930661594627
    ));
#768 = CARTESIAN_POINT('',(3.55151193136,-2.464988160927,1.930661594627)
  );
#769 = CARTESIAN_POINT('',(2.368142926712,-3.509870065855,1.930661601596
    ));
#770 = CARTESIAN_POINT('',(0.659702150751,-3.923262885354,1.930661502657
    ));
#771 = CARTESIAN_POINT('',(-1.17054232476,-3.385171524248,1.930661899515
    ));
#772 = CARTESIAN_POINT('',(-2.536114514567,-2.041943209282,
    1.930661023182));
#773 = CARTESIAN_POINT('',(-3.218001563388,6.15951734062E-13,
    1.930662290581));
#774 = CARTESIAN_POINT('',(-2.536114514567,2.041943209281,1.930661023182
    ));
#775 = CARTESIAN_POINT('',(-1.170542324761,3.385171524249,1.930661899514
    ));
#776 = CARTESIAN_POINT('',(0.659702150752,3.923262885354,1.930661502658)
  );
#777 = CARTESIAN_POINT('',(2.368142926712,3.509870065854,1.930661601596)
  );
#778 = CARTESIAN_POINT('',(3.55151193136,2.464988160927,1.930661594627)
  );
#779 = CARTESIAN_POINT('',(4.108740012577,1.119720569918,1.930661594627)
  );
#780 = CARTESIAN_POINT('',(4.131649843199,1.064411346118,1.930661594627)
  );
#781 = CARTESIAN_POINT('',(4.154697726437,1.00876883382,1.930661594627)
  );
#782 = CARTESIAN_POINT('',(4.177883662292,0.952793033023,1.930661594627)
  );
#783 = CARTESIAN_POINT('',(4.201207650763,0.896483943727,1.930661594627)
  );
#784 = CARTESIAN_POINT('',(4.224669691851,0.839841565933,1.930661594627)
  );
#785 = CARTESIAN_POINT('',(4.248269785554,0.78286589964,1.930661594627)
  );
#786 = CARTESIAN_POINT('',(4.272007931874,0.725556944848,1.930661594627)
  );
#787 = CARTESIAN_POINT('',(4.295884130811,0.667914701558,1.930661594627)
  );
#788 = CARTESIAN_POINT('',(4.319898382364,0.609939169769,1.930661594627)
  );
#789 = CARTESIAN_POINT('',(4.344050686533,0.551630349481,1.930661594627)
  );
#790 = CARTESIAN_POINT('',(4.368341043318,0.492988240695,1.930661594627)
  );
#791 = SURFACE_OF_REVOLUTION('',#792,#797);
#792 = CIRCLE('',#793,0.485412195974);
#793 = AXIS2_PLACEMENT_3D('',#794,#795,#796);
#794 = CARTESIAN_POINT('',(4.414287398851,-1.31069075585,1.6));
#795 = DIRECTION('',(0.382683432365,0.923879532511,0.));
#796 = DIRECTION('',(-0.523404384043,0.216801194476,-0.824041924199));
#797 = AXIS1_PLACEMENT('',#798,#799);
#798 = CARTESIAN_POINT('',(1.25,0.,0.));
#799 = DIRECTION('',(0.,0.,-1.));
#800 = ADVANCED_FACE('',(#801),#823,.F.);
#801 = FACE_BOUND('',#802,.F.);
#802 = EDGE_LOOP('',(#803,#804,#805,#806));
#803 = ORIENTED_EDGE('',*,*,#745,.F.);
#804 = ORIENTED_EDGE('',*,*,#670,.T.);
#805 = ORIENTED_EDGE('',*,*,#735,.T.);
#806 = ORIENTED_EDGE('',*,*,#807,.F.);
#807 = EDGE_CURVE('',#746,#736,#808,.T.);
#808 = B_SPLINE_CURVE_WITH_KNOTS('',5,(#809,#810,#811,#812,#813,#814,
    #815,#816,#817,#818,#819,#820,#821,#822),.UNSPECIFIED.,.F.,.F.,(6,4,
    4,6),(-0.150460971643,-1.699349482392E-07,2.474004384637,
    2.624464954166),.UNSPECIFIED.);
#809 = CARTESIAN_POINT('',(4.028389379453,1.313704158425,1.930661594627)
  );
#810 = CARTESIAN_POINT('',(4.040198971339,1.285193281472,1.930661594627)
  );
#811 = CARTESIAN_POINT('',(4.051861652875,1.257037077477,1.930661594627)
  );
#812 = CARTESIAN_POINT('',(4.063377424063,1.22923554644,1.930661594627)
  );
#813 = CARTESIAN_POINT('',(4.074746284901,1.201788688362,1.930661594627)
  );
#814 = CARTESIAN_POINT('',(4.270489096011,0.72922373811,1.930661594627)
  );
#815 = CARTESIAN_POINT('',(4.367563702078,0.247524287167,1.930661594627)
  );
#816 = CARTESIAN_POINT('',(4.36756434983,-0.247522755157,1.930661594627)
  );
#817 = CARTESIAN_POINT('',(4.270489454492,-0.729222872661,1.930661594627
    ));
#818 = CARTESIAN_POINT('',(4.074746280416,-1.201788699189,1.930661594627
    ));
#819 = CARTESIAN_POINT('',(4.063377417335,-1.229235562681,1.930661594627
    ));
#820 = CARTESIAN_POINT('',(4.051861646148,-1.257037093718,1.930661594627
    ));
#821 = CARTESIAN_POINT('',(4.040198966854,-1.285193292299,1.930661594627
    ));
#822 = CARTESIAN_POINT('',(4.028389379453,-1.313704158425,1.930661594627
    ));
#823 = SURFACE_OF_REVOLUTION('',#824,#829);
#824 = CIRCLE('',#825,0.485412195974);
#825 = AXIS2_PLACEMENT_3D('',#826,#827,#828);
#826 = CARTESIAN_POINT('',(4.414287398851,1.31069075585,1.6));
#827 = DIRECTION('',(-0.382683432365,0.923879532511,0.));
#828 = DIRECTION('',(-0.523404384043,-0.216801194476,-0.824041924199));
#829 = AXIS1_PLACEMENT('',#830,#831);
#830 = CARTESIAN_POINT('',(1.25,0.,0.));
#831 = DIRECTION('',(0.,0.,-1.));
#832 = ADVANCED_FACE('',(#833),#904,.T.);
#833 = FACE_BOUND('',#834,.T.);
#834 = EDGE_LOOP('',(#835,#850,#890,#903));
#835 = ORIENTED_EDGE('',*,*,#836,.T.);
#836 = EDGE_CURVE('',#736,#837,#839,.T.);
#837 = VERTEX_POINT('',#838);
#838 = CARTESIAN_POINT('',(4.160220527411,-1.20545281195,2.135020857149)
  );
#839 = B_SPLINE_CURVE_WITH_KNOTS('',5,(#840,#841,#842,#843,#844,#845,
    #846,#847,#848,#849),.UNSPECIFIED.,.F.,.F.,(6,4,6),(0.,0.5,1.),
  .UNSPECIFIED.);
#840 = CARTESIAN_POINT('',(4.085968234571,-1.174696505219,1.930661594627
    ));
#841 = CARTESIAN_POINT('',(4.099792457984,-1.180422686045,1.946742945711
    ));
#842 = CARTESIAN_POINT('',(4.112493966491,-1.185683823132,1.964468780413
    ));
#843 = CARTESIAN_POINT('',(4.123755497541,-1.190348502026,1.983677472805
    ));
#844 = CARTESIAN_POINT('',(4.133299432345,-1.19430172926,2.004056113451)
  );
#845 = CARTESIAN_POINT('',(4.148681246824,-1.200673085431,2.046390378735
    ));
#846 = CARTESIAN_POINT('',(4.154519320142,-1.203091294577,2.068346536327
    ));
#847 = CARTESIAN_POINT('',(4.158363641376,-1.204683664571,2.090712598256
    ));
#848 = CARTESIAN_POINT('',(4.160220527325,-1.205452811915,2.113054788941
    ));
#849 = CARTESIAN_POINT('',(4.160220527411,-1.20545281195,2.135020857149)
  );
#850 = ORIENTED_EDGE('',*,*,#851,.T.);
#851 = EDGE_CURVE('',#837,#852,#854,.T.);
#852 = VERTEX_POINT('',#853);
#853 = CARTESIAN_POINT('',(4.160220527411,1.20545281195,2.135020857149)
  );
#854 = B_SPLINE_CURVE_WITH_KNOTS('',12,(#855,#856,#857,#858,#859,#860,
    #861,#862,#863,#864,#865,#866,#867,#868,#869,#870,#871,#872,#873,
    #874,#875,#876,#877,#878,#879,#880,#881,#882,#883,#884,#885,#886,
    #887,#888,#889),.UNSPECIFIED.,.F.,.F.,(13,11,11,13),(-0.737875708395
    ,-4.947925115305E-16,17.318029502913,18.055905211308),
  .UNSPECIFIED.);
#855 = CARTESIAN_POINT('',(4.442593336158,-0.523744547427,2.135020857149
    ));
#856 = CARTESIAN_POINT('',(4.418899197873,-0.580947257422,2.135020857149
    ));
#857 = CARTESIAN_POINT('',(4.395234708841,-0.63807838779,2.135020857149)
  );
#858 = CARTESIAN_POINT('',(4.371599869062,-0.695137938531,2.135020857149
    ));
#859 = CARTESIAN_POINT('',(4.347994678535,-0.752125909643,2.135020857149
    ));
#860 = CARTESIAN_POINT('',(4.32441913726,-0.809042301129,2.135020857149)
  );
#861 = CARTESIAN_POINT('',(4.300873245238,-0.865887112986,2.135020857149
    ));
#862 = CARTESIAN_POINT('',(4.277357002469,-0.922660345216,2.135020857149
    ));
#863 = CARTESIAN_POINT('',(4.253870408952,-0.979361997818,2.135020857149
    ));
#864 = CARTESIAN_POINT('',(4.230413464688,-1.035992070792,2.135020857149
    ));
#865 = CARTESIAN_POINT('',(4.206986169676,-1.092550564139,2.135020857149
    ));
#866 = CARTESIAN_POINT('',(4.183588523917,-1.149037477858,2.135020857149
    ));
#867 = CARTESIAN_POINT('',(3.61177090599,-2.52952732626,2.135020857149)
  );
#868 = CARTESIAN_POINT('',(2.397473580719,-3.601570783487,2.135020819723
    ));
#869 = CARTESIAN_POINT('',(0.644651861498,-4.026279926309,2.135021351086
    ));
#870 = CARTESIAN_POINT('',(-1.234906135462,-3.473813323936,
    2.135019219701));
#871 = CARTESIAN_POINT('',(-2.634312668057,-2.095046805733,
    2.135023926195));
#872 = CARTESIAN_POINT('',(-3.335721730313,-3.16902060149E-12,
    2.135017119406));
#873 = CARTESIAN_POINT('',(-2.634312668057,2.095046805739,2.135023926196
    ));
#874 = CARTESIAN_POINT('',(-1.234906135462,3.473813323932,2.1350192197)
  );
#875 = CARTESIAN_POINT('',(0.644651861498,4.026279926311,2.135021351086)
  );
#876 = CARTESIAN_POINT('',(2.397473580719,3.601570783485,2.135020819722)
  );
#877 = CARTESIAN_POINT('',(3.61177090599,2.529527326261,2.135020857149)
  );
#878 = CARTESIAN_POINT('',(4.183588523917,1.149037477858,2.135020857149)
  );
#879 = CARTESIAN_POINT('',(4.206986169676,1.092550564139,2.135020857149)
  );
#880 = CARTESIAN_POINT('',(4.230413464688,1.035992070792,2.135020857149)
  );
#881 = CARTESIAN_POINT('',(4.253870408952,0.979361997818,2.135020857149)
  );
#882 = CARTESIAN_POINT('',(4.277357002469,0.922660345216,2.135020857149)
  );
#883 = CARTESIAN_POINT('',(4.300873245238,0.865887112986,2.135020857149)
  );
#884 = CARTESIAN_POINT('',(4.32441913726,0.809042301128,2.135020857149)
  );
#885 = CARTESIAN_POINT('',(4.347994678535,0.752125909643,2.135020857149)
  );
#886 = CARTESIAN_POINT('',(4.371599869062,0.695137938531,2.135020857149)
  );
#887 = CARTESIAN_POINT('',(4.395234708841,0.63807838779,2.135020857149)
  );
#888 = CARTESIAN_POINT('',(4.418899197873,0.580947257422,2.135020857149)
  );
#889 = CARTESIAN_POINT('',(4.442593336158,0.523744547427,2.135020857149)
  );
#890 = ORIENTED_EDGE('',*,*,#891,.F.);
#891 = EDGE_CURVE('',#746,#852,#892,.T.);
#892 = B_SPLINE_CURVE_WITH_KNOTS('',5,(#893,#894,#895,#896,#897,#898,
    #899,#900,#901,#902),.UNSPECIFIED.,.F.,.F.,(6,4,6),(0.,0.5,1.),
  .UNSPECIFIED.);
#893 = CARTESIAN_POINT('',(4.085968234571,1.174696505219,1.930661594627)
  );
#894 = CARTESIAN_POINT('',(4.099792457984,1.180422686045,1.946742945711)
  );
#895 = CARTESIAN_POINT('',(4.112493966491,1.185683823132,1.964468780413)
  );
#896 = CARTESIAN_POINT('',(4.123755497541,1.190348502026,1.983677472805)
  );
#897 = CARTESIAN_POINT('',(4.133299432345,1.19430172926,2.004056113451)
  );
#898 = CARTESIAN_POINT('',(4.148681246824,1.200673085431,2.046390378735)
  );
#899 = CARTESIAN_POINT('',(4.154519320142,1.203091294577,2.068346536327)
  );
#900 = CARTESIAN_POINT('',(4.158363641376,1.204683664571,2.090712598256)
  );
#901 = CARTESIAN_POINT('',(4.160220527325,1.205452811915,2.113054788941)
  );
#902 = CARTESIAN_POINT('',(4.160220527411,1.20545281195,2.135020857149)
  );
#903 = ORIENTED_EDGE('',*,*,#754,.F.);
#904 = ( BOUNDED_SURFACE() B_SPLINE_SURFACE(2,12,(
    (#905,#906,#907,#908,#909,#910,#911,#912,#913,#914,#915,#916,#917
      ,#918,#919,#920,#921,#922,#923,#924,#925,#926,#927,#928,#929,#930
      ,#931,#932,#933,#934,#935,#936,#937,#938,#939)
    ,(#940,#941,#942,#943,#944,#945,#946,#947,#948,#949,#950,#951,#952
      ,#953,#954,#955,#956,#957,#958,#959,#960,#961,#962,#963,#964,#965
      ,#966,#967,#968,#969,#970,#971,#972,#973,#974)
    ,(#975,#976,#977,#978,#979,#980,#981,#982,#983,#984,#985,#986,#987
      ,#988,#989,#990,#991,#992,#993,#994,#995,#996,#997,#998,#999,#1000
      ,#1001,#1002,#1003,#1004,#1005,#1006,#1007,#1008,#1009
)),.UNSPECIFIED.,.F.,.F.,.F.) B_SPLINE_SURFACE_WITH_KNOTS((3,3),(13,11,
    11,13),(0.,17.318029502913),(-0.737875708395,-4.947925115305E-16,
    17.318029502913,18.055905211308),.UNSPECIFIED.) 
GEOMETRIC_REPRESENTATION_ITEM() RATIONAL_B_SPLINE_SURFACE((
    (1.,1.,1.,1.,1.,1.,1.,1.,1.,1.,1.,1.,1.,1.,1.,1.,1.,1.,1.,1.,1.,1.
      ,1.,1.,1.,1.,1.,1.,1.,1.,1.,1.,1.,1.,1.)
    ,(0.93061798229,0.93061798229,0.93061798229,0.93061798229
      ,0.93061798229,0.93061798229,0.93061798229,0.93061798229
      ,0.93061798229,0.93061798229,0.93061798229,0.93061798229
      ,0.93061798229,0.93061801928,0.930617494111,0.930619600647
      ,0.930614949024,0.930621676454,0.930614949024,0.930619600647
      ,0.930617494111,0.93061801928,0.93061798229,0.93061798229
      ,0.93061798229,0.93061798229,0.93061798229,0.93061798229
      ,0.93061798229,0.93061798229,0.93061798229,0.93061798229
      ,0.93061798229,0.93061798229,0.93061798229)
    ,(1.,1.,1.,1.,1.,1.,1.,1.,1.,1.,1.,1.,1.,1.,1.,1.,1.,1.,1.,1.,1.,1.
,1.,1.,1.,1.,1.,1.,1.,1.,1.,1.,1.,1.,1.
))) REPRESENTATION_ITEM('') SURFACE() );
#905 = CARTESIAN_POINT('',(4.368341043318,-0.492988240695,1.930661594627
    ));
#906 = CARTESIAN_POINT('',(4.344050686533,-0.551630349481,1.930661594627
    ));
#907 = CARTESIAN_POINT('',(4.319898382364,-0.609939169769,1.930661594627
    ));
#908 = CARTESIAN_POINT('',(4.295884130811,-0.667914701558,1.930661594627
    ));
#909 = CARTESIAN_POINT('',(4.272007931874,-0.725556944848,1.930661594627
    ));
#910 = CARTESIAN_POINT('',(4.248269785554,-0.78286589964,1.930661594627)
  );
#911 = CARTESIAN_POINT('',(4.224669691851,-0.839841565933,1.930661594627
    ));
#912 = CARTESIAN_POINT('',(4.201207650763,-0.896483943727,1.930661594627
    ));
#913 = CARTESIAN_POINT('',(4.177883662292,-0.952793033023,1.930661594627
    ));
#914 = CARTESIAN_POINT('',(4.154697726437,-1.00876883382,1.930661594627)
  );
#915 = CARTESIAN_POINT('',(4.131649843199,-1.064411346118,1.930661594627
    ));
#916 = CARTESIAN_POINT('',(4.108740012577,-1.119720569918,1.930661594627
    ));
#917 = CARTESIAN_POINT('',(3.55151193136,-2.464988160927,1.930661594627)
  );
#918 = CARTESIAN_POINT('',(2.368142926712,-3.509870065855,1.930661601596
    ));
#919 = CARTESIAN_POINT('',(0.659702150751,-3.923262885354,1.930661502657
    ));
#920 = CARTESIAN_POINT('',(-1.17054232476,-3.385171524248,1.930661899515
    ));
#921 = CARTESIAN_POINT('',(-2.536114514567,-2.041943209282,
    1.930661023182));
#922 = CARTESIAN_POINT('',(-3.218001563388,6.15951734062E-13,
    1.930662290581));
#923 = CARTESIAN_POINT('',(-2.536114514567,2.041943209281,1.930661023182
    ));
#924 = CARTESIAN_POINT('',(-1.170542324761,3.385171524249,1.930661899514
    ));
#925 = CARTESIAN_POINT('',(0.659702150752,3.923262885354,1.930661502658)
  );
#926 = CARTESIAN_POINT('',(2.368142926712,3.509870065854,1.930661601596)
  );
#927 = CARTESIAN_POINT('',(3.55151193136,2.464988160927,1.930661594627)
  );
#928 = CARTESIAN_POINT('',(4.108740012577,1.119720569918,1.930661594627)
  );
#929 = CARTESIAN_POINT('',(4.131649843199,1.064411346118,1.930661594627)
  );
#930 = CARTESIAN_POINT('',(4.154697726437,1.00876883382,1.930661594627)
  );
#931 = CARTESIAN_POINT('',(4.177883662292,0.952793033023,1.930661594627)
  );
#932 = CARTESIAN_POINT('',(4.201207650763,0.896483943727,1.930661594627)
  );
#933 = CARTESIAN_POINT('',(4.224669691851,0.839841565933,1.930661594627)
  );
#934 = CARTESIAN_POINT('',(4.248269785554,0.78286589964,1.930661594627)
  );
#935 = CARTESIAN_POINT('',(4.272007931874,0.725556944848,1.930661594627)
  );
#936 = CARTESIAN_POINT('',(4.295884130811,0.667914701558,1.930661594627)
  );
#937 = CARTESIAN_POINT('',(4.319898382364,0.609939169769,1.930661594627)
  );
#938 = CARTESIAN_POINT('',(4.344050686533,0.551630349481,1.930661594627)
  );
#939 = CARTESIAN_POINT('',(4.368341043318,0.492988240695,1.930661594627)
  );
#940 = CARTESIAN_POINT('',(4.442593336158,-0.523744547427,2.017037309501
    ));
#941 = CARTESIAN_POINT('',(4.418899197873,-0.580947257422,2.017037309501
    ));
#942 = CARTESIAN_POINT('',(4.395234708841,-0.63807838779,2.017037309501)
  );
#943 = CARTESIAN_POINT('',(4.371599869061,-0.695137938531,2.017037309501
    ));
#944 = CARTESIAN_POINT('',(4.347994678534,-0.752125909643,2.017037309501
    ));
#945 = CARTESIAN_POINT('',(4.32441913726,-0.809042301129,2.017037309501)
  );
#946 = CARTESIAN_POINT('',(4.300873245238,-0.865887112986,2.017037309501
    ));
#947 = CARTESIAN_POINT('',(4.277357002469,-0.922660345216,2.017037309501
    ));
#948 = CARTESIAN_POINT('',(4.253870408952,-0.979361997818,2.017037309501
    ));
#949 = CARTESIAN_POINT('',(4.230413464688,-1.035992070792,2.017037309501
    ));
#950 = CARTESIAN_POINT('',(4.206986169676,-1.092550564139,2.017037309501
    ));
#951 = CARTESIAN_POINT('',(4.183588523917,-1.149037477858,2.017037309501
    ));
#952 = CARTESIAN_POINT('',(3.611770905991,-2.529527326261,2.017037309501
    ));
#953 = CARTESIAN_POINT('',(2.397473409613,-3.601570594418,2.017037307084
    ));
#954 = CARTESIAN_POINT('',(0.644651798713,-4.026281720893,2.017037341392
    ));
#955 = CARTESIAN_POINT('',(-1.234902200889,-3.473808210322,
    2.017037203778));
#956 = CARTESIAN_POINT('',(-2.634324724748,-2.095052673194,
    2.017037507657));
#957 = CARTESIAN_POINT('',(-3.335704239193,2.968070234033E-12,
    2.017037068171));
#958 = CARTESIAN_POINT('',(-2.634324724748,2.095052673188,2.017037507657
    ));
#959 = CARTESIAN_POINT('',(-1.23490220089,3.473808210326,2.017037203778)
  );
#960 = CARTESIAN_POINT('',(0.644651798713,4.026281720891,2.017037341392)
  );
#961 = CARTESIAN_POINT('',(2.397473409613,3.601570594419,2.017037307084)
  );
#962 = CARTESIAN_POINT('',(3.611770905991,2.529527326261,2.017037309501)
  );
#963 = CARTESIAN_POINT('',(4.183588523917,1.149037477858,2.017037309501)
  );
#964 = CARTESIAN_POINT('',(4.206986169676,1.092550564139,2.017037309501)
  );
#965 = CARTESIAN_POINT('',(4.230413464688,1.035992070792,2.017037309501)
  );
#966 = CARTESIAN_POINT('',(4.253870408952,0.979361997818,2.017037309501)
  );
#967 = CARTESIAN_POINT('',(4.277357002469,0.922660345216,2.017037309501)
  );
#968 = CARTESIAN_POINT('',(4.300873245238,0.865887112986,2.017037309501)
  );
#969 = CARTESIAN_POINT('',(4.32441913726,0.809042301129,2.017037309501)
  );
#970 = CARTESIAN_POINT('',(4.347994678534,0.752125909643,2.017037309501)
  );
#971 = CARTESIAN_POINT('',(4.371599869061,0.695137938531,2.017037309501)
  );
#972 = CARTESIAN_POINT('',(4.395234708841,0.63807838779,2.017037309501)
  );
#973 = CARTESIAN_POINT('',(4.418899197873,0.580947257422,2.017037309501)
  );
#974 = CARTESIAN_POINT('',(4.442593336158,0.523744547427,2.017037309501)
  );
#975 = CARTESIAN_POINT('',(4.442593336158,-0.523744547427,2.135020857149
    ));
#976 = CARTESIAN_POINT('',(4.418899197873,-0.580947257422,2.135020857149
    ));
#977 = CARTESIAN_POINT('',(4.395234708841,-0.63807838779,2.135020857149)
  );
#978 = CARTESIAN_POINT('',(4.371599869062,-0.695137938531,2.135020857149
    ));
#979 = CARTESIAN_POINT('',(4.347994678535,-0.752125909643,2.135020857149
    ));
#980 = CARTESIAN_POINT('',(4.32441913726,-0.809042301129,2.135020857149)
  );
#981 = CARTESIAN_POINT('',(4.300873245238,-0.865887112986,2.135020857149
    ));
#982 = CARTESIAN_POINT('',(4.277357002469,-0.922660345216,2.135020857149
    ));
#983 = CARTESIAN_POINT('',(4.253870408952,-0.979361997818,2.135020857149
    ));
#984 = CARTESIAN_POINT('',(4.230413464688,-1.035992070792,2.135020857149
    ));
#985 = CARTESIAN_POINT('',(4.206986169676,-1.092550564139,2.135020857149
    ));
#986 = CARTESIAN_POINT('',(4.183588523917,-1.149037477858,2.135020857149
    ));
#987 = CARTESIAN_POINT('',(3.61177090599,-2.52952732626,2.135020857149)
  );
#988 = CARTESIAN_POINT('',(2.397473580719,-3.601570783487,2.135020819723
    ));
#989 = CARTESIAN_POINT('',(0.644651861498,-4.026279926309,2.135021351086
    ));
#990 = CARTESIAN_POINT('',(-1.234906135462,-3.473813323936,
    2.135019219701));
#991 = CARTESIAN_POINT('',(-2.634312668057,-2.095046805733,
    2.135023926195));
#992 = CARTESIAN_POINT('',(-3.335721730313,-3.16902060149E-12,
    2.135017119406));
#993 = CARTESIAN_POINT('',(-2.634312668057,2.095046805739,2.135023926196
    ));
#994 = CARTESIAN_POINT('',(-1.234906135462,3.473813323932,2.1350192197)
  );
#995 = CARTESIAN_POINT('',(0.644651861498,4.026279926311,2.135021351086)
  );
#996 = CARTESIAN_POINT('',(2.397473580719,3.601570783485,2.135020819722)
  );
#997 = CARTESIAN_POINT('',(3.61177090599,2.529527326261,2.135020857149)
  );
#998 = CARTESIAN_POINT('',(4.183588523917,1.149037477858,2.135020857149)
  );
#999 = CARTESIAN_POINT('',(4.206986169676,1.092550564139,2.135020857149)
  );
#1000 = CARTESIAN_POINT('',(4.230413464688,1.035992070792,2.135020857149
    ));
#1001 = CARTESIAN_POINT('',(4.253870408952,0.979361997818,2.135020857149
    ));
#1002 = CARTESIAN_POINT('',(4.277357002469,0.922660345216,2.135020857149
    ));
#1003 = CARTESIAN_POINT('',(4.300873245238,0.865887112986,2.135020857149
    ));
#1004 = CARTESIAN_POINT('',(4.32441913726,0.809042301128,2.135020857149)
  );
#1005 = CARTESIAN_POINT('',(4.347994678535,0.752125909643,2.135020857149
    ));
#1006 = CARTESIAN_POINT('',(4.371599869062,0.695137938531,2.135020857149
    ));
#1007 = CARTESIAN_POINT('',(4.395234708841,0.63807838779,2.135020857149)
  );
#1008 = CARTESIAN_POINT('',(4.418899197873,0.580947257422,2.135020857149
    ));
#1009 = CARTESIAN_POINT('',(4.442593336158,0.523744547427,2.135020857149
    ));
#1010 = ADVANCED_FACE('',(#1011),#1033,.T.);
#1011 = FACE_BOUND('',#1012,.T.);
#1012 = EDGE_LOOP('',(#1013,#1014,#1031,#1032));
#1013 = ORIENTED_EDGE('',*,*,#891,.T.);
#1014 = ORIENTED_EDGE('',*,*,#1015,.T.);
#1015 = EDGE_CURVE('',#852,#837,#1016,.T.);
#1016 = B_SPLINE_CURVE_WITH_KNOTS('',5,(#1017,#1018,#1019,#1020,#1021,
    #1022,#1023,#1024,#1025,#1026,#1027,#1028,#1029,#1030),
  .UNSPECIFIED.,.F.,.F.,(6,4,4,6),(-0.150460971643,-1.699349482392E-07,
    2.474004384637,2.624464954166),.UNSPECIFIED.);
#1017 = CARTESIAN_POINT('',(4.102641670439,1.344460469082,2.135020857149
    ));
#1018 = CARTESIAN_POINT('',(4.114157445154,1.316658929638,2.135020857149
    ));
#1019 = CARTESIAN_POINT('',(4.125673218125,1.288857394406,2.135020857149
    ));
#1020 = CARTESIAN_POINT('',(4.137188989351,1.261055863385,2.135020857149
    ));
#1021 = CARTESIAN_POINT('',(4.148704758833,1.233254336576,2.135020857149
    ));
#1022 = CARTESIAN_POINT('',(4.349572580446,0.748316518349,2.135020857149
    ));
#1023 = CARTESIAN_POINT('',(4.44918882011,0.254004984338,2.135020857149)
  );
#1024 = CARTESIAN_POINT('',(4.449189507099,-0.254003344051,
    2.135020857149));
#1025 = CARTESIAN_POINT('',(4.349572930008,-0.748315674432,
    2.135020857149));
#1026 = CARTESIAN_POINT('',(4.148704755344,-1.233254344999,
    2.135020857149));
#1027 = CARTESIAN_POINT('',(4.137188984118,-1.26105587602,2.135020857149
    ));
#1028 = CARTESIAN_POINT('',(4.125673212892,-1.288857407041,
    2.135020857149));
#1029 = CARTESIAN_POINT('',(4.114157441665,-1.316658938061,
    2.135020857149));
#1030 = CARTESIAN_POINT('',(4.102641670439,-1.344460469082,
    2.135020857149));
#1031 = ORIENTED_EDGE('',*,*,#836,.F.);
#1032 = ORIENTED_EDGE('',*,*,#807,.F.);
#1033 = ( BOUNDED_SURFACE() B_SPLINE_SURFACE(2,5,(
    (#1034,#1035,#1036,#1037,#1038,#1039,#1040,#1041,#1042,#1043,#1044
      ,#1045,#1046,#1047)
    ,(#1048,#1049,#1050,#1051,#1052,#1053,#1054,#1055,#1056,#1057,#1058
      ,#1059,#1060,#1061)
    ,(#1062,#1063,#1064,#1065,#1066,#1067,#1068,#1069,#1070,#1071,#1072
      ,#1073,#1074,#1075
)),.UNSPECIFIED.,.F.,.F.,.F.) B_SPLINE_SURFACE_WITH_KNOTS((3,3),(6,4,4,6
    ),(0.,2.474004554572),(-0.150460971643,-1.699349482392E-07,
    2.474004384637,2.624464954166),.UNSPECIFIED.) 
GEOMETRIC_REPRESENTATION_ITEM() RATIONAL_B_SPLINE_SURFACE((
    (1.,1.,1.,1.,1.,1.,1.,1.,1.,1.,1.,1.,1.,1.)
    ,(0.93061798229,0.93061798229,0.93061798229,0.93061798229
      ,0.93061798229,0.93061798229,0.93061798229,0.93061798229
      ,0.93061798229,0.93061798229,0.93061798229,0.93061798229
      ,0.93061798229,0.93061798229)
,(1.,1.,1.,1.,1.,1.,1.,1.,1.,1.,1.,1.,1.,1.
))) REPRESENTATION_ITEM('') SURFACE() );
#1034 = CARTESIAN_POINT('',(4.028389379453,1.313704158425,1.930661594627
    ));
#1035 = CARTESIAN_POINT('',(4.040198971339,1.285193281472,1.930661594627
    ));
#1036 = CARTESIAN_POINT('',(4.051861652875,1.257037077477,1.930661594627
    ));
#1037 = CARTESIAN_POINT('',(4.063377424063,1.22923554644,1.930661594627)
  );
#1038 = CARTESIAN_POINT('',(4.074746284901,1.201788688362,1.930661594627
    ));
#1039 = CARTESIAN_POINT('',(4.270489096011,0.72922373811,1.930661594627)
  );
#1040 = CARTESIAN_POINT('',(4.367563702078,0.247524287167,1.930661594627
    ));
#1041 = CARTESIAN_POINT('',(4.36756434983,-0.247522755157,1.930661594627
    ));
#1042 = CARTESIAN_POINT('',(4.270489454492,-0.729222872661,
    1.930661594627));
#1043 = CARTESIAN_POINT('',(4.074746280416,-1.201788699189,
    1.930661594627));
#1044 = CARTESIAN_POINT('',(4.063377417335,-1.229235562681,
    1.930661594627));
#1045 = CARTESIAN_POINT('',(4.051861646148,-1.257037093718,
    1.930661594627));
#1046 = CARTESIAN_POINT('',(4.040198966854,-1.285193292299,
    1.930661594627));
#1047 = CARTESIAN_POINT('',(4.028389379453,-1.313704158425,
    1.930661594627));
#1048 = CARTESIAN_POINT('',(4.102641670439,1.344460469082,2.017037309501
    ));
#1049 = CARTESIAN_POINT('',(4.114157445154,1.316658929638,2.017037309501
    ));
#1050 = CARTESIAN_POINT('',(4.125673218125,1.288857394406,2.017037309501
    ));
#1051 = CARTESIAN_POINT('',(4.137188989351,1.261055863385,2.017037309501
    ));
#1052 = CARTESIAN_POINT('',(4.148704758833,1.233254336576,2.017037309501
    ));
#1053 = CARTESIAN_POINT('',(4.349572580446,0.748316518349,2.017037309501
    ));
#1054 = CARTESIAN_POINT('',(4.44918882011,0.254004984338,2.017037309501)
  );
#1055 = CARTESIAN_POINT('',(4.449189507099,-0.254003344051,
    2.017037309501));
#1056 = CARTESIAN_POINT('',(4.349572930008,-0.748315674432,
    2.017037309501));
#1057 = CARTESIAN_POINT('',(4.148704755344,-1.233254344999,
    2.017037309501));
#1058 = CARTESIAN_POINT('',(4.137188984118,-1.26105587602,2.017037309501
    ));
#1059 = CARTESIAN_POINT('',(4.125673212892,-1.288857407041,
    2.017037309501));
#1060 = CARTESIAN_POINT('',(4.114157441665,-1.316658938061,
    2.017037309501));
#1061 = CARTESIAN_POINT('',(4.102641670439,-1.344460469082,
    2.017037309501));
#1062 = CARTESIAN_POINT('',(4.102641670439,1.344460469082,2.135020857149
    ));
#1063 = CARTESIAN_POINT('',(4.114157445154,1.316658929638,2.135020857149
    ));
#1064 = CARTESIAN_POINT('',(4.125673218125,1.288857394406,2.135020857149
    ));
#1065 = CARTESIAN_POINT('',(4.137188989351,1.261055863385,2.135020857149
    ));
#1066 = CARTESIAN_POINT('',(4.148704758833,1.233254336576,2.135020857149
    ));
#1067 = CARTESIAN_POINT('',(4.349572580446,0.748316518349,2.135020857149
    ));
#1068 = CARTESIAN_POINT('',(4.44918882011,0.254004984338,2.135020857149)
  );
#1069 = CARTESIAN_POINT('',(4.449189507099,-0.254003344051,
    2.135020857149));
#1070 = CARTESIAN_POINT('',(4.349572930008,-0.748315674432,
    2.135020857149));
#1071 = CARTESIAN_POINT('',(4.148704755344,-1.233254344999,
    2.135020857149));
#1072 = CARTESIAN_POINT('',(4.137188984118,-1.26105587602,2.135020857149
    ));
#1073 = CARTESIAN_POINT('',(4.125673212892,-1.288857407041,
    2.135020857149));
#1074 = CARTESIAN_POINT('',(4.114157441665,-1.316658938061,
    2.135020857149));
#1075 = CARTESIAN_POINT('',(4.102641670439,-1.344460469082,
    2.135020857149));
#1076 = ADVANCED_FACE('',(#1077),#1103,.T.);
#1077 = FACE_BOUND('',#1078,.T.);
#1078 = EDGE_LOOP('',(#1079,#1090,#1096,#1097));
#1079 = ORIENTED_EDGE('',*,*,#1080,.T.);
#1080 = EDGE_CURVE('',#1081,#1083,#1085,.T.);
#1081 = VERTEX_POINT('',#1082);
#1082 = CARTESIAN_POINT('',(4.160220527411,-1.20545281195,6.1));
#1083 = VERTEX_POINT('',#1084);
#1084 = CARTESIAN_POINT('',(4.160220527411,1.20545281195,6.1));
#1085 = CIRCLE('',#1086,3.15);
#1086 = AXIS2_PLACEMENT_3D('',#1087,#1088,#1089);
#1087 = CARTESIAN_POINT('',(1.25,0.,6.1));
#1088 = DIRECTION('',(0.,-0.,-1.));
#1089 = DIRECTION('',(0.923879532511,-0.382683432365,0.));
#1090 = ORIENTED_EDGE('',*,*,#1091,.F.);
#1091 = EDGE_CURVE('',#852,#1083,#1092,.T.);
#1092 = LINE('',#1093,#1094);
#1093 = CARTESIAN_POINT('',(4.160220527411,1.20545281195,2.));
#1094 = VECTOR('',#1095,1.);
#1095 = DIRECTION('',(0.,0.,1.));
#1096 = ORIENTED_EDGE('',*,*,#851,.F.);
#1097 = ORIENTED_EDGE('',*,*,#1098,.T.);
#1098 = EDGE_CURVE('',#837,#1081,#1099,.T.);
#1099 = LINE('',#1100,#1101);
#1100 = CARTESIAN_POINT('',(4.160220527411,-1.20545281195,2.));
#1101 = VECTOR('',#1102,1.);
#1102 = DIRECTION('',(0.,0.,1.));
#1103 = CYLINDRICAL_SURFACE('',#1104,3.15);
#1104 = AXIS2_PLACEMENT_3D('',#1105,#1106,#1107);
#1105 = CARTESIAN_POINT('',(1.25,0.,2.));
#1106 = DIRECTION('',(0.,0.,1.));
#1107 = DIRECTION('',(0.923879532511,-0.382683432365,0.));
#1108 = ADVANCED_FACE('',(#1109,#1121),#1213,.T.);
#1109 = FACE_BOUND('',#1110,.T.);
#1110 = EDGE_LOOP('',(#1111,#1118,#1119,#1120));
#1111 = ORIENTED_EDGE('',*,*,#1112,.T.);
#1112 = EDGE_CURVE('',#1083,#1081,#1113,.T.);
#1113 = CIRCLE('',#1114,3.15);
#1114 = AXIS2_PLACEMENT_3D('',#1115,#1116,#1117);
#1115 = CARTESIAN_POINT('',(1.25,0.,6.1));
#1116 = DIRECTION('',(0.,0.,-1.));
#1117 = DIRECTION('',(0.923879532511,0.382683432365,0.));
#1118 = ORIENTED_EDGE('',*,*,#1098,.F.);
#1119 = ORIENTED_EDGE('',*,*,#1015,.F.);
#1120 = ORIENTED_EDGE('',*,*,#1091,.T.);
#1121 = FACE_BOUND('',#1122,.T.);
#1122 = EDGE_LOOP('',(#1123,#1133,#1147,#1156,#1170,#1178,#1192,#1201));
#1123 = ORIENTED_EDGE('',*,*,#1124,.T.);
#1124 = EDGE_CURVE('',#1125,#1127,#1129,.T.);
#1125 = VERTEX_POINT('',#1126);
#1126 = CARTESIAN_POINT('',(4.390063693622,-0.25,2.399));
#1127 = VERTEX_POINT('',#1128);
#1128 = CARTESIAN_POINT('',(4.390063693622,-0.25,3.901));
#1129 = LINE('',#1130,#1131);
#1130 = CARTESIAN_POINT('',(4.390063693622,-0.25,2.));
#1131 = VECTOR('',#1132,1.);
#1132 = DIRECTION('',(0.,0.,1.));
#1133 = ORIENTED_EDGE('',*,*,#1134,.F.);
#1134 = EDGE_CURVE('',#1135,#1127,#1137,.T.);
#1135 = VERTEX_POINT('',#1136);
#1136 = CARTESIAN_POINT('',(4.39999984127,-1.E-03,4.15));
#1137 = B_SPLINE_CURVE_WITH_KNOTS('',8,(#1138,#1139,#1140,#1141,#1142,
    #1143,#1144,#1145,#1146),.UNSPECIFIED.,.F.,.F.,(9,9),(0.,1.),
  .PIECEWISE_BEZIER_KNOTS.);
#1138 = CARTESIAN_POINT('',(4.39999984127,-1.000000000001E-03,4.15));
#1139 = CARTESIAN_POINT('',(4.399982832147,-5.457873493797E-02,4.15));
#1140 = CARTESIAN_POINT('',(4.398924962418,-0.105860655764,
    4.136823478699));
#1141 = CARTESIAN_POINT('',(4.396983999654,-0.151858354996,
    4.112452495157));
#1142 = CARTESIAN_POINT('',(4.394628545982,-0.190544274441,
    4.078937530663));
#1143 = CARTESIAN_POINT('',(4.392425632883,-0.220329159971,
    4.038561656652));
#1144 = CARTESIAN_POINT('',(4.390837535903,-0.240281331805,
    3.993723730179));
#1145 = CARTESIAN_POINT('',(4.390063693622,-0.25,3.947017732857));
#1146 = CARTESIAN_POINT('',(4.390063693622,-0.25,3.901));
#1147 = ORIENTED_EDGE('',*,*,#1148,.T.);
#1148 = EDGE_CURVE('',#1135,#1149,#1151,.T.);
#1149 = VERTEX_POINT('',#1150);
#1150 = CARTESIAN_POINT('',(4.39999984127,9.999999999997E-04,4.15));
#1151 = CIRCLE('',#1152,3.15);
#1152 = AXIS2_PLACEMENT_3D('',#1153,#1154,#1155);
#1153 = CARTESIAN_POINT('',(1.25,0.,4.15));
#1154 = DIRECTION('',(0.,-0.,1.));
#1155 = DIRECTION('',(0.923879532511,0.382683432365,0.));
#1156 = ORIENTED_EDGE('',*,*,#1157,.F.);
#1157 = EDGE_CURVE('',#1158,#1149,#1160,.T.);
#1158 = VERTEX_POINT('',#1159);
#1159 = CARTESIAN_POINT('',(4.390063693622,0.25,3.901));
#1160 = B_SPLINE_CURVE_WITH_KNOTS('',8,(#1161,#1162,#1163,#1164,#1165,
    #1166,#1167,#1168,#1169),.UNSPECIFIED.,.F.,.F.,(9,9),(0.,1.),
  .PIECEWISE_BEZIER_KNOTS.);
#1161 = CARTESIAN_POINT('',(4.390063693622,0.25,3.901));
#1162 = CARTESIAN_POINT('',(4.390063693622,0.25,3.94700658647));
#1163 = CARTESIAN_POINT('',(4.390837156831,0.240286057061,3.993714055517
    ));
#1164 = CARTESIAN_POINT('',(4.392425259348,0.220333951949,4.038563137215
    ));
#1165 = CARTESIAN_POINT('',(4.394629002117,0.190540617786,4.078947056242
    ));
#1166 = CARTESIAN_POINT('',(4.39698493313,0.151845982412,4.112464490725)
  );
#1167 = CARTESIAN_POINT('',(4.398925562906,0.105841643592,4.136830953417
    ));
#1168 = CARTESIAN_POINT('',(4.399982836978,5.456351661409E-02,4.15));
#1169 = CARTESIAN_POINT('',(4.39999984127,1.000000000001E-03,4.15));
#1170 = ORIENTED_EDGE('',*,*,#1171,.F.);
#1171 = EDGE_CURVE('',#1172,#1158,#1174,.T.);
#1172 = VERTEX_POINT('',#1173);
#1173 = CARTESIAN_POINT('',(4.390063693622,0.25,2.399));
#1174 = LINE('',#1175,#1176);
#1175 = CARTESIAN_POINT('',(4.390063693622,0.25,2.));
#1176 = VECTOR('',#1177,1.);
#1177 = DIRECTION('',(0.,0.,1.));
#1178 = ORIENTED_EDGE('',*,*,#1179,.T.);
#1179 = EDGE_CURVE('',#1172,#1180,#1182,.T.);
#1180 = VERTEX_POINT('',#1181);
#1181 = CARTESIAN_POINT('',(4.39999984127,9.999999999997E-04,2.15));
#1182 = B_SPLINE_CURVE_WITH_KNOTS('',8,(#1183,#1184,#1185,#1186,#1187,
    #1188,#1189,#1190,#1191),.UNSPECIFIED.,.F.,.F.,(9,9),(0.,1.),
  .PIECEWISE_BEZIER_KNOTS.);
#1183 = CARTESIAN_POINT('',(4.390063693622,0.25,2.399));
#1184 = CARTESIAN_POINT('',(4.390063693622,0.25,2.35299341353));
#1185 = CARTESIAN_POINT('',(4.390837156831,0.240286057061,2.306285944483
    ));
#1186 = CARTESIAN_POINT('',(4.392425259347,0.22033395195,2.261436862787)
  );
#1187 = CARTESIAN_POINT('',(4.394629002117,0.190540617785,2.221052943756
    ));
#1188 = CARTESIAN_POINT('',(4.39698493313,0.151845982412,2.187535509277)
  );
#1189 = CARTESIAN_POINT('',(4.398925562906,0.105841643593,2.163169046583
    ));
#1190 = CARTESIAN_POINT('',(4.399982836978,5.456351661366E-02,2.15));
#1191 = CARTESIAN_POINT('',(4.39999984127,1.000000000001E-03,2.15));
#1192 = ORIENTED_EDGE('',*,*,#1193,.F.);
#1193 = EDGE_CURVE('',#1194,#1180,#1196,.T.);
#1194 = VERTEX_POINT('',#1195);
#1195 = CARTESIAN_POINT('',(4.39999984127,-1.E-03,2.15));
#1196 = CIRCLE('',#1197,3.15);
#1197 = AXIS2_PLACEMENT_3D('',#1198,#1199,#1200);
#1198 = CARTESIAN_POINT('',(1.25,0.,2.15));
#1199 = DIRECTION('',(0.,-0.,1.));
#1200 = DIRECTION('',(0.923879532511,0.382683432365,0.));
#1201 = ORIENTED_EDGE('',*,*,#1202,.T.);
#1202 = EDGE_CURVE('',#1194,#1125,#1203,.T.);
#1203 = B_SPLINE_CURVE_WITH_KNOTS('',8,(#1204,#1205,#1206,#1207,#1208,
    #1209,#1210,#1211,#1212),.UNSPECIFIED.,.F.,.F.,(9,9),(0.,1.),
  .PIECEWISE_BEZIER_KNOTS.);
#1204 = CARTESIAN_POINT('',(4.39999984127,-1.000000000001E-03,2.15));
#1205 = CARTESIAN_POINT('',(4.399982832147,-5.457873493738E-02,2.15));
#1206 = CARTESIAN_POINT('',(4.398924962418,-0.105860655765,
    2.163176521301));
#1207 = CARTESIAN_POINT('',(4.396983999654,-0.151858354994,
    2.187547504842));
#1208 = CARTESIAN_POINT('',(4.394628545982,-0.190544274443,
    2.221062469337));
#1209 = CARTESIAN_POINT('',(4.392425632883,-0.22032915997,2.261438343347
    ));
#1210 = CARTESIAN_POINT('',(4.390837535903,-0.240281331806,
    2.306276269822));
#1211 = CARTESIAN_POINT('',(4.390063693622,-0.25,2.352982267143));
#1212 = CARTESIAN_POINT('',(4.390063693622,-0.25,2.399));
#1213 = CYLINDRICAL_SURFACE('',#1214,3.15);
#1214 = AXIS2_PLACEMENT_3D('',#1215,#1216,#1217);
#1215 = CARTESIAN_POINT('',(1.25,0.,2.));
#1216 = DIRECTION('',(0.,0.,1.));
#1217 = DIRECTION('',(0.923879532511,0.382683432365,-0.));
#1218 = ADVANCED_FACE('',(#1219),#1247,.T.);
#1219 = FACE_BOUND('',#1220,.T.);
#1220 = EDGE_LOOP('',(#1221,#1230,#1239,#1246));
#1221 = ORIENTED_EDGE('',*,*,#1222,.T.);
#1222 = EDGE_CURVE('',#1081,#1223,#1225,.T.);
#1223 = VERTEX_POINT('',#1224);
#1224 = CARTESIAN_POINT('',(3.975444620908,-1.128916125477,6.3));
#1225 = CIRCLE('',#1226,0.2);
#1226 = AXIS2_PLACEMENT_3D('',#1227,#1228,#1229);
#1227 = CARTESIAN_POINT('',(3.975444620908,-1.128916125477,6.1));
#1228 = DIRECTION('',(-0.382683432365,-0.923879532511,0.));
#1229 = DIRECTION('',(0.923879532511,-0.382683432365,0.));
#1230 = ORIENTED_EDGE('',*,*,#1231,.T.);
#1231 = EDGE_CURVE('',#1223,#1232,#1234,.T.);
#1232 = VERTEX_POINT('',#1233);
#1233 = CARTESIAN_POINT('',(3.975444620908,1.128916125477,6.3));
#1234 = CIRCLE('',#1235,2.95);
#1235 = AXIS2_PLACEMENT_3D('',#1236,#1237,#1238);
#1236 = CARTESIAN_POINT('',(1.25,0.,6.3));
#1237 = DIRECTION('',(0.,-0.,-1.));
#1238 = DIRECTION('',(0.923879532511,-0.382683432365,0.));
#1239 = ORIENTED_EDGE('',*,*,#1240,.F.);
#1240 = EDGE_CURVE('',#1083,#1232,#1241,.T.);
#1241 = CIRCLE('',#1242,0.2);
#1242 = AXIS2_PLACEMENT_3D('',#1243,#1244,#1245);
#1243 = CARTESIAN_POINT('',(3.975444620908,1.128916125477,6.1));
#1244 = DIRECTION('',(0.382683432365,-0.923879532511,0.));
#1245 = DIRECTION('',(0.923879532511,0.382683432365,0.));
#1246 = ORIENTED_EDGE('',*,*,#1080,.F.);
#1247 = TOROIDAL_SURFACE('',#1248,2.95,0.2);
#1248 = AXIS2_PLACEMENT_3D('',#1249,#1250,#1251);
#1249 = CARTESIAN_POINT('',(1.25,0.,6.1));
#1250 = DIRECTION('',(0.,0.,1.));
#1251 = DIRECTION('',(0.923879532511,-0.382683432365,0.));
#1252 = ADVANCED_FACE('',(#1253),#1265,.T.);
#1253 = FACE_BOUND('',#1254,.T.);
#1254 = EDGE_LOOP('',(#1255,#1256,#1263,#1264));
#1255 = ORIENTED_EDGE('',*,*,#1240,.T.);
#1256 = ORIENTED_EDGE('',*,*,#1257,.T.);
#1257 = EDGE_CURVE('',#1232,#1223,#1258,.T.);
#1258 = CIRCLE('',#1259,2.95);
#1259 = AXIS2_PLACEMENT_3D('',#1260,#1261,#1262);
#1260 = CARTESIAN_POINT('',(1.25,0.,6.3));
#1261 = DIRECTION('',(0.,0.,-1.));
#1262 = DIRECTION('',(0.923879532511,0.382683432365,0.));
#1263 = ORIENTED_EDGE('',*,*,#1222,.F.);
#1264 = ORIENTED_EDGE('',*,*,#1112,.F.);
#1265 = TOROIDAL_SURFACE('',#1266,2.95,0.2);
#1266 = AXIS2_PLACEMENT_3D('',#1267,#1268,#1269);
#1267 = CARTESIAN_POINT('',(1.25,0.,6.1));
#1268 = DIRECTION('',(0.,0.,1.));
#1269 = DIRECTION('',(0.923879532511,0.382683432365,-0.));
#1270 = ADVANCED_FACE('',(#1271),#1281,.T.);
#1271 = FACE_BOUND('',#1272,.T.);
#1272 = EDGE_LOOP('',(#1273,#1274,#1275,#1276,#1277,#1278,#1279,#1280));
#1273 = ORIENTED_EDGE('',*,*,#1157,.T.);
#1274 = ORIENTED_EDGE('',*,*,#1148,.F.);
#1275 = ORIENTED_EDGE('',*,*,#1134,.T.);
#1276 = ORIENTED_EDGE('',*,*,#1124,.F.);
#1277 = ORIENTED_EDGE('',*,*,#1202,.F.);
#1278 = ORIENTED_EDGE('',*,*,#1193,.T.);
#1279 = ORIENTED_EDGE('',*,*,#1179,.F.);
#1280 = ORIENTED_EDGE('',*,*,#1171,.T.);
#1281 = CYLINDRICAL_SURFACE('',#1282,3.15);
#1282 = AXIS2_PLACEMENT_3D('',#1283,#1284,#1285);
#1283 = CARTESIAN_POINT('',(1.25,0.,2.));
#1284 = DIRECTION('',(0.,0.,1.));
#1285 = DIRECTION('',(0.923879532511,0.382683432365,-0.));
#1286 = ADVANCED_FACE('',(#1287),#1313,.F.);
#1287 = FACE_BOUND('',#1288,.F.);
#1288 = EDGE_LOOP('',(#1289,#1290,#1298,#1307));
#1289 = ORIENTED_EDGE('',*,*,#1231,.T.);
#1290 = ORIENTED_EDGE('',*,*,#1291,.T.);
#1291 = EDGE_CURVE('',#1232,#1292,#1294,.T.);
#1292 = VERTEX_POINT('',#1293);
#1293 = CARTESIAN_POINT('',(3.287154369187,0.843816968365,6.3));
#1294 = LINE('',#1295,#1296);
#1295 = CARTESIAN_POINT('',(3.975444620908,1.128916125477,6.3));
#1296 = VECTOR('',#1297,1.);
#1297 = DIRECTION('',(-0.923879532511,-0.382683432365,0.));
#1298 = ORIENTED_EDGE('',*,*,#1299,.F.);
#1299 = EDGE_CURVE('',#1300,#1292,#1302,.T.);
#1300 = VERTEX_POINT('',#1301);
#1301 = CARTESIAN_POINT('',(3.287154369187,-0.843816968365,6.3));
#1302 = CIRCLE('',#1303,2.205);
#1303 = AXIS2_PLACEMENT_3D('',#1304,#1305,#1306);
#1304 = CARTESIAN_POINT('',(1.25,0.,6.3));
#1305 = DIRECTION('',(0.,-0.,-1.));
#1306 = DIRECTION('',(0.923879532511,-0.382683432365,0.));
#1307 = ORIENTED_EDGE('',*,*,#1308,.F.);
#1308 = EDGE_CURVE('',#1223,#1300,#1309,.T.);
#1309 = LINE('',#1310,#1311);
#1310 = CARTESIAN_POINT('',(3.975444620908,-1.128916125477,6.3));
#1311 = VECTOR('',#1312,1.);
#1312 = DIRECTION('',(-0.923879532511,0.382683432365,0.));
#1313 = PLANE('',#1314);
#1314 = AXIS2_PLACEMENT_3D('',#1315,#1316,#1317);
#1315 = CARTESIAN_POINT('',(1.25,0.,6.3));
#1316 = DIRECTION('',(0.,0.,-1.));
#1317 = DIRECTION('',(0.923879532511,-0.382683432365,0.));
#1318 = ADVANCED_FACE('',(#1319),#1331,.F.);
#1319 = FACE_BOUND('',#1320,.F.);
#1320 = EDGE_LOOP('',(#1321,#1322,#1323,#1330));
#1321 = ORIENTED_EDGE('',*,*,#1257,.T.);
#1322 = ORIENTED_EDGE('',*,*,#1308,.T.);
#1323 = ORIENTED_EDGE('',*,*,#1324,.F.);
#1324 = EDGE_CURVE('',#1292,#1300,#1325,.T.);
#1325 = CIRCLE('',#1326,2.205);
#1326 = AXIS2_PLACEMENT_3D('',#1327,#1328,#1329);
#1327 = CARTESIAN_POINT('',(1.25,0.,6.3));
#1328 = DIRECTION('',(0.,0.,-1.));
#1329 = DIRECTION('',(0.923879532511,0.382683432365,0.));
#1330 = ORIENTED_EDGE('',*,*,#1291,.F.);
#1331 = PLANE('',#1332);
#1332 = AXIS2_PLACEMENT_3D('',#1333,#1334,#1335);
#1333 = CARTESIAN_POINT('',(1.25,0.,6.3));
#1334 = DIRECTION('',(0.,0.,-1.));
#1335 = DIRECTION('',(0.923879532511,0.382683432365,0.));
#1336 = ADVANCED_FACE('',(#1337),#1474,.F.);
#1337 = FACE_BOUND('',#1338,.F.);
#1338 = EDGE_LOOP('',(#1339,#1347,#1348,#1356,#1365,#1373,#1382,#1390,
    #1399,#1407,#1416,#1425,#1433,#1442,#1450,#1459,#1467));
#1339 = ORIENTED_EDGE('',*,*,#1340,.F.);
#1340 = EDGE_CURVE('',#1300,#1341,#1343,.T.);
#1341 = VERTEX_POINT('',#1342);
#1342 = CARTESIAN_POINT('',(3.287154369187,-0.843816968365,6.2));
#1343 = LINE('',#1344,#1345);
#1344 = CARTESIAN_POINT('',(3.287154369187,-0.843816968365,6.3));
#1345 = VECTOR('',#1346,1.);
#1346 = DIRECTION('',(0.,0.,-1.));
#1347 = ORIENTED_EDGE('',*,*,#1299,.T.);
#1348 = ORIENTED_EDGE('',*,*,#1349,.T.);
#1349 = EDGE_CURVE('',#1292,#1350,#1352,.T.);
#1350 = VERTEX_POINT('',#1351);
#1351 = CARTESIAN_POINT('',(3.287154369187,0.843816968365,6.2));
#1352 = LINE('',#1353,#1354);
#1353 = CARTESIAN_POINT('',(3.287154369187,0.843816968365,6.3));
#1354 = VECTOR('',#1355,1.);
#1355 = DIRECTION('',(0.,0.,-1.));
#1356 = ORIENTED_EDGE('',*,*,#1357,.T.);
#1357 = EDGE_CURVE('',#1350,#1358,#1360,.T.);
#1358 = VERTEX_POINT('',#1359);
#1359 = CARTESIAN_POINT('',(1.3,2.204433033685,6.2));
#1360 = CIRCLE('',#1361,2.205);
#1361 = AXIS2_PLACEMENT_3D('',#1362,#1363,#1364);
#1362 = CARTESIAN_POINT('',(1.25,0.,6.2));
#1363 = DIRECTION('',(0.,0.,1.));
#1364 = DIRECTION('',(-1.,1.224646799147E-16,0.));
#1365 = ORIENTED_EDGE('',*,*,#1366,.T.);
#1366 = EDGE_CURVE('',#1358,#1367,#1369,.T.);
#1367 = VERTEX_POINT('',#1368);
#1368 = CARTESIAN_POINT('',(1.3,2.204433033685,6.1));
#1369 = LINE('',#1370,#1371);
#1370 = CARTESIAN_POINT('',(1.3,2.204433033685,6.));
#1371 = VECTOR('',#1372,1.);
#1372 = DIRECTION('',(0.,0.,-1.));
#1373 = ORIENTED_EDGE('',*,*,#1374,.F.);
#1374 = EDGE_CURVE('',#1375,#1367,#1377,.T.);
#1375 = VERTEX_POINT('',#1376);
#1376 = CARTESIAN_POINT('',(1.2,2.204433033685,6.1));
#1377 = CIRCLE('',#1378,2.205);
#1378 = AXIS2_PLACEMENT_3D('',#1379,#1380,#1381);
#1379 = CARTESIAN_POINT('',(1.25,0.,6.1));
#1380 = DIRECTION('',(0.,0.,-1.));
#1381 = DIRECTION('',(-1.,1.224646799147E-16,0.));
#1382 = ORIENTED_EDGE('',*,*,#1383,.F.);
#1383 = EDGE_CURVE('',#1384,#1375,#1386,.T.);
#1384 = VERTEX_POINT('',#1385);
#1385 = CARTESIAN_POINT('',(1.2,2.204433033685,6.2));
#1386 = LINE('',#1387,#1388);
#1387 = CARTESIAN_POINT('',(1.2,2.204433033685,6.));
#1388 = VECTOR('',#1389,1.);
#1389 = DIRECTION('',(0.,0.,-1.));
#1390 = ORIENTED_EDGE('',*,*,#1391,.T.);
#1391 = EDGE_CURVE('',#1384,#1392,#1394,.T.);
#1392 = VERTEX_POINT('',#1393);
#1393 = CARTESIAN_POINT('',(-0.954433033685,5.000000000003E-02,6.2));
#1394 = CIRCLE('',#1395,2.205);
#1395 = AXIS2_PLACEMENT_3D('',#1396,#1397,#1398);
#1396 = CARTESIAN_POINT('',(1.25,0.,6.2));
#1397 = DIRECTION('',(0.,0.,1.));
#1398 = DIRECTION('',(-1.,1.224646799147E-16,0.));
#1399 = ORIENTED_EDGE('',*,*,#1400,.T.);
#1400 = EDGE_CURVE('',#1392,#1401,#1403,.T.);
#1401 = VERTEX_POINT('',#1402);
#1402 = CARTESIAN_POINT('',(-0.954433033685,5.E-02,6.1));
#1403 = LINE('',#1404,#1405);
#1404 = CARTESIAN_POINT('',(-0.954433033685,5.E-02,6.));
#1405 = VECTOR('',#1406,1.);
#1406 = DIRECTION('',(0.,0.,-1.));
#1407 = ORIENTED_EDGE('',*,*,#1408,.F.);
#1408 = EDGE_CURVE('',#1409,#1401,#1411,.T.);
#1409 = VERTEX_POINT('',#1410);
#1410 = CARTESIAN_POINT('',(-0.955,2.70034619212E-16,6.1));
#1411 = CIRCLE('',#1412,2.205);
#1412 = AXIS2_PLACEMENT_3D('',#1413,#1414,#1415);
#1413 = CARTESIAN_POINT('',(1.25,0.,6.1));
#1414 = DIRECTION('',(0.,0.,-1.));
#1415 = DIRECTION('',(-1.,1.224646799147E-16,0.));
#1416 = ORIENTED_EDGE('',*,*,#1417,.F.);
#1417 = EDGE_CURVE('',#1418,#1409,#1420,.T.);
#1418 = VERTEX_POINT('',#1419);
#1419 = CARTESIAN_POINT('',(-0.954433033685,-5.E-02,6.1));
#1420 = CIRCLE('',#1421,2.205);
#1421 = AXIS2_PLACEMENT_3D('',#1422,#1423,#1424);
#1422 = CARTESIAN_POINT('',(1.25,0.,6.1));
#1423 = DIRECTION('',(0.,0.,-1.));
#1424 = DIRECTION('',(-1.,1.224646799147E-16,0.));
#1425 = ORIENTED_EDGE('',*,*,#1426,.F.);
#1426 = EDGE_CURVE('',#1427,#1418,#1429,.T.);
#1427 = VERTEX_POINT('',#1428);
#1428 = CARTESIAN_POINT('',(-0.954433033685,-5.000000000003E-02,6.2));
#1429 = LINE('',#1430,#1431);
#1430 = CARTESIAN_POINT('',(-0.954433033685,-5.E-02,6.));
#1431 = VECTOR('',#1432,1.);
#1432 = DIRECTION('',(0.,0.,-1.));
#1433 = ORIENTED_EDGE('',*,*,#1434,.T.);
#1434 = EDGE_CURVE('',#1427,#1435,#1437,.T.);
#1435 = VERTEX_POINT('',#1436);
#1436 = CARTESIAN_POINT('',(1.2,-2.204433033685,6.2));
#1437 = CIRCLE('',#1438,2.205);
#1438 = AXIS2_PLACEMENT_3D('',#1439,#1440,#1441);
#1439 = CARTESIAN_POINT('',(1.25,0.,6.2));
#1440 = DIRECTION('',(0.,0.,1.));
#1441 = DIRECTION('',(-1.,1.224646799147E-16,0.));
#1442 = ORIENTED_EDGE('',*,*,#1443,.T.);
#1443 = EDGE_CURVE('',#1435,#1444,#1446,.T.);
#1444 = VERTEX_POINT('',#1445);
#1445 = CARTESIAN_POINT('',(1.2,-2.204433033685,6.1));
#1446 = LINE('',#1447,#1448);
#1447 = CARTESIAN_POINT('',(1.2,-2.204433033685,6.));
#1448 = VECTOR('',#1449,1.);
#1449 = DIRECTION('',(0.,0.,-1.));
#1450 = ORIENTED_EDGE('',*,*,#1451,.F.);
#1451 = EDGE_CURVE('',#1452,#1444,#1454,.T.);
#1452 = VERTEX_POINT('',#1453);
#1453 = CARTESIAN_POINT('',(1.3,-2.204433033685,6.1));
#1454 = CIRCLE('',#1455,2.205);
#1455 = AXIS2_PLACEMENT_3D('',#1456,#1457,#1458);
#1456 = CARTESIAN_POINT('',(1.25,0.,6.1));
#1457 = DIRECTION('',(0.,0.,-1.));
#1458 = DIRECTION('',(-1.,1.224646799147E-16,0.));
#1459 = ORIENTED_EDGE('',*,*,#1460,.F.);
#1460 = EDGE_CURVE('',#1461,#1452,#1463,.T.);
#1461 = VERTEX_POINT('',#1462);
#1462 = CARTESIAN_POINT('',(1.3,-2.204433033685,6.2));
#1463 = LINE('',#1464,#1465);
#1464 = CARTESIAN_POINT('',(1.3,-2.204433033685,6.));
#1465 = VECTOR('',#1466,1.);
#1466 = DIRECTION('',(0.,0.,-1.));
#1467 = ORIENTED_EDGE('',*,*,#1468,.T.);
#1468 = EDGE_CURVE('',#1461,#1341,#1469,.T.);
#1469 = CIRCLE('',#1470,2.205);
#1470 = AXIS2_PLACEMENT_3D('',#1471,#1472,#1473);
#1471 = CARTESIAN_POINT('',(1.25,0.,6.2));
#1472 = DIRECTION('',(0.,0.,1.));
#1473 = DIRECTION('',(-1.,1.224646799147E-16,0.));
#1474 = CYLINDRICAL_SURFACE('',#1475,2.205);
#1475 = AXIS2_PLACEMENT_3D('',#1476,#1477,#1478);
#1476 = CARTESIAN_POINT('',(1.25,0.,6.3));
#1477 = DIRECTION('',(0.,0.,-1.));
#1478 = DIRECTION('',(0.923879532511,-0.382683432365,0.));
#1479 = ADVANCED_FACE('',(#1480),#1526,.F.);
#1480 = FACE_BOUND('',#1481,.F.);
#1481 = EDGE_LOOP('',(#1482,#1483,#1484,#1485,#1494,#1502,#1511,#1519));
#1482 = ORIENTED_EDGE('',*,*,#1349,.F.);
#1483 = ORIENTED_EDGE('',*,*,#1324,.T.);
#1484 = ORIENTED_EDGE('',*,*,#1340,.T.);
#1485 = ORIENTED_EDGE('',*,*,#1486,.T.);
#1486 = EDGE_CURVE('',#1341,#1487,#1489,.T.);
#1487 = VERTEX_POINT('',#1488);
#1488 = CARTESIAN_POINT('',(3.454433033685,-5.000000000005E-02,6.2));
#1489 = CIRCLE('',#1490,2.205);
#1490 = AXIS2_PLACEMENT_3D('',#1491,#1492,#1493);
#1491 = CARTESIAN_POINT('',(1.25,0.,6.2));
#1492 = DIRECTION('',(0.,0.,1.));
#1493 = DIRECTION('',(-1.,1.224646799147E-16,0.));
#1494 = ORIENTED_EDGE('',*,*,#1495,.T.);
#1495 = EDGE_CURVE('',#1487,#1496,#1498,.T.);
#1496 = VERTEX_POINT('',#1497);
#1497 = CARTESIAN_POINT('',(3.454433033685,-5.E-02,6.1));
#1498 = LINE('',#1499,#1500);
#1499 = CARTESIAN_POINT('',(3.454433033685,-5.E-02,6.));
#1500 = VECTOR('',#1501,1.);
#1501 = DIRECTION('',(0.,0.,-1.));
#1502 = ORIENTED_EDGE('',*,*,#1503,.F.);
#1503 = EDGE_CURVE('',#1504,#1496,#1506,.T.);
#1504 = VERTEX_POINT('',#1505);
#1505 = CARTESIAN_POINT('',(3.454433033685,5.E-02,6.1));
#1506 = CIRCLE('',#1507,2.205);
#1507 = AXIS2_PLACEMENT_3D('',#1508,#1509,#1510);
#1508 = CARTESIAN_POINT('',(1.25,0.,6.1));
#1509 = DIRECTION('',(0.,0.,-1.));
#1510 = DIRECTION('',(-1.,1.224646799147E-16,0.));
#1511 = ORIENTED_EDGE('',*,*,#1512,.F.);
#1512 = EDGE_CURVE('',#1513,#1504,#1515,.T.);
#1513 = VERTEX_POINT('',#1514);
#1514 = CARTESIAN_POINT('',(3.454433033685,5.000000000005E-02,6.2));
#1515 = LINE('',#1516,#1517);
#1516 = CARTESIAN_POINT('',(3.454433033685,5.E-02,6.));
#1517 = VECTOR('',#1518,1.);
#1518 = DIRECTION('',(0.,0.,-1.));
#1519 = ORIENTED_EDGE('',*,*,#1520,.T.);
#1520 = EDGE_CURVE('',#1513,#1350,#1521,.T.);
#1521 = CIRCLE('',#1522,2.205);
#1522 = AXIS2_PLACEMENT_3D('',#1523,#1524,#1525);
#1523 = CARTESIAN_POINT('',(1.25,0.,6.2));
#1524 = DIRECTION('',(0.,0.,1.));
#1525 = DIRECTION('',(-1.,1.224646799147E-16,0.));
#1526 = CYLINDRICAL_SURFACE('',#1527,2.205);
#1527 = AXIS2_PLACEMENT_3D('',#1528,#1529,#1530);
#1528 = CARTESIAN_POINT('',(1.25,0.,6.3));
#1529 = DIRECTION('',(0.,0.,-1.));
#1530 = DIRECTION('',(0.923879532511,0.382683432365,0.));
#1531 = ADVANCED_FACE('',(#1532),#1550,.T.);
#1532 = FACE_BOUND('',#1533,.T.);
#1533 = EDGE_LOOP('',(#1534,#1542,#1543,#1544));
#1534 = ORIENTED_EDGE('',*,*,#1535,.F.);
#1535 = EDGE_CURVE('',#1461,#1536,#1538,.T.);
#1536 = VERTEX_POINT('',#1537);
#1537 = CARTESIAN_POINT('',(1.3,-5.E-02,6.2));
#1538 = LINE('',#1539,#1540);
#1539 = CARTESIAN_POINT('',(1.3,-6.35,6.2));
#1540 = VECTOR('',#1541,1.);
#1541 = DIRECTION('',(1.224646799147E-16,1.,0.));
#1542 = ORIENTED_EDGE('',*,*,#1468,.T.);
#1543 = ORIENTED_EDGE('',*,*,#1486,.T.);
#1544 = ORIENTED_EDGE('',*,*,#1545,.F.);
#1545 = EDGE_CURVE('',#1536,#1487,#1546,.T.);
#1546 = LINE('',#1547,#1548);
#1547 = CARTESIAN_POINT('',(1.3,-5.E-02,6.2));
#1548 = VECTOR('',#1549,1.);
#1549 = DIRECTION('',(1.,-1.224646799147E-16,0.));
#1550 = PLANE('',#1551);
#1551 = AXIS2_PLACEMENT_3D('',#1552,#1553,#1554);
#1552 = CARTESIAN_POINT('',(1.25,-1.425463059326E-16,6.2));
#1553 = DIRECTION('',(1.203998759507E-48,-1.2517178869E-32,1.));
#1554 = DIRECTION('',(-1.224646799147E-16,-1.,-1.2517178869E-32));
#1555 = ADVANCED_FACE('',(#1556),#1574,.F.);
#1556 = FACE_BOUND('',#1557,.F.);
#1557 = EDGE_LOOP('',(#1558,#1559,#1560,#1568));
#1558 = ORIENTED_EDGE('',*,*,#1535,.F.);
#1559 = ORIENTED_EDGE('',*,*,#1460,.T.);
#1560 = ORIENTED_EDGE('',*,*,#1561,.T.);
#1561 = EDGE_CURVE('',#1452,#1562,#1564,.T.);
#1562 = VERTEX_POINT('',#1563);
#1563 = CARTESIAN_POINT('',(1.3,-5.E-02,6.1));
#1564 = LINE('',#1565,#1566);
#1565 = CARTESIAN_POINT('',(1.3,-6.35,6.1));
#1566 = VECTOR('',#1567,1.);
#1567 = DIRECTION('',(1.224646799147E-16,1.,0.));
#1568 = ORIENTED_EDGE('',*,*,#1569,.F.);
#1569 = EDGE_CURVE('',#1536,#1562,#1570,.T.);
#1570 = LINE('',#1571,#1572);
#1571 = CARTESIAN_POINT('',(1.3,-5.E-02,6.2));
#1572 = VECTOR('',#1573,1.);
#1573 = DIRECTION('',(-1.203998759507E-48,1.2517178869E-32,-1.));
#1574 = PLANE('',#1575);
#1575 = AXIS2_PLACEMENT_3D('',#1576,#1577,#1578);
#1576 = CARTESIAN_POINT('',(1.3,-6.35,6.2));
#1577 = DIRECTION('',(1.,-1.224646799147E-16,-2.736911063134E-48));
#1578 = DIRECTION('',(1.224646799147E-16,1.,0.));
#1579 = ADVANCED_FACE('',(#1580),#1598,.T.);
#1580 = FACE_BOUND('',#1581,.T.);
#1581 = EDGE_LOOP('',(#1582,#1583,#1584,#1592));
#1582 = ORIENTED_EDGE('',*,*,#1520,.T.);
#1583 = ORIENTED_EDGE('',*,*,#1357,.T.);
#1584 = ORIENTED_EDGE('',*,*,#1585,.F.);
#1585 = EDGE_CURVE('',#1586,#1358,#1588,.T.);
#1586 = VERTEX_POINT('',#1587);
#1587 = CARTESIAN_POINT('',(1.3,5.E-02,6.2));
#1588 = LINE('',#1589,#1590);
#1589 = CARTESIAN_POINT('',(1.3,5.E-02,6.2));
#1590 = VECTOR('',#1591,1.);
#1591 = DIRECTION('',(1.224646799147E-16,1.,0.));
#1592 = ORIENTED_EDGE('',*,*,#1593,.F.);
#1593 = EDGE_CURVE('',#1513,#1586,#1594,.T.);
#1594 = LINE('',#1595,#1596);
#1595 = CARTESIAN_POINT('',(7.6,5.E-02,6.2));
#1596 = VECTOR('',#1597,1.);
#1597 = DIRECTION('',(-1.,1.224646799147E-16,0.));
#1598 = PLANE('',#1599);
#1599 = AXIS2_PLACEMENT_3D('',#1600,#1601,#1602);
#1600 = CARTESIAN_POINT('',(1.25,-1.425463059326E-16,6.2));
#1601 = DIRECTION('',(1.203998759507E-48,-1.2517178869E-32,1.));
#1602 = DIRECTION('',(-1.224646799147E-16,-1.,-1.2517178869E-32));
#1603 = ADVANCED_FACE('',(#1604),#1660,.T.);
#1604 = FACE_BOUND('',#1605,.T.);
#1605 = EDGE_LOOP('',(#1606,#1614,#1620,#1621,#1622,#1628,#1629,#1637,
    #1643,#1644,#1652,#1658,#1659));
#1606 = ORIENTED_EDGE('',*,*,#1607,.T.);
#1607 = EDGE_CURVE('',#1418,#1608,#1610,.T.);
#1608 = VERTEX_POINT('',#1609);
#1609 = CARTESIAN_POINT('',(1.2,-5.E-02,6.1));
#1610 = LINE('',#1611,#1612);
#1611 = CARTESIAN_POINT('',(-5.1,-5.E-02,6.1));
#1612 = VECTOR('',#1613,1.);
#1613 = DIRECTION('',(1.,-1.059435039531E-16,0.));
#1614 = ORIENTED_EDGE('',*,*,#1615,.T.);
#1615 = EDGE_CURVE('',#1608,#1444,#1616,.T.);
#1616 = LINE('',#1617,#1618);
#1617 = CARTESIAN_POINT('',(1.2,-5.E-02,6.1));
#1618 = VECTOR('',#1619,1.);
#1619 = DIRECTION('',(-1.224646799147E-16,-1.,0.));
#1620 = ORIENTED_EDGE('',*,*,#1451,.F.);
#1621 = ORIENTED_EDGE('',*,*,#1561,.T.);
#1622 = ORIENTED_EDGE('',*,*,#1623,.T.);
#1623 = EDGE_CURVE('',#1562,#1496,#1624,.T.);
#1624 = LINE('',#1625,#1626);
#1625 = CARTESIAN_POINT('',(1.3,-5.E-02,6.1));
#1626 = VECTOR('',#1627,1.);
#1627 = DIRECTION('',(1.,-1.224646799147E-16,0.));
#1628 = ORIENTED_EDGE('',*,*,#1503,.F.);
#1629 = ORIENTED_EDGE('',*,*,#1630,.T.);
#1630 = EDGE_CURVE('',#1504,#1631,#1633,.T.);
#1631 = VERTEX_POINT('',#1632);
#1632 = CARTESIAN_POINT('',(1.3,5.E-02,6.1));
#1633 = LINE('',#1634,#1635);
#1634 = CARTESIAN_POINT('',(7.6,5.E-02,6.1));
#1635 = VECTOR('',#1636,1.);
#1636 = DIRECTION('',(-1.,1.224646799147E-16,0.));
#1637 = ORIENTED_EDGE('',*,*,#1638,.T.);
#1638 = EDGE_CURVE('',#1631,#1367,#1639,.T.);
#1639 = LINE('',#1640,#1641);
#1640 = CARTESIAN_POINT('',(1.3,5.E-02,6.1));
#1641 = VECTOR('',#1642,1.);
#1642 = DIRECTION('',(1.224646799147E-16,1.,0.));
#1643 = ORIENTED_EDGE('',*,*,#1374,.F.);
#1644 = ORIENTED_EDGE('',*,*,#1645,.T.);
#1645 = EDGE_CURVE('',#1375,#1646,#1648,.T.);
#1646 = VERTEX_POINT('',#1647);
#1647 = CARTESIAN_POINT('',(1.2,5.E-02,6.1));
#1648 = LINE('',#1649,#1650);
#1649 = CARTESIAN_POINT('',(1.2,6.35,6.1));
#1650 = VECTOR('',#1651,1.);
#1651 = DIRECTION('',(-1.224646799147E-16,-1.,0.));
#1652 = ORIENTED_EDGE('',*,*,#1653,.T.);
#1653 = EDGE_CURVE('',#1646,#1401,#1654,.T.);
#1654 = LINE('',#1655,#1656);
#1655 = CARTESIAN_POINT('',(1.2,5.E-02,6.1));
#1656 = VECTOR('',#1657,1.);
#1657 = DIRECTION('',(-1.,1.224646799147E-16,0.));
#1658 = ORIENTED_EDGE('',*,*,#1408,.F.);
#1659 = ORIENTED_EDGE('',*,*,#1417,.F.);
#1660 = PLANE('',#1661);
#1661 = AXIS2_PLACEMENT_3D('',#1662,#1663,#1664);
#1662 = CARTESIAN_POINT('',(1.25,-2.622574073918E-17,6.1));
#1663 = DIRECTION('',(3.196558030834E-32,8.145581993865E-32,1.));
#1664 = DIRECTION('',(-1.224646799147E-16,-1.,8.145581993865E-32));
#1665 = ADVANCED_FACE('',(#1666),#1677,.F.);
#1666 = FACE_BOUND('',#1667,.F.);
#1667 = EDGE_LOOP('',(#1668,#1669,#1675,#1676));
#1668 = ORIENTED_EDGE('',*,*,#1585,.F.);
#1669 = ORIENTED_EDGE('',*,*,#1670,.T.);
#1670 = EDGE_CURVE('',#1586,#1631,#1671,.T.);
#1671 = LINE('',#1672,#1673);
#1672 = CARTESIAN_POINT('',(1.3,5.E-02,6.2));
#1673 = VECTOR('',#1674,1.);
#1674 = DIRECTION('',(-1.203998759507E-48,1.2517178869E-32,-1.));
#1675 = ORIENTED_EDGE('',*,*,#1638,.T.);
#1676 = ORIENTED_EDGE('',*,*,#1366,.F.);
#1677 = PLANE('',#1678);
#1678 = AXIS2_PLACEMENT_3D('',#1679,#1680,#1681);
#1679 = CARTESIAN_POINT('',(1.3,5.E-02,6.2));
#1680 = DIRECTION('',(1.,-1.224646799147E-16,-2.736911063134E-48));
#1681 = DIRECTION('',(1.224646799147E-16,1.,0.));
#1682 = ADVANCED_FACE('',(#1683),#1701,.F.);
#1683 = FACE_BOUND('',#1684,.F.);
#1684 = EDGE_LOOP('',(#1685,#1693,#1699,#1700));
#1685 = ORIENTED_EDGE('',*,*,#1686,.F.);
#1686 = EDGE_CURVE('',#1687,#1435,#1689,.T.);
#1687 = VERTEX_POINT('',#1688);
#1688 = CARTESIAN_POINT('',(1.2,-5.E-02,6.2));
#1689 = LINE('',#1690,#1691);
#1690 = CARTESIAN_POINT('',(1.2,-5.E-02,6.2));
#1691 = VECTOR('',#1692,1.);
#1692 = DIRECTION('',(-1.224646799147E-16,-1.,0.));
#1693 = ORIENTED_EDGE('',*,*,#1694,.T.);
#1694 = EDGE_CURVE('',#1687,#1608,#1695,.T.);
#1695 = LINE('',#1696,#1697);
#1696 = CARTESIAN_POINT('',(1.2,-5.E-02,6.2));
#1697 = VECTOR('',#1698,1.);
#1698 = DIRECTION('',(-1.203998759507E-48,1.2517178869E-32,-1.));
#1699 = ORIENTED_EDGE('',*,*,#1615,.T.);
#1700 = ORIENTED_EDGE('',*,*,#1443,.F.);
#1701 = PLANE('',#1702);
#1702 = AXIS2_PLACEMENT_3D('',#1703,#1704,#1705);
#1703 = CARTESIAN_POINT('',(1.2,-5.E-02,6.2));
#1704 = DIRECTION('',(-1.,1.224646799147E-16,2.736911063134E-48));
#1705 = DIRECTION('',(-1.224646799147E-16,-1.,0.));
#1706 = ADVANCED_FACE('',(#1707),#1717,.T.);
#1707 = FACE_BOUND('',#1708,.T.);
#1708 = EDGE_LOOP('',(#1709,#1715,#1716));
#1709 = ORIENTED_EDGE('',*,*,#1710,.F.);
#1710 = EDGE_CURVE('',#1427,#1687,#1711,.T.);
#1711 = LINE('',#1712,#1713);
#1712 = CARTESIAN_POINT('',(-5.1,-5.E-02,6.2));
#1713 = VECTOR('',#1714,1.);
#1714 = DIRECTION('',(1.,-1.059435039531E-16,0.));
#1715 = ORIENTED_EDGE('',*,*,#1434,.T.);
#1716 = ORIENTED_EDGE('',*,*,#1686,.F.);
#1717 = PLANE('',#1718);
#1718 = AXIS2_PLACEMENT_3D('',#1719,#1720,#1721);
#1719 = CARTESIAN_POINT('',(1.25,-1.425463059326E-16,6.2));
#1720 = DIRECTION('',(1.203998759507E-48,-1.2517178869E-32,1.));
#1721 = DIRECTION('',(-1.224646799147E-16,-1.,-1.2517178869E-32));
#1722 = ADVANCED_FACE('',(#1723),#1741,.F.);
#1723 = FACE_BOUND('',#1724,.F.);
#1724 = EDGE_LOOP('',(#1725,#1733,#1734,#1735));
#1725 = ORIENTED_EDGE('',*,*,#1726,.F.);
#1726 = EDGE_CURVE('',#1384,#1727,#1729,.T.);
#1727 = VERTEX_POINT('',#1728);
#1728 = CARTESIAN_POINT('',(1.2,5.E-02,6.2));
#1729 = LINE('',#1730,#1731);
#1730 = CARTESIAN_POINT('',(1.2,6.35,6.2));
#1731 = VECTOR('',#1732,1.);
#1732 = DIRECTION('',(-1.224646799147E-16,-1.,0.));
#1733 = ORIENTED_EDGE('',*,*,#1383,.T.);
#1734 = ORIENTED_EDGE('',*,*,#1645,.T.);
#1735 = ORIENTED_EDGE('',*,*,#1736,.F.);
#1736 = EDGE_CURVE('',#1727,#1646,#1737,.T.);
#1737 = LINE('',#1738,#1739);
#1738 = CARTESIAN_POINT('',(1.2,5.E-02,6.2));
#1739 = VECTOR('',#1740,1.);
#1740 = DIRECTION('',(-1.203998759507E-48,1.2517178869E-32,-1.));
#1741 = PLANE('',#1742);
#1742 = AXIS2_PLACEMENT_3D('',#1743,#1744,#1745);
#1743 = CARTESIAN_POINT('',(1.2,6.35,6.2));
#1744 = DIRECTION('',(-1.,1.224646799147E-16,2.736911063134E-48));
#1745 = DIRECTION('',(-1.224646799147E-16,-1.,0.));
#1746 = ADVANCED_FACE('',(#1747),#1753,.F.);
#1747 = FACE_BOUND('',#1748,.F.);
#1748 = EDGE_LOOP('',(#1749,#1750,#1751,#1752));
#1749 = ORIENTED_EDGE('',*,*,#1710,.F.);
#1750 = ORIENTED_EDGE('',*,*,#1426,.T.);
#1751 = ORIENTED_EDGE('',*,*,#1607,.T.);
#1752 = ORIENTED_EDGE('',*,*,#1694,.F.);
#1753 = PLANE('',#1754);
#1754 = AXIS2_PLACEMENT_3D('',#1755,#1756,#1757);
#1755 = CARTESIAN_POINT('',(-5.1,-5.E-02,6.2));
#1756 = DIRECTION('',(-1.059435039531E-16,-1.,-1.2517178869E-32));
#1757 = DIRECTION('',(1.,-1.059435039531E-16,0.));
#1758 = ADVANCED_FACE('',(#1759),#1769,.T.);
#1759 = FACE_BOUND('',#1760,.T.);
#1760 = EDGE_LOOP('',(#1761,#1762,#1768));
#1761 = ORIENTED_EDGE('',*,*,#1391,.T.);
#1762 = ORIENTED_EDGE('',*,*,#1763,.F.);
#1763 = EDGE_CURVE('',#1727,#1392,#1764,.T.);
#1764 = LINE('',#1765,#1766);
#1765 = CARTESIAN_POINT('',(1.2,5.E-02,6.2));
#1766 = VECTOR('',#1767,1.);
#1767 = DIRECTION('',(-1.,1.224646799147E-16,0.));
#1768 = ORIENTED_EDGE('',*,*,#1726,.F.);
#1769 = PLANE('',#1770);
#1770 = AXIS2_PLACEMENT_3D('',#1771,#1772,#1773);
#1771 = CARTESIAN_POINT('',(1.25,-1.425463059326E-16,6.2));
#1772 = DIRECTION('',(1.203998759507E-48,-1.2517178869E-32,1.));
#1773 = DIRECTION('',(-1.224646799147E-16,-1.,-1.2517178869E-32));
#1774 = ADVANCED_FACE('',(#1775),#1781,.F.);
#1775 = FACE_BOUND('',#1776,.F.);
#1776 = EDGE_LOOP('',(#1777,#1778,#1779,#1780));
#1777 = ORIENTED_EDGE('',*,*,#1763,.F.);
#1778 = ORIENTED_EDGE('',*,*,#1736,.T.);
#1779 = ORIENTED_EDGE('',*,*,#1653,.T.);
#1780 = ORIENTED_EDGE('',*,*,#1400,.F.);
#1781 = PLANE('',#1782);
#1782 = AXIS2_PLACEMENT_3D('',#1783,#1784,#1785);
#1783 = CARTESIAN_POINT('',(1.2,5.E-02,6.2));
#1784 = DIRECTION('',(1.224646799147E-16,1.,1.2517178869E-32));
#1785 = DIRECTION('',(-1.,1.224646799147E-16,0.));
#1786 = ADVANCED_FACE('',(#1787),#1793,.F.);
#1787 = FACE_BOUND('',#1788,.F.);
#1788 = EDGE_LOOP('',(#1789,#1790,#1791,#1792));
#1789 = ORIENTED_EDGE('',*,*,#1593,.F.);
#1790 = ORIENTED_EDGE('',*,*,#1512,.T.);
#1791 = ORIENTED_EDGE('',*,*,#1630,.T.);
#1792 = ORIENTED_EDGE('',*,*,#1670,.F.);
#1793 = PLANE('',#1794);
#1794 = AXIS2_PLACEMENT_3D('',#1795,#1796,#1797);
#1795 = CARTESIAN_POINT('',(7.6,5.E-02,6.2));
#1796 = DIRECTION('',(1.224646799147E-16,1.,1.2517178869E-32));
#1797 = DIRECTION('',(-1.,1.224646799147E-16,0.));
#1798 = ADVANCED_FACE('',(#1799),#1805,.F.);
#1799 = FACE_BOUND('',#1800,.F.);
#1800 = EDGE_LOOP('',(#1801,#1802,#1803,#1804));
#1801 = ORIENTED_EDGE('',*,*,#1545,.F.);
#1802 = ORIENTED_EDGE('',*,*,#1569,.T.);
#1803 = ORIENTED_EDGE('',*,*,#1623,.T.);
#1804 = ORIENTED_EDGE('',*,*,#1495,.F.);
#1805 = PLANE('',#1806);
#1806 = AXIS2_PLACEMENT_3D('',#1807,#1808,#1809);
#1807 = CARTESIAN_POINT('',(1.3,-5.E-02,6.2));
#1808 = DIRECTION('',(-1.224646799147E-16,-1.,-1.2517178869E-32));
#1809 = DIRECTION('',(1.,-1.224646799147E-16,0.));
#1810 = ORIENTED_CLOSED_SHELL('',*,#1811,.F.);
#1811 = CLOSED_SHELL('',(#1812,#1845,#1877,#1894,#1921));
#1812 = ADVANCED_FACE('',(#1813),#1840,.T.);
#1813 = FACE_BOUND('',#1814,.T.);
#1814 = EDGE_LOOP('',(#1815,#1826,#1834));
#1815 = ORIENTED_EDGE('',*,*,#1816,.T.);
#1816 = EDGE_CURVE('',#1817,#1819,#1821,.T.);
#1817 = VERTEX_POINT('',#1818);
#1818 = CARTESIAN_POINT('',(3.287154369187,0.843816968365,5.9));
#1819 = VERTEX_POINT('',#1820);
#1820 = CARTESIAN_POINT('',(3.287154369187,-0.843816968365,5.9));
#1821 = CIRCLE('',#1822,2.205);
#1822 = AXIS2_PLACEMENT_3D('',#1823,#1824,#1825);
#1823 = CARTESIAN_POINT('',(1.25,0.,5.9));
#1824 = DIRECTION('',(0.,0.,-1.));
#1825 = DIRECTION('',(0.923879532511,0.382683432365,0.));
#1826 = ORIENTED_EDGE('',*,*,#1827,.T.);
#1827 = EDGE_CURVE('',#1819,#1828,#1830,.T.);
#1828 = VERTEX_POINT('',#1829);
#1829 = CARTESIAN_POINT('',(1.25,0.,5.9));
#1830 = LINE('',#1831,#1832);
#1831 = CARTESIAN_POINT('',(3.287154369187,-0.843816968365,5.9));
#1832 = VECTOR('',#1833,1.);
#1833 = DIRECTION('',(-0.923879532511,0.382683432365,0.));
#1834 = ORIENTED_EDGE('',*,*,#1835,.F.);
#1835 = EDGE_CURVE('',#1817,#1828,#1836,.T.);
#1836 = LINE('',#1837,#1838);
#1837 = CARTESIAN_POINT('',(3.287154369187,0.843816968365,5.9));
#1838 = VECTOR('',#1839,1.);
#1839 = DIRECTION('',(-0.923879532511,-0.382683432365,0.));
#1840 = PLANE('',#1841);
#1841 = AXIS2_PLACEMENT_3D('',#1842,#1843,#1844);
#1842 = CARTESIAN_POINT('',(1.25,0.,5.9));
#1843 = DIRECTION('',(0.,0.,-1.));
#1844 = DIRECTION('',(0.923879532511,0.382683432365,0.));
#1845 = ADVANCED_FACE('',(#1846),#1872,.T.);
#1846 = FACE_BOUND('',#1847,.T.);
#1847 = EDGE_LOOP('',(#1848,#1856,#1865,#1871));
#1848 = ORIENTED_EDGE('',*,*,#1849,.F.);
#1849 = EDGE_CURVE('',#1850,#1817,#1852,.T.);
#1850 = VERTEX_POINT('',#1851);
#1851 = CARTESIAN_POINT('',(3.287154369187,0.843816968365,6.));
#1852 = LINE('',#1853,#1854);
#1853 = CARTESIAN_POINT('',(3.287154369187,0.843816968365,6.3));
#1854 = VECTOR('',#1855,1.);
#1855 = DIRECTION('',(0.,0.,-1.));
#1856 = ORIENTED_EDGE('',*,*,#1857,.F.);
#1857 = EDGE_CURVE('',#1858,#1850,#1860,.T.);
#1858 = VERTEX_POINT('',#1859);
#1859 = CARTESIAN_POINT('',(3.287154369187,-0.843816968365,6.));
#1860 = CIRCLE('',#1861,2.205);
#1861 = AXIS2_PLACEMENT_3D('',#1862,#1863,#1864);
#1862 = CARTESIAN_POINT('',(1.25,0.,6.));
#1863 = DIRECTION('',(0.,0.,1.));
#1864 = DIRECTION('',(-1.,1.224646799147E-16,0.));
#1865 = ORIENTED_EDGE('',*,*,#1866,.T.);
#1866 = EDGE_CURVE('',#1858,#1819,#1867,.T.);
#1867 = LINE('',#1868,#1869);
#1868 = CARTESIAN_POINT('',(3.287154369187,-0.843816968365,6.3));
#1869 = VECTOR('',#1870,1.);
#1870 = DIRECTION('',(0.,0.,-1.));
#1871 = ORIENTED_EDGE('',*,*,#1816,.F.);
#1872 = CYLINDRICAL_SURFACE('',#1873,2.205);
#1873 = AXIS2_PLACEMENT_3D('',#1874,#1875,#1876);
#1874 = CARTESIAN_POINT('',(1.25,0.,6.3));
#1875 = DIRECTION('',(0.,0.,-1.));
#1876 = DIRECTION('',(0.923879532511,0.382683432365,0.));
#1877 = ADVANCED_FACE('',(#1878),#1889,.T.);
#1878 = FACE_BOUND('',#1879,.T.);
#1879 = EDGE_LOOP('',(#1880,#1887,#1888));
#1880 = ORIENTED_EDGE('',*,*,#1881,.T.);
#1881 = EDGE_CURVE('',#1819,#1817,#1882,.T.);
#1882 = CIRCLE('',#1883,2.205);
#1883 = AXIS2_PLACEMENT_3D('',#1884,#1885,#1886);
#1884 = CARTESIAN_POINT('',(1.25,0.,5.9));
#1885 = DIRECTION('',(0.,-0.,-1.));
#1886 = DIRECTION('',(0.923879532511,-0.382683432365,0.));
#1887 = ORIENTED_EDGE('',*,*,#1835,.T.);
#1888 = ORIENTED_EDGE('',*,*,#1827,.F.);
#1889 = PLANE('',#1890);
#1890 = AXIS2_PLACEMENT_3D('',#1891,#1892,#1893);
#1891 = CARTESIAN_POINT('',(1.25,0.,5.9));
#1892 = DIRECTION('',(0.,0.,-1.));
#1893 = DIRECTION('',(0.923879532511,-0.382683432365,0.));
#1894 = ADVANCED_FACE('',(#1895),#1916,.T.);
#1895 = FACE_BOUND('',#1896,.T.);
#1896 = EDGE_LOOP('',(#1897,#1898,#1907,#1914,#1915));
#1897 = ORIENTED_EDGE('',*,*,#1866,.F.);
#1898 = ORIENTED_EDGE('',*,*,#1899,.F.);
#1899 = EDGE_CURVE('',#1900,#1858,#1902,.T.);
#1900 = VERTEX_POINT('',#1901);
#1901 = CARTESIAN_POINT('',(-0.955,2.70034619212E-16,6.));
#1902 = CIRCLE('',#1903,2.205);
#1903 = AXIS2_PLACEMENT_3D('',#1904,#1905,#1906);
#1904 = CARTESIAN_POINT('',(1.25,0.,6.));
#1905 = DIRECTION('',(0.,0.,1.));
#1906 = DIRECTION('',(-1.,1.224646799147E-16,0.));
#1907 = ORIENTED_EDGE('',*,*,#1908,.F.);
#1908 = EDGE_CURVE('',#1850,#1900,#1909,.T.);
#1909 = CIRCLE('',#1910,2.205);
#1910 = AXIS2_PLACEMENT_3D('',#1911,#1912,#1913);
#1911 = CARTESIAN_POINT('',(1.25,0.,6.));
#1912 = DIRECTION('',(0.,0.,1.));
#1913 = DIRECTION('',(-1.,1.224646799147E-16,0.));
#1914 = ORIENTED_EDGE('',*,*,#1849,.T.);
#1915 = ORIENTED_EDGE('',*,*,#1881,.F.);
#1916 = CYLINDRICAL_SURFACE('',#1917,2.205);
#1917 = AXIS2_PLACEMENT_3D('',#1918,#1919,#1920);
#1918 = CARTESIAN_POINT('',(1.25,0.,6.3));
#1919 = DIRECTION('',(0.,0.,-1.));
#1920 = DIRECTION('',(0.923879532511,-0.382683432365,0.));
#1921 = ADVANCED_FACE('',(#1922),#1927,.T.);
#1922 = FACE_BOUND('',#1923,.T.);
#1923 = EDGE_LOOP('',(#1924,#1925,#1926));
#1924 = ORIENTED_EDGE('',*,*,#1899,.T.);
#1925 = ORIENTED_EDGE('',*,*,#1857,.T.);
#1926 = ORIENTED_EDGE('',*,*,#1908,.T.);
#1927 = PLANE('',#1928);
#1928 = AXIS2_PLACEMENT_3D('',#1929,#1930,#1931);
#1929 = CARTESIAN_POINT('',(1.25,-1.425463059326E-16,6.));
#1930 = DIRECTION('',(1.203998759507E-48,-1.2517178869E-32,1.));
#1931 = DIRECTION('',(-1.224646799147E-16,-1.,-1.2517178869E-32));
#1932 = ( GEOMETRIC_REPRESENTATION_CONTEXT(3) 
GLOBAL_UNCERTAINTY_ASSIGNED_CONTEXT((#1936)) 
GLOBAL_UNIT_ASSIGNED_CONTEXT((#1933,#1934,#1935)) REPRESENTATION_CONTEXT
('Context #1','3D Context with UNIT and UNCERTAINTY') );
#1933 = ( LENGTH_UNIT() NAMED_UNIT(*) SI_UNIT(.MILLI.,.METRE.) );
#1934 = ( NAMED_UNIT(*) PLANE_ANGLE_UNIT() SI_UNIT($,.RADIAN.) );
#1935 = ( NAMED_UNIT(*) SI_UNIT($,.STERADIAN.) SOLID_ANGLE_UNIT() );
#1936 = UNCERTAINTY_MEASURE_WITH_UNIT(LENGTH_MEASURE(1.E-06),#1933,
  'distance_accuracy_value','confusion accuracy');
#1937 = CONTEXT_DEPENDENT_SHAPE_REPRESENTATION(#1938,#1940);
#1938 = ( REPRESENTATION_RELATIONSHIP('','',#107,#84) 
REPRESENTATION_RELATIONSHIP_WITH_TRANSFORMATION(#1939) 
SHAPE_REPRESENTATION_RELATIONSHIP() );
#1939 = ITEM_DEFINED_TRANSFORMATION('','',#11,#85);
#1940 = PRODUCT_DEFINITION_SHAPE('Placement','Placement of an item',
  #1941);
#1941 = NEXT_ASSEMBLY_USAGE_OCCURRENCE('1','=>[0:1:1:3]','',#79,#102,$);
#1942 = PRODUCT_RELATED_PRODUCT_CATEGORY('part',$,(#104));
#1943 = SHAPE_DEFINITION_REPRESENTATION(#1944,#1950);
#1944 = PRODUCT_DEFINITION_SHAPE('','',#1945);
#1945 = PRODUCT_DEFINITION('design','',#1946,#1949);
#1946 = PRODUCT_DEFINITION_FORMATION('','',#1947);
#1947 = PRODUCT('DIP-8_W7.62mm','DIP-8_W7.62mm','',(#1948));
#1948 = PRODUCT_CONTEXT('',#2,'mechanical');
#1949 = PRODUCT_DEFINITION_CONTEXT('part definition',#2,'design');
#1950 = SHAPE_REPRESENTATION('',(#11,#1951),#1955);
#1951 = AXIS2_PLACEMENT_3D('',#1952,#1953,#1954);
#1952 = CARTESIAN_POINT('',(0.,0.,0.));
#1953 = DIRECTION('',(0.,0.,1.));
#1954 = DIRECTION('',(1.,0.,-0.));
#1955 = ( GEOMETRIC_REPRESENTATION_CONTEXT(3) 
GLOBAL_UNCERTAINTY_ASSIGNED_CONTEXT((#1959)) 
GLOBAL_UNIT_ASSIGNED_CONTEXT((#1956,#1957,#1958)) REPRESENTATION_CONTEXT
('Context #1','3D Context with UNIT and UNCERTAINTY') );
#1956 = ( LENGTH_UNIT() NAMED_UNIT(*) SI_UNIT(.MILLI.,.METRE.) );
#1957 = ( NAMED_UNIT(*) PLANE_ANGLE_UNIT() SI_UNIT($,.RADIAN.) );
#1958 = ( NAMED_UNIT(*) SI_UNIT($,.STERADIAN.) SOLID_ANGLE_UNIT() );
#1959 = UNCERTAINTY_MEASURE_WITH_UNIT(LENGTH_MEASURE(1.E-06),#1956,
  'distance_accuracy_value','confusion accuracy');
#1960 = CONTEXT_DEPENDENT_SHAPE_REPRESENTATION(#1961,#1963);
#1961 = ( REPRESENTATION_RELATIONSHIP('','',#1950,#10) 
REPRESENTATION_RELATIONSHIP_WITH_TRANSFORMATION(#1962) 
SHAPE_REPRESENTATION_RELATIONSHIP() );
#1962 = ITEM_DEFINED_TRANSFORMATION('','',#11,#19);
#1963 = PRODUCT_DEFINITION_SHAPE('Placement','Placement of an item',
  #1964);
#1964 = NEXT_ASSEMBLY_USAGE_OCCURRENCE('4','U3','',#5,#1945,$);
#1965 = PRODUCT_RELATED_PRODUCT_CATEGORY('part',$,(#1947));
#1966 = SHAPE_DEFINITION_REPRESENTATION(#1967,#1973);
#1967 = PRODUCT_DEFINITION_SHAPE('','',#1968);
#1968 = PRODUCT_DEFINITION('design','',#1969,#1972);
#1969 = PRODUCT_DEFINITION_FORMATION('','',#1970);
#1970 = PRODUCT('DIP-8_W7.62mm','DIP-8_W7.62mm','',(#1971));
#1971 = PRODUCT_CONTEXT('',#2,'mechanical');
#1972 = PRODUCT_DEFINITION_CONTEXT('part definition',#2,'design');
#1973 = ADVANCED_BREP_SHAPE_REPRESENTATION('',(#11,#1974),#6746);
#1974 = MANIFOLD_SOLID_BREP('',#1975);
#1975 = CLOSED_SHELL('',(#1976,#2016,#2109,#2132,#2219,#2236,#2266,#2296
    ,#2327,#2358,#2389,#2420,#2451,#2482,#2513,#2536,#2560,#2590,#2621,
    #2652,#2683,#2714,#2745,#2776,#2807,#2824,#2854,#2912,#2970,#3000,
    #3058,#3075,#3100,#3150,#3181,#3239,#3297,#3328,#3386,#3403,#3428,
    #3478,#3509,#3532,#3556,#3614,#3672,#3702,#3760,#3777,#3835,#3852,
    #3883,#3941,#3999,#4030,#4088,#4105,#4163,#4180,#4211,#4228,#4285,
    #4304,#4353,#4377,#4424,#4436,#4455,#4472,#4521,#4545,#4587,#4604,
    #4621,#4640,#4705,#4729,#4792,#4804,#4869,#4893,#4956,#4973,#4987,
    #5004,#5021,#5370,#5421,#5440,#5489,#5513,#5560,#5572,#5626,#5650,
    #5692,#5711,#5723,#5740,#5757,#5776,#5793,#5858,#5882,#5940,#5962,
    #6027,#6051,#6109,#6123,#6140,#6157,#6174,#6203,#6220,#6237,#6249,
    #6266,#6283,#6295,#6312,#6329,#6346,#6363,#6375,#6392,#6409,#6426,
    #6443,#6455,#6483,#6494,#6511,#6528,#6540,#6557,#6574,#6586,#6603,
    #6620,#6637,#6654,#6666,#6683,#6700,#6717,#6734));
#1976 = ADVANCED_FACE('',(#1977),#2011,.T.);
#1977 = FACE_BOUND('',#1978,.F.);
#1978 = EDGE_LOOP('',(#1979,#1989,#1997,#2005));
#1979 = ORIENTED_EDGE('',*,*,#1980,.T.);
#1980 = EDGE_CURVE('',#1981,#1983,#1985,.T.);
#1981 = VERTEX_POINT('',#1982);
#1982 = CARTESIAN_POINT('',(6.661276356577,-8.121276356577,0.38));
#1983 = VERTEX_POINT('',#1984);
#1984 = CARTESIAN_POINT('',(6.661276356577,0.501276356577,0.38));
#1985 = LINE('',#1986,#1987);
#1986 = CARTESIAN_POINT('',(6.661276356577,-8.121276356577,0.38));
#1987 = VECTOR('',#1988,1.);
#1988 = DIRECTION('',(-4.440892098501E-16,1.,0.));
#1989 = ORIENTED_EDGE('',*,*,#1990,.T.);
#1990 = EDGE_CURVE('',#1983,#1991,#1993,.T.);
#1991 = VERTEX_POINT('',#1992);
#1992 = CARTESIAN_POINT('',(0.958723643423,0.501276356577,0.38));
#1993 = LINE('',#1994,#1995);
#1994 = CARTESIAN_POINT('',(6.661276356577,0.501276356577,0.38));
#1995 = VECTOR('',#1996,1.);
#1996 = DIRECTION('',(-1.,-4.440892098501E-16,0.));
#1997 = ORIENTED_EDGE('',*,*,#1998,.T.);
#1998 = EDGE_CURVE('',#1991,#1999,#2001,.T.);
#1999 = VERTEX_POINT('',#2000);
#2000 = CARTESIAN_POINT('',(0.958723643423,-8.121276356577,0.38));
#2001 = LINE('',#2002,#2003);
#2002 = CARTESIAN_POINT('',(0.958723643423,0.501276356577,0.38));
#2003 = VECTOR('',#2004,1.);
#2004 = DIRECTION('',(4.440892098501E-16,-1.,0.));
#2005 = ORIENTED_EDGE('',*,*,#2006,.T.);
#2006 = EDGE_CURVE('',#1999,#1981,#2007,.T.);
#2007 = LINE('',#2008,#2009);
#2008 = CARTESIAN_POINT('',(0.958723643423,-8.121276356577,0.38));
#2009 = VECTOR('',#2010,1.);
#2010 = DIRECTION('',(1.,4.440892098501E-16,0.));
#2011 = PLANE('',#2012);
#2012 = AXIS2_PLACEMENT_3D('',#2013,#2014,#2015);
#2013 = CARTESIAN_POINT('',(6.661276356577,-8.121276356577,0.38));
#2014 = DIRECTION('',(-0.,0.,-1.));
#2015 = DIRECTION('',(-0.551628171486,0.834090139268,0.));
#2016 = ADVANCED_FACE('',(#2017),#2104,.T.);
#2017 = FACE_BOUND('',#2018,.T.);
#2018 = EDGE_LOOP('',(#2019,#2020,#2027,#2035,#2043,#2051,#2059,#2067,
    #2075,#2083,#2091,#2099));
#2019 = ORIENTED_EDGE('',*,*,#1980,.T.);
#2020 = ORIENTED_EDGE('',*,*,#2021,.T.);
#2021 = EDGE_CURVE('',#1983,#2022,#2024,.T.);
#2022 = VERTEX_POINT('',#2023);
#2023 = CARTESIAN_POINT('',(6.985,0.825,1.903));
#2024 = B_SPLINE_CURVE_WITH_KNOTS('',1,(#2025,#2026),.UNSPECIFIED.,.F.,
  .F.,(2,2),(0.,1.),.PIECEWISE_BEZIER_KNOTS.);
#2025 = CARTESIAN_POINT('',(6.661276356577,0.501276356577,0.38));
#2026 = CARTESIAN_POINT('',(6.985,0.825,1.903));
#2027 = ORIENTED_EDGE('',*,*,#2028,.F.);
#2028 = EDGE_CURVE('',#2029,#2022,#2031,.T.);
#2029 = VERTEX_POINT('',#2030);
#2030 = CARTESIAN_POINT('',(6.985,0.2285,1.903));
#2031 = LINE('',#2032,#2033);
#2032 = CARTESIAN_POINT('',(6.985,-8.445,1.903));
#2033 = VECTOR('',#2034,1.);
#2034 = DIRECTION('',(-4.440892098501E-16,1.,0.));
#2035 = ORIENTED_EDGE('',*,*,#2036,.F.);
#2036 = EDGE_CURVE('',#2037,#2029,#2039,.T.);
#2037 = VERTEX_POINT('',#2038);
#2038 = CARTESIAN_POINT('',(6.985,-0.762,1.903));
#2039 = LINE('',#2040,#2041);
#2040 = CARTESIAN_POINT('',(6.985,-8.445,1.903));
#2041 = VECTOR('',#2042,1.);
#2042 = DIRECTION('',(-4.440892098501E-16,1.,0.));
#2043 = ORIENTED_EDGE('',*,*,#2044,.F.);
#2044 = EDGE_CURVE('',#2045,#2037,#2047,.T.);
#2045 = VERTEX_POINT('',#2046);
#2046 = CARTESIAN_POINT('',(6.985,-1.778,1.903));
#2047 = LINE('',#2048,#2049);
#2048 = CARTESIAN_POINT('',(6.985,-8.445,1.903));
#2049 = VECTOR('',#2050,1.);
#2050 = DIRECTION('',(-4.440892098501E-16,1.,0.));
#2051 = ORIENTED_EDGE('',*,*,#2052,.F.);
#2052 = EDGE_CURVE('',#2053,#2045,#2055,.T.);
#2053 = VERTEX_POINT('',#2054);
#2054 = CARTESIAN_POINT('',(6.985,-3.302,1.903));
#2055 = LINE('',#2056,#2057);
#2056 = CARTESIAN_POINT('',(6.985,-8.445,1.903));
#2057 = VECTOR('',#2058,1.);
#2058 = DIRECTION('',(-4.440892098501E-16,1.,0.));
#2059 = ORIENTED_EDGE('',*,*,#2060,.F.);
#2060 = EDGE_CURVE('',#2061,#2053,#2063,.T.);
#2061 = VERTEX_POINT('',#2062);
#2062 = CARTESIAN_POINT('',(6.985,-4.318,1.903));
#2063 = LINE('',#2064,#2065);
#2064 = CARTESIAN_POINT('',(6.985,-8.445,1.903));
#2065 = VECTOR('',#2066,1.);
#2066 = DIRECTION('',(-4.440892098501E-16,1.,0.));
#2067 = ORIENTED_EDGE('',*,*,#2068,.F.);
#2068 = EDGE_CURVE('',#2069,#2061,#2071,.T.);
#2069 = VERTEX_POINT('',#2070);
#2070 = CARTESIAN_POINT('',(6.985,-5.842,1.903));
#2071 = LINE('',#2072,#2073);
#2072 = CARTESIAN_POINT('',(6.985,-8.445,1.903));
#2073 = VECTOR('',#2074,1.);
#2074 = DIRECTION('',(-4.440892098501E-16,1.,0.));
#2075 = ORIENTED_EDGE('',*,*,#2076,.F.);
#2076 = EDGE_CURVE('',#2077,#2069,#2079,.T.);
#2077 = VERTEX_POINT('',#2078);
#2078 = CARTESIAN_POINT('',(6.985,-6.858,1.903));
#2079 = LINE('',#2080,#2081);
#2080 = CARTESIAN_POINT('',(6.985,-8.445,1.903));
#2081 = VECTOR('',#2082,1.);
#2082 = DIRECTION('',(-4.440892098501E-16,1.,0.));
#2083 = ORIENTED_EDGE('',*,*,#2084,.F.);
#2084 = EDGE_CURVE('',#2085,#2077,#2087,.T.);
#2085 = VERTEX_POINT('',#2086);
#2086 = CARTESIAN_POINT('',(6.985,-7.8485,1.903));
#2087 = LINE('',#2088,#2089);
#2088 = CARTESIAN_POINT('',(6.985,-8.445,1.903));
#2089 = VECTOR('',#2090,1.);
#2090 = DIRECTION('',(-4.440892098501E-16,1.,0.));
#2091 = ORIENTED_EDGE('',*,*,#2092,.F.);
#2092 = EDGE_CURVE('',#2093,#2085,#2095,.T.);
#2093 = VERTEX_POINT('',#2094);
#2094 = CARTESIAN_POINT('',(6.985,-8.445,1.903));
#2095 = LINE('',#2096,#2097);
#2096 = CARTESIAN_POINT('',(6.985,-8.445,1.903));
#2097 = VECTOR('',#2098,1.);
#2098 = DIRECTION('',(-4.440892098501E-16,1.,0.));
#2099 = ORIENTED_EDGE('',*,*,#2100,.F.);
#2100 = EDGE_CURVE('',#1981,#2093,#2101,.T.);
#2101 = B_SPLINE_CURVE_WITH_KNOTS('',1,(#2102,#2103),.UNSPECIFIED.,.F.,
  .F.,(2,2),(0.,1.),.PIECEWISE_BEZIER_KNOTS.);
#2102 = CARTESIAN_POINT('',(6.661276356577,-8.121276356577,0.38));
#2103 = CARTESIAN_POINT('',(6.985,-8.445,1.903));
#2104 = B_SPLINE_SURFACE_WITH_KNOTS('',1,1,(
    (#2105,#2106)
    ,(#2107,#2108
    )),.UNSPECIFIED.,.F.,.F.,.F.,(2,2),(2,2),(0.,9.27),(0.,1.),
  .PIECEWISE_BEZIER_KNOTS.);
#2105 = CARTESIAN_POINT('',(6.661276356577,-8.121276356577,0.38));
#2106 = CARTESIAN_POINT('',(6.985,-8.445,1.903));
#2107 = CARTESIAN_POINT('',(6.661276356577,0.501276356577,0.38));
#2108 = CARTESIAN_POINT('',(6.985,0.825,1.903));
#2109 = ADVANCED_FACE('',(#2110),#2127,.T.);
#2110 = FACE_BOUND('',#2111,.T.);
#2111 = EDGE_LOOP('',(#2112,#2113,#2120,#2126));
#2112 = ORIENTED_EDGE('',*,*,#1990,.T.);
#2113 = ORIENTED_EDGE('',*,*,#2114,.T.);
#2114 = EDGE_CURVE('',#1991,#2115,#2117,.T.);
#2115 = VERTEX_POINT('',#2116);
#2116 = CARTESIAN_POINT('',(0.635,0.825,1.903));
#2117 = B_SPLINE_CURVE_WITH_KNOTS('',1,(#2118,#2119),.UNSPECIFIED.,.F.,
  .F.,(2,2),(0.,1.),.PIECEWISE_BEZIER_KNOTS.);
#2118 = CARTESIAN_POINT('',(0.958723643423,0.501276356577,0.38));
#2119 = CARTESIAN_POINT('',(0.635,0.825,1.903));
#2120 = ORIENTED_EDGE('',*,*,#2121,.F.);
#2121 = EDGE_CURVE('',#2022,#2115,#2122,.T.);
#2122 = LINE('',#2123,#2124);
#2123 = CARTESIAN_POINT('',(6.985,0.825,1.903));
#2124 = VECTOR('',#2125,1.);
#2125 = DIRECTION('',(-1.,-4.440892098501E-16,0.));
#2126 = ORIENTED_EDGE('',*,*,#2021,.F.);
#2127 = B_SPLINE_SURFACE_WITH_KNOTS('',1,1,(
    (#2128,#2129)
    ,(#2130,#2131
    )),.UNSPECIFIED.,.F.,.F.,.F.,(2,2),(2,2),(0.,6.35),(0.,1.),
  .PIECEWISE_BEZIER_KNOTS.);
#2128 = CARTESIAN_POINT('',(6.661276356577,0.501276356577,0.38));
#2129 = CARTESIAN_POINT('',(6.985,0.825,1.903));
#2130 = CARTESIAN_POINT('',(0.958723643423,0.501276356577,0.38));
#2131 = CARTESIAN_POINT('',(0.635,0.825,1.903));
#2132 = ADVANCED_FACE('',(#2133),#2214,.T.);
#2133 = FACE_BOUND('',#2134,.T.);
#2134 = EDGE_LOOP('',(#2135,#2136,#2143,#2151,#2159,#2167,#2175,#2183,
    #2191,#2199,#2207,#2213));
#2135 = ORIENTED_EDGE('',*,*,#1998,.T.);
#2136 = ORIENTED_EDGE('',*,*,#2137,.T.);
#2137 = EDGE_CURVE('',#1999,#2138,#2140,.T.);
#2138 = VERTEX_POINT('',#2139);
#2139 = CARTESIAN_POINT('',(0.635,-8.445,1.903));
#2140 = B_SPLINE_CURVE_WITH_KNOTS('',1,(#2141,#2142),.UNSPECIFIED.,.F.,
  .F.,(2,2),(0.,1.),.PIECEWISE_BEZIER_KNOTS.);
#2141 = CARTESIAN_POINT('',(0.958723643423,-8.121276356577,0.38));
#2142 = CARTESIAN_POINT('',(0.635,-8.445,1.903));
#2143 = ORIENTED_EDGE('',*,*,#2144,.F.);
#2144 = EDGE_CURVE('',#2145,#2138,#2147,.T.);
#2145 = VERTEX_POINT('',#2146);
#2146 = CARTESIAN_POINT('',(0.635,-7.8485,1.903));
#2147 = LINE('',#2148,#2149);
#2148 = CARTESIAN_POINT('',(0.635,0.825,1.903));
#2149 = VECTOR('',#2150,1.);
#2150 = DIRECTION('',(4.440892098501E-16,-1.,0.));
#2151 = ORIENTED_EDGE('',*,*,#2152,.F.);
#2152 = EDGE_CURVE('',#2153,#2145,#2155,.T.);
#2153 = VERTEX_POINT('',#2154);
#2154 = CARTESIAN_POINT('',(0.635,-6.858,1.903));
#2155 = LINE('',#2156,#2157);
#2156 = CARTESIAN_POINT('',(0.635,0.825,1.903));
#2157 = VECTOR('',#2158,1.);
#2158 = DIRECTION('',(4.440892098501E-16,-1.,0.));
#2159 = ORIENTED_EDGE('',*,*,#2160,.F.);
#2160 = EDGE_CURVE('',#2161,#2153,#2163,.T.);
#2161 = VERTEX_POINT('',#2162);
#2162 = CARTESIAN_POINT('',(0.635,-5.842,1.903));
#2163 = LINE('',#2164,#2165);
#2164 = CARTESIAN_POINT('',(0.635,0.825,1.903));
#2165 = VECTOR('',#2166,1.);
#2166 = DIRECTION('',(4.440892098501E-16,-1.,0.));
#2167 = ORIENTED_EDGE('',*,*,#2168,.F.);
#2168 = EDGE_CURVE('',#2169,#2161,#2171,.T.);
#2169 = VERTEX_POINT('',#2170);
#2170 = CARTESIAN_POINT('',(0.635,-4.318,1.903));
#2171 = LINE('',#2172,#2173);
#2172 = CARTESIAN_POINT('',(0.635,0.825,1.903));
#2173 = VECTOR('',#2174,1.);
#2174 = DIRECTION('',(4.440892098501E-16,-1.,0.));
#2175 = ORIENTED_EDGE('',*,*,#2176,.F.);
#2176 = EDGE_CURVE('',#2177,#2169,#2179,.T.);
#2177 = VERTEX_POINT('',#2178);
#2178 = CARTESIAN_POINT('',(0.635,-3.302,1.903));
#2179 = LINE('',#2180,#2181);
#2180 = CARTESIAN_POINT('',(0.635,0.825,1.903));
#2181 = VECTOR('',#2182,1.);
#2182 = DIRECTION('',(4.440892098501E-16,-1.,0.));
#2183 = ORIENTED_EDGE('',*,*,#2184,.F.);
#2184 = EDGE_CURVE('',#2185,#2177,#2187,.T.);
#2185 = VERTEX_POINT('',#2186);
#2186 = CARTESIAN_POINT('',(0.635,-1.778,1.903));
#2187 = LINE('',#2188,#2189);
#2188 = CARTESIAN_POINT('',(0.635,0.825,1.903));
#2189 = VECTOR('',#2190,1.);
#2190 = DIRECTION('',(4.440892098501E-16,-1.,0.));
#2191 = ORIENTED_EDGE('',*,*,#2192,.F.);
#2192 = EDGE_CURVE('',#2193,#2185,#2195,.T.);
#2193 = VERTEX_POINT('',#2194);
#2194 = CARTESIAN_POINT('',(0.635,-0.762,1.903));
#2195 = LINE('',#2196,#2197);
#2196 = CARTESIAN_POINT('',(0.635,0.825,1.903));
#2197 = VECTOR('',#2198,1.);
#2198 = DIRECTION('',(4.440892098501E-16,-1.,0.));
#2199 = ORIENTED_EDGE('',*,*,#2200,.F.);
#2200 = EDGE_CURVE('',#2201,#2193,#2203,.T.);
#2201 = VERTEX_POINT('',#2202);
#2202 = CARTESIAN_POINT('',(0.635,0.2285,1.903));
#2203 = LINE('',#2204,#2205);
#2204 = CARTESIAN_POINT('',(0.635,0.825,1.903));
#2205 = VECTOR('',#2206,1.);
#2206 = DIRECTION('',(4.440892098501E-16,-1.,0.));
#2207 = ORIENTED_EDGE('',*,*,#2208,.F.);
#2208 = EDGE_CURVE('',#2115,#2201,#2209,.T.);
#2209 = LINE('',#2210,#2211);
#2210 = CARTESIAN_POINT('',(0.635,0.825,1.903));
#2211 = VECTOR('',#2212,1.);
#2212 = DIRECTION('',(4.440892098501E-16,-1.,0.));
#2213 = ORIENTED_EDGE('',*,*,#2114,.F.);
#2214 = B_SPLINE_SURFACE_WITH_KNOTS('',1,1,(
    (#2215,#2216)
    ,(#2217,#2218
    )),.UNSPECIFIED.,.F.,.F.,.F.,(2,2),(2,2),(0.,9.27),(0.,1.),
  .PIECEWISE_BEZIER_KNOTS.);
#2215 = CARTESIAN_POINT('',(0.958723643423,0.501276356577,0.38));
#2216 = CARTESIAN_POINT('',(0.635,0.825,1.903));
#2217 = CARTESIAN_POINT('',(0.958723643423,-8.121276356577,0.38));
#2218 = CARTESIAN_POINT('',(0.635,-8.445,1.903));
#2219 = ADVANCED_FACE('',(#2220),#2231,.T.);
#2220 = FACE_BOUND('',#2221,.T.);
#2221 = EDGE_LOOP('',(#2222,#2223,#2224,#2230));
#2222 = ORIENTED_EDGE('',*,*,#2006,.T.);
#2223 = ORIENTED_EDGE('',*,*,#2100,.T.);
#2224 = ORIENTED_EDGE('',*,*,#2225,.F.);
#2225 = EDGE_CURVE('',#2138,#2093,#2226,.T.);
#2226 = LINE('',#2227,#2228);
#2227 = CARTESIAN_POINT('',(0.635,-8.445,1.903));
#2228 = VECTOR('',#2229,1.);
#2229 = DIRECTION('',(1.,4.440892098501E-16,0.));
#2230 = ORIENTED_EDGE('',*,*,#2137,.F.);
#2231 = B_SPLINE_SURFACE_WITH_KNOTS('',1,1,(
    (#2232,#2233)
    ,(#2234,#2235
    )),.UNSPECIFIED.,.F.,.F.,.F.,(2,2),(2,2),(0.,6.35),(0.,1.),
  .PIECEWISE_BEZIER_KNOTS.);
#2232 = CARTESIAN_POINT('',(0.958723643423,-8.121276356577,0.38));
#2233 = CARTESIAN_POINT('',(0.635,-8.445,1.903));
#2234 = CARTESIAN_POINT('',(6.661276356577,-8.121276356577,0.38));
#2235 = CARTESIAN_POINT('',(6.985,-8.445,1.903));
#2236 = ADVANCED_FACE('',(#2237),#2261,.T.);
#2237 = FACE_BOUND('',#2238,.T.);
#2238 = EDGE_LOOP('',(#2239,#2246,#2247,#2255));
#2239 = ORIENTED_EDGE('',*,*,#2240,.F.);
#2240 = EDGE_CURVE('',#2093,#2241,#2243,.T.);
#2241 = VERTEX_POINT('',#2242);
#2242 = CARTESIAN_POINT('',(6.985,-8.445,2.157));
#2243 = B_SPLINE_CURVE_WITH_KNOTS('',1,(#2244,#2245),.UNSPECIFIED.,.F.,
  .F.,(2,2),(0.,1.),.PIECEWISE_BEZIER_KNOTS.);
#2244 = CARTESIAN_POINT('',(6.985,-8.445,1.903));
#2245 = CARTESIAN_POINT('',(6.985,-8.445,2.157));
#2246 = ORIENTED_EDGE('',*,*,#2092,.T.);
#2247 = ORIENTED_EDGE('',*,*,#2248,.T.);
#2248 = EDGE_CURVE('',#2085,#2249,#2251,.T.);
#2249 = VERTEX_POINT('',#2250);
#2250 = CARTESIAN_POINT('',(6.985,-7.8485,2.157));
#2251 = LINE('',#2252,#2253);
#2252 = CARTESIAN_POINT('',(6.985,-7.8485,1.9665));
#2253 = VECTOR('',#2254,1.);
#2254 = DIRECTION('',(0.,0.,1.));
#2255 = ORIENTED_EDGE('',*,*,#2256,.F.);
#2256 = EDGE_CURVE('',#2241,#2249,#2257,.T.);
#2257 = LINE('',#2258,#2259);
#2258 = CARTESIAN_POINT('',(6.985,-8.445,2.157));
#2259 = VECTOR('',#2260,1.);
#2260 = DIRECTION('',(-4.440892098501E-16,1.,0.));
#2261 = PLANE('',#2262);
#2262 = AXIS2_PLACEMENT_3D('',#2263,#2264,#2265);
#2263 = CARTESIAN_POINT('',(6.985,-8.445,2.157));
#2264 = DIRECTION('',(1.,4.440892098501E-16,0.));
#2265 = DIRECTION('',(-4.440892098501E-16,1.,0.));
#2266 = ADVANCED_FACE('',(#2267),#2291,.T.);
#2267 = FACE_BOUND('',#2268,.T.);
#2268 = EDGE_LOOP('',(#2269,#2277,#2278,#2285));
#2269 = ORIENTED_EDGE('',*,*,#2270,.T.);
#2270 = EDGE_CURVE('',#2271,#2029,#2273,.T.);
#2271 = VERTEX_POINT('',#2272);
#2272 = CARTESIAN_POINT('',(6.985,0.2285,2.157));
#2273 = LINE('',#2274,#2275);
#2274 = CARTESIAN_POINT('',(6.985,0.2285,2.157));
#2275 = VECTOR('',#2276,1.);
#2276 = DIRECTION('',(1.035250531786E-30,-2.331176954594E-15,-1.));
#2277 = ORIENTED_EDGE('',*,*,#2028,.T.);
#2278 = ORIENTED_EDGE('',*,*,#2279,.T.);
#2279 = EDGE_CURVE('',#2022,#2280,#2282,.T.);
#2280 = VERTEX_POINT('',#2281);
#2281 = CARTESIAN_POINT('',(6.985,0.825,2.157));
#2282 = B_SPLINE_CURVE_WITH_KNOTS('',1,(#2283,#2284),.UNSPECIFIED.,.F.,
  .F.,(2,2),(0.,1.),.PIECEWISE_BEZIER_KNOTS.);
#2283 = CARTESIAN_POINT('',(6.985,0.825,1.903));
#2284 = CARTESIAN_POINT('',(6.985,0.825,2.157));
#2285 = ORIENTED_EDGE('',*,*,#2286,.F.);
#2286 = EDGE_CURVE('',#2271,#2280,#2287,.T.);
#2287 = LINE('',#2288,#2289);
#2288 = CARTESIAN_POINT('',(6.985,-8.445,2.157));
#2289 = VECTOR('',#2290,1.);
#2290 = DIRECTION('',(-4.440892098501E-16,1.,0.));
#2291 = PLANE('',#2292);
#2292 = AXIS2_PLACEMENT_3D('',#2293,#2294,#2295);
#2293 = CARTESIAN_POINT('',(6.985,-8.445,2.157));
#2294 = DIRECTION('',(1.,4.440892098501E-16,0.));
#2295 = DIRECTION('',(-4.440892098501E-16,1.,0.));
#2296 = ADVANCED_FACE('',(#2297),#2322,.F.);
#2297 = FACE_BOUND('',#2298,.F.);
#2298 = EDGE_LOOP('',(#2299,#2307,#2308,#2316));
#2299 = ORIENTED_EDGE('',*,*,#2300,.F.);
#2300 = EDGE_CURVE('',#2077,#2301,#2303,.T.);
#2301 = VERTEX_POINT('',#2302);
#2302 = CARTESIAN_POINT('',(7.366,-6.858,1.903));
#2303 = LINE('',#2304,#2305);
#2304 = CARTESIAN_POINT('',(3.81,-6.858,1.903));
#2305 = VECTOR('',#2306,1.);
#2306 = DIRECTION('',(1.,3.216245299353E-16,0.));
#2307 = ORIENTED_EDGE('',*,*,#2084,.F.);
#2308 = ORIENTED_EDGE('',*,*,#2309,.F.);
#2309 = EDGE_CURVE('',#2310,#2085,#2312,.T.);
#2310 = VERTEX_POINT('',#2311);
#2311 = CARTESIAN_POINT('',(7.366,-7.8485,1.903));
#2312 = LINE('',#2313,#2314);
#2313 = CARTESIAN_POINT('',(7.747,-7.8485,1.903));
#2314 = VECTOR('',#2315,1.);
#2315 = DIRECTION('',(-1.,-3.216245299353E-16,0.));
#2316 = ORIENTED_EDGE('',*,*,#2317,.T.);
#2317 = EDGE_CURVE('',#2310,#2301,#2318,.T.);
#2318 = LINE('',#2319,#2320);
#2319 = CARTESIAN_POINT('',(7.366,-7.8485,1.903));
#2320 = VECTOR('',#2321,1.);
#2321 = DIRECTION('',(-3.216245299353E-16,1.,0.));
#2322 = PLANE('',#2323);
#2323 = AXIS2_PLACEMENT_3D('',#2324,#2325,#2326);
#2324 = CARTESIAN_POINT('',(0.254,-6.858,1.903));
#2325 = DIRECTION('',(0.,0.,1.));
#2326 = DIRECTION('',(-4.440892098501E-16,1.,0.));
#2327 = ADVANCED_FACE('',(#2328),#2353,.F.);
#2328 = FACE_BOUND('',#2329,.F.);
#2329 = EDGE_LOOP('',(#2330,#2338,#2339,#2347));
#2330 = ORIENTED_EDGE('',*,*,#2331,.F.);
#2331 = EDGE_CURVE('',#2029,#2332,#2334,.T.);
#2332 = VERTEX_POINT('',#2333);
#2333 = CARTESIAN_POINT('',(7.366,0.2285,1.903));
#2334 = LINE('',#2335,#2336);
#2335 = CARTESIAN_POINT('',(3.81,0.2285,1.903));
#2336 = VECTOR('',#2337,1.);
#2337 = DIRECTION('',(1.,3.216245299353E-16,0.));
#2338 = ORIENTED_EDGE('',*,*,#2036,.F.);
#2339 = ORIENTED_EDGE('',*,*,#2340,.F.);
#2340 = EDGE_CURVE('',#2341,#2037,#2343,.T.);
#2341 = VERTEX_POINT('',#2342);
#2342 = CARTESIAN_POINT('',(7.366,-0.762,1.903));
#2343 = LINE('',#2344,#2345);
#2344 = CARTESIAN_POINT('',(7.747,-0.762,1.903));
#2345 = VECTOR('',#2346,1.);
#2346 = DIRECTION('',(-1.,-3.216245299353E-16,0.));
#2347 = ORIENTED_EDGE('',*,*,#2348,.F.);
#2348 = EDGE_CURVE('',#2332,#2341,#2349,.T.);
#2349 = LINE('',#2350,#2351);
#2350 = CARTESIAN_POINT('',(7.366,0.2285,1.903));
#2351 = VECTOR('',#2352,1.);
#2352 = DIRECTION('',(3.216245299353E-16,-1.,0.));
#2353 = PLANE('',#2354);
#2354 = AXIS2_PLACEMENT_3D('',#2355,#2356,#2357);
#2355 = CARTESIAN_POINT('',(0.254,0.2285,1.903));
#2356 = DIRECTION('',(0.,0.,1.));
#2357 = DIRECTION('',(-4.440892098501E-16,1.,0.));
#2358 = ADVANCED_FACE('',(#2359),#2384,.T.);
#2359 = FACE_BOUND('',#2360,.T.);
#2360 = EDGE_LOOP('',(#2361,#2369,#2370,#2378));
#2361 = ORIENTED_EDGE('',*,*,#2362,.T.);
#2362 = EDGE_CURVE('',#2363,#2077,#2365,.T.);
#2363 = VERTEX_POINT('',#2364);
#2364 = CARTESIAN_POINT('',(6.985,-6.858,2.157));
#2365 = LINE('',#2366,#2367);
#2366 = CARTESIAN_POINT('',(6.985,-6.858,2.157));
#2367 = VECTOR('',#2368,1.);
#2368 = DIRECTION('',(0.,0.,-1.));
#2369 = ORIENTED_EDGE('',*,*,#2076,.T.);
#2370 = ORIENTED_EDGE('',*,*,#2371,.T.);
#2371 = EDGE_CURVE('',#2069,#2372,#2374,.T.);
#2372 = VERTEX_POINT('',#2373);
#2373 = CARTESIAN_POINT('',(6.985,-5.842,2.157));
#2374 = LINE('',#2375,#2376);
#2375 = CARTESIAN_POINT('',(6.985,-5.842,2.157));
#2376 = VECTOR('',#2377,1.);
#2377 = DIRECTION('',(0.,0.,1.));
#2378 = ORIENTED_EDGE('',*,*,#2379,.F.);
#2379 = EDGE_CURVE('',#2363,#2372,#2380,.T.);
#2380 = LINE('',#2381,#2382);
#2381 = CARTESIAN_POINT('',(6.985,-8.445,2.157));
#2382 = VECTOR('',#2383,1.);
#2383 = DIRECTION('',(-4.440892098501E-16,1.,0.));
#2384 = PLANE('',#2385);
#2385 = AXIS2_PLACEMENT_3D('',#2386,#2387,#2388);
#2386 = CARTESIAN_POINT('',(6.985,-8.445,2.157));
#2387 = DIRECTION('',(1.,4.440892098501E-16,0.));
#2388 = DIRECTION('',(-4.440892098501E-16,1.,0.));
#2389 = ADVANCED_FACE('',(#2390),#2415,.T.);
#2390 = FACE_BOUND('',#2391,.T.);
#2391 = EDGE_LOOP('',(#2392,#2400,#2401,#2409));
#2392 = ORIENTED_EDGE('',*,*,#2393,.F.);
#2393 = EDGE_CURVE('',#2045,#2394,#2396,.T.);
#2394 = VERTEX_POINT('',#2395);
#2395 = CARTESIAN_POINT('',(6.985,-1.778,2.157));
#2396 = LINE('',#2397,#2398);
#2397 = CARTESIAN_POINT('',(6.985,-1.778,2.157));
#2398 = VECTOR('',#2399,1.);
#2399 = DIRECTION('',(0.,0.,1.));
#2400 = ORIENTED_EDGE('',*,*,#2044,.T.);
#2401 = ORIENTED_EDGE('',*,*,#2402,.F.);
#2402 = EDGE_CURVE('',#2403,#2037,#2405,.T.);
#2403 = VERTEX_POINT('',#2404);
#2404 = CARTESIAN_POINT('',(6.985,-0.762,2.157));
#2405 = LINE('',#2406,#2407);
#2406 = CARTESIAN_POINT('',(6.985,-0.762,1.0785));
#2407 = VECTOR('',#2408,1.);
#2408 = DIRECTION('',(0.,0.,-1.));
#2409 = ORIENTED_EDGE('',*,*,#2410,.F.);
#2410 = EDGE_CURVE('',#2394,#2403,#2411,.T.);
#2411 = LINE('',#2412,#2413);
#2412 = CARTESIAN_POINT('',(6.985,-8.445,2.157));
#2413 = VECTOR('',#2414,1.);
#2414 = DIRECTION('',(-4.440892098501E-16,1.,0.));
#2415 = PLANE('',#2416);
#2416 = AXIS2_PLACEMENT_3D('',#2417,#2418,#2419);
#2417 = CARTESIAN_POINT('',(6.985,-8.445,2.157));
#2418 = DIRECTION('',(1.,4.440892098501E-16,0.));
#2419 = DIRECTION('',(-4.440892098501E-16,1.,0.));
#2420 = ADVANCED_FACE('',(#2421),#2446,.F.);
#2421 = FACE_BOUND('',#2422,.F.);
#2422 = EDGE_LOOP('',(#2423,#2431,#2432,#2440));
#2423 = ORIENTED_EDGE('',*,*,#2424,.F.);
#2424 = EDGE_CURVE('',#2061,#2425,#2427,.T.);
#2425 = VERTEX_POINT('',#2426);
#2426 = CARTESIAN_POINT('',(7.366,-4.318,1.903));
#2427 = LINE('',#2428,#2429);
#2428 = CARTESIAN_POINT('',(3.683,-4.318,1.903));
#2429 = VECTOR('',#2430,1.);
#2430 = DIRECTION('',(1.,3.216245299353E-16,0.));
#2431 = ORIENTED_EDGE('',*,*,#2068,.F.);
#2432 = ORIENTED_EDGE('',*,*,#2433,.F.);
#2433 = EDGE_CURVE('',#2434,#2069,#2436,.T.);
#2434 = VERTEX_POINT('',#2435);
#2435 = CARTESIAN_POINT('',(7.366,-5.842,1.903));
#2436 = LINE('',#2437,#2438);
#2437 = CARTESIAN_POINT('',(7.62,-5.842,1.903));
#2438 = VECTOR('',#2439,1.);
#2439 = DIRECTION('',(-1.,-3.216245299353E-16,0.));
#2440 = ORIENTED_EDGE('',*,*,#2441,.T.);
#2441 = EDGE_CURVE('',#2434,#2425,#2442,.T.);
#2442 = LINE('',#2443,#2444);
#2443 = CARTESIAN_POINT('',(7.366,-5.842,1.903));
#2444 = VECTOR('',#2445,1.);
#2445 = DIRECTION('',(-3.216245299353E-16,1.,0.));
#2446 = PLANE('',#2447);
#2447 = AXIS2_PLACEMENT_3D('',#2448,#2449,#2450);
#2448 = CARTESIAN_POINT('',(0.254,-4.318,1.903));
#2449 = DIRECTION('',(0.,0.,1.));
#2450 = DIRECTION('',(-4.440892098501E-16,1.,0.));
#2451 = ADVANCED_FACE('',(#2452),#2477,.F.);
#2452 = FACE_BOUND('',#2453,.F.);
#2453 = EDGE_LOOP('',(#2454,#2462,#2463,#2471));
#2454 = ORIENTED_EDGE('',*,*,#2455,.F.);
#2455 = EDGE_CURVE('',#2045,#2456,#2458,.T.);
#2456 = VERTEX_POINT('',#2457);
#2457 = CARTESIAN_POINT('',(7.366,-1.778,1.903));
#2458 = LINE('',#2459,#2460);
#2459 = CARTESIAN_POINT('',(3.683,-1.778,1.903));
#2460 = VECTOR('',#2461,1.);
#2461 = DIRECTION('',(1.,3.216245299353E-16,0.));
#2462 = ORIENTED_EDGE('',*,*,#2052,.F.);
#2463 = ORIENTED_EDGE('',*,*,#2464,.F.);
#2464 = EDGE_CURVE('',#2465,#2053,#2467,.T.);
#2465 = VERTEX_POINT('',#2466);
#2466 = CARTESIAN_POINT('',(7.366,-3.302,1.903));
#2467 = LINE('',#2468,#2469);
#2468 = CARTESIAN_POINT('',(7.62,-3.302,1.903));
#2469 = VECTOR('',#2470,1.);
#2470 = DIRECTION('',(-1.,-3.216245299353E-16,0.));
#2471 = ORIENTED_EDGE('',*,*,#2472,.T.);
#2472 = EDGE_CURVE('',#2465,#2456,#2473,.T.);
#2473 = LINE('',#2474,#2475);
#2474 = CARTESIAN_POINT('',(7.366,-3.302,1.903));
#2475 = VECTOR('',#2476,1.);
#2476 = DIRECTION('',(-3.216245299353E-16,1.,0.));
#2477 = PLANE('',#2478);
#2478 = AXIS2_PLACEMENT_3D('',#2479,#2480,#2481);
#2479 = CARTESIAN_POINT('',(0.254,-1.778,1.903));
#2480 = DIRECTION('',(0.,0.,1.));
#2481 = DIRECTION('',(-4.440892098501E-16,1.,0.));
#2482 = ADVANCED_FACE('',(#2483),#2508,.T.);
#2483 = FACE_BOUND('',#2484,.T.);
#2484 = EDGE_LOOP('',(#2485,#2493,#2494,#2502));
#2485 = ORIENTED_EDGE('',*,*,#2486,.F.);
#2486 = EDGE_CURVE('',#2061,#2487,#2489,.T.);
#2487 = VERTEX_POINT('',#2488);
#2488 = CARTESIAN_POINT('',(6.985,-4.318,2.157));
#2489 = LINE('',#2490,#2491);
#2490 = CARTESIAN_POINT('',(6.985,-4.318,2.157));
#2491 = VECTOR('',#2492,1.);
#2492 = DIRECTION('',(0.,0.,1.));
#2493 = ORIENTED_EDGE('',*,*,#2060,.T.);
#2494 = ORIENTED_EDGE('',*,*,#2495,.T.);
#2495 = EDGE_CURVE('',#2053,#2496,#2498,.T.);
#2496 = VERTEX_POINT('',#2497);
#2497 = CARTESIAN_POINT('',(6.985,-3.302,2.157));
#2498 = LINE('',#2499,#2500);
#2499 = CARTESIAN_POINT('',(6.985,-3.302,2.157));
#2500 = VECTOR('',#2501,1.);
#2501 = DIRECTION('',(0.,0.,1.));
#2502 = ORIENTED_EDGE('',*,*,#2503,.F.);
#2503 = EDGE_CURVE('',#2487,#2496,#2504,.T.);
#2504 = LINE('',#2505,#2506);
#2505 = CARTESIAN_POINT('',(6.985,-8.445,2.157));
#2506 = VECTOR('',#2507,1.);
#2507 = DIRECTION('',(-4.440892098501E-16,1.,0.));
#2508 = PLANE('',#2509);
#2509 = AXIS2_PLACEMENT_3D('',#2510,#2511,#2512);
#2510 = CARTESIAN_POINT('',(6.985,-8.445,2.157));
#2511 = DIRECTION('',(1.,4.440892098501E-16,0.));
#2512 = DIRECTION('',(-4.440892098501E-16,1.,0.));
#2513 = ADVANCED_FACE('',(#2514),#2531,.T.);
#2514 = FACE_BOUND('',#2515,.T.);
#2515 = EDGE_LOOP('',(#2516,#2517,#2524,#2530));
#2516 = ORIENTED_EDGE('',*,*,#2121,.T.);
#2517 = ORIENTED_EDGE('',*,*,#2518,.T.);
#2518 = EDGE_CURVE('',#2115,#2519,#2521,.T.);
#2519 = VERTEX_POINT('',#2520);
#2520 = CARTESIAN_POINT('',(0.635,0.825,2.157));
#2521 = B_SPLINE_CURVE_WITH_KNOTS('',1,(#2522,#2523),.UNSPECIFIED.,.F.,
  .F.,(2,2),(0.,1.),.PIECEWISE_BEZIER_KNOTS.);
#2522 = CARTESIAN_POINT('',(0.635,0.825,1.903));
#2523 = CARTESIAN_POINT('',(0.635,0.825,2.157));
#2524 = ORIENTED_EDGE('',*,*,#2525,.F.);
#2525 = EDGE_CURVE('',#2280,#2519,#2526,.T.);
#2526 = LINE('',#2527,#2528);
#2527 = CARTESIAN_POINT('',(6.985,0.825,2.157));
#2528 = VECTOR('',#2529,1.);
#2529 = DIRECTION('',(-1.,-4.440892098501E-16,0.));
#2530 = ORIENTED_EDGE('',*,*,#2279,.F.);
#2531 = PLANE('',#2532);
#2532 = AXIS2_PLACEMENT_3D('',#2533,#2534,#2535);
#2533 = CARTESIAN_POINT('',(6.985,0.825,2.157));
#2534 = DIRECTION('',(-4.440892098501E-16,1.,0.));
#2535 = DIRECTION('',(-1.,-4.440892098501E-16,0.));
#2536 = ADVANCED_FACE('',(#2537),#2555,.T.);
#2537 = FACE_BOUND('',#2538,.T.);
#2538 = EDGE_LOOP('',(#2539,#2540,#2541,#2549));
#2539 = ORIENTED_EDGE('',*,*,#2518,.F.);
#2540 = ORIENTED_EDGE('',*,*,#2208,.T.);
#2541 = ORIENTED_EDGE('',*,*,#2542,.T.);
#2542 = EDGE_CURVE('',#2201,#2543,#2545,.T.);
#2543 = VERTEX_POINT('',#2544);
#2544 = CARTESIAN_POINT('',(0.635,0.2285,2.157));
#2545 = LINE('',#2546,#2547);
#2546 = CARTESIAN_POINT('',(0.635,0.2285,2.157));
#2547 = VECTOR('',#2548,1.);
#2548 = DIRECTION('',(-1.035250531786E-30,2.331176954594E-15,1.));
#2549 = ORIENTED_EDGE('',*,*,#2550,.F.);
#2550 = EDGE_CURVE('',#2519,#2543,#2551,.T.);
#2551 = LINE('',#2552,#2553);
#2552 = CARTESIAN_POINT('',(0.635,0.825,2.157));
#2553 = VECTOR('',#2554,1.);
#2554 = DIRECTION('',(4.440892098501E-16,-1.,0.));
#2555 = PLANE('',#2556);
#2556 = AXIS2_PLACEMENT_3D('',#2557,#2558,#2559);
#2557 = CARTESIAN_POINT('',(0.635,0.825,2.157));
#2558 = DIRECTION('',(-1.,-4.440892098501E-16,0.));
#2559 = DIRECTION('',(4.440892098501E-16,-1.,0.));
#2560 = ADVANCED_FACE('',(#2561),#2585,.T.);
#2561 = FACE_BOUND('',#2562,.T.);
#2562 = EDGE_LOOP('',(#2563,#2571,#2572,#2579));
#2563 = ORIENTED_EDGE('',*,*,#2564,.T.);
#2564 = EDGE_CURVE('',#2565,#2145,#2567,.T.);
#2565 = VERTEX_POINT('',#2566);
#2566 = CARTESIAN_POINT('',(0.635,-7.8485,2.157));
#2567 = LINE('',#2568,#2569);
#2568 = CARTESIAN_POINT('',(0.635,-7.8485,1.9665));
#2569 = VECTOR('',#2570,1.);
#2570 = DIRECTION('',(0.,0.,-1.));
#2571 = ORIENTED_EDGE('',*,*,#2144,.T.);
#2572 = ORIENTED_EDGE('',*,*,#2573,.T.);
#2573 = EDGE_CURVE('',#2138,#2574,#2576,.T.);
#2574 = VERTEX_POINT('',#2575);
#2575 = CARTESIAN_POINT('',(0.635,-8.445,2.157));
#2576 = B_SPLINE_CURVE_WITH_KNOTS('',1,(#2577,#2578),.UNSPECIFIED.,.F.,
  .F.,(2,2),(0.,1.),.PIECEWISE_BEZIER_KNOTS.);
#2577 = CARTESIAN_POINT('',(0.635,-8.445,1.903));
#2578 = CARTESIAN_POINT('',(0.635,-8.445,2.157));
#2579 = ORIENTED_EDGE('',*,*,#2580,.F.);
#2580 = EDGE_CURVE('',#2565,#2574,#2581,.T.);
#2581 = LINE('',#2582,#2583);
#2582 = CARTESIAN_POINT('',(0.635,0.825,2.157));
#2583 = VECTOR('',#2584,1.);
#2584 = DIRECTION('',(4.440892098501E-16,-1.,0.));
#2585 = PLANE('',#2586);
#2586 = AXIS2_PLACEMENT_3D('',#2587,#2588,#2589);
#2587 = CARTESIAN_POINT('',(0.635,0.825,2.157));
#2588 = DIRECTION('',(-1.,-4.440892098501E-16,0.));
#2589 = DIRECTION('',(4.440892098501E-16,-1.,0.));
#2590 = ADVANCED_FACE('',(#2591),#2616,.F.);
#2591 = FACE_BOUND('',#2592,.F.);
#2592 = EDGE_LOOP('',(#2593,#2601,#2609,#2615));
#2593 = ORIENTED_EDGE('',*,*,#2594,.F.);
#2594 = EDGE_CURVE('',#2595,#2201,#2597,.T.);
#2595 = VERTEX_POINT('',#2596);
#2596 = CARTESIAN_POINT('',(0.254,0.2285,1.903));
#2597 = LINE('',#2598,#2599);
#2598 = CARTESIAN_POINT('',(-0.127,0.2285,1.903));
#2599 = VECTOR('',#2600,1.);
#2600 = DIRECTION('',(1.,4.440892098501E-16,0.));
#2601 = ORIENTED_EDGE('',*,*,#2602,.T.);
#2602 = EDGE_CURVE('',#2595,#2603,#2605,.T.);
#2603 = VERTEX_POINT('',#2604);
#2604 = CARTESIAN_POINT('',(0.254,-0.762,1.903));
#2605 = LINE('',#2606,#2607);
#2606 = CARTESIAN_POINT('',(0.254,0.2285,1.903));
#2607 = VECTOR('',#2608,1.);
#2608 = DIRECTION('',(4.440892098501E-16,-1.,0.));
#2609 = ORIENTED_EDGE('',*,*,#2610,.F.);
#2610 = EDGE_CURVE('',#2193,#2603,#2611,.T.);
#2611 = LINE('',#2612,#2613);
#2612 = CARTESIAN_POINT('',(3.81,-0.762,1.903));
#2613 = VECTOR('',#2614,1.);
#2614 = DIRECTION('',(-1.,-4.440892098501E-16,0.));
#2615 = ORIENTED_EDGE('',*,*,#2200,.F.);
#2616 = PLANE('',#2617);
#2617 = AXIS2_PLACEMENT_3D('',#2618,#2619,#2620);
#2618 = CARTESIAN_POINT('',(0.254,0.2285,1.903));
#2619 = DIRECTION('',(0.,0.,1.));
#2620 = DIRECTION('',(-4.440892098501E-16,1.,0.));
#2621 = ADVANCED_FACE('',(#2622),#2647,.F.);
#2622 = FACE_BOUND('',#2623,.F.);
#2623 = EDGE_LOOP('',(#2624,#2632,#2640,#2646));
#2624 = ORIENTED_EDGE('',*,*,#2625,.F.);
#2625 = EDGE_CURVE('',#2626,#2153,#2628,.T.);
#2626 = VERTEX_POINT('',#2627);
#2627 = CARTESIAN_POINT('',(0.254,-6.858,1.903));
#2628 = LINE('',#2629,#2630);
#2629 = CARTESIAN_POINT('',(-0.127,-6.858,1.903));
#2630 = VECTOR('',#2631,1.);
#2631 = DIRECTION('',(1.,4.440892098501E-16,0.));
#2632 = ORIENTED_EDGE('',*,*,#2633,.F.);
#2633 = EDGE_CURVE('',#2634,#2626,#2636,.T.);
#2634 = VERTEX_POINT('',#2635);
#2635 = CARTESIAN_POINT('',(0.254,-7.8485,1.903));
#2636 = LINE('',#2637,#2638);
#2637 = CARTESIAN_POINT('',(0.254,-7.8485,1.903));
#2638 = VECTOR('',#2639,1.);
#2639 = DIRECTION('',(-4.440892098501E-16,1.,0.));
#2640 = ORIENTED_EDGE('',*,*,#2641,.F.);
#2641 = EDGE_CURVE('',#2145,#2634,#2642,.T.);
#2642 = LINE('',#2643,#2644);
#2643 = CARTESIAN_POINT('',(3.81,-7.8485,1.903));
#2644 = VECTOR('',#2645,1.);
#2645 = DIRECTION('',(-1.,-4.440892098501E-16,0.));
#2646 = ORIENTED_EDGE('',*,*,#2152,.F.);
#2647 = PLANE('',#2648);
#2648 = AXIS2_PLACEMENT_3D('',#2649,#2650,#2651);
#2649 = CARTESIAN_POINT('',(0.254,-6.858,1.903));
#2650 = DIRECTION('',(0.,0.,1.));
#2651 = DIRECTION('',(-4.440892098501E-16,1.,0.));
#2652 = ADVANCED_FACE('',(#2653),#2678,.T.);
#2653 = FACE_BOUND('',#2654,.T.);
#2654 = EDGE_LOOP('',(#2655,#2663,#2664,#2672));
#2655 = ORIENTED_EDGE('',*,*,#2656,.F.);
#2656 = EDGE_CURVE('',#2193,#2657,#2659,.T.);
#2657 = VERTEX_POINT('',#2658);
#2658 = CARTESIAN_POINT('',(0.635,-0.762,2.157));
#2659 = LINE('',#2660,#2661);
#2660 = CARTESIAN_POINT('',(0.635,-0.762,1.0785));
#2661 = VECTOR('',#2662,1.);
#2662 = DIRECTION('',(0.,0.,1.));
#2663 = ORIENTED_EDGE('',*,*,#2192,.T.);
#2664 = ORIENTED_EDGE('',*,*,#2665,.F.);
#2665 = EDGE_CURVE('',#2666,#2185,#2668,.T.);
#2666 = VERTEX_POINT('',#2667);
#2667 = CARTESIAN_POINT('',(0.635,-1.778,2.157));
#2668 = LINE('',#2669,#2670);
#2669 = CARTESIAN_POINT('',(0.635,-1.778,2.157));
#2670 = VECTOR('',#2671,1.);
#2671 = DIRECTION('',(0.,0.,-1.));
#2672 = ORIENTED_EDGE('',*,*,#2673,.F.);
#2673 = EDGE_CURVE('',#2657,#2666,#2674,.T.);
#2674 = LINE('',#2675,#2676);
#2675 = CARTESIAN_POINT('',(0.635,0.825,2.157));
#2676 = VECTOR('',#2677,1.);
#2677 = DIRECTION('',(4.440892098501E-16,-1.,0.));
#2678 = PLANE('',#2679);
#2679 = AXIS2_PLACEMENT_3D('',#2680,#2681,#2682);
#2680 = CARTESIAN_POINT('',(0.635,0.825,2.157));
#2681 = DIRECTION('',(-1.,-4.440892098501E-16,0.));
#2682 = DIRECTION('',(4.440892098501E-16,-1.,0.));
#2683 = ADVANCED_FACE('',(#2684),#2709,.T.);
#2684 = FACE_BOUND('',#2685,.T.);
#2685 = EDGE_LOOP('',(#2686,#2694,#2695,#2703));
#2686 = ORIENTED_EDGE('',*,*,#2687,.T.);
#2687 = EDGE_CURVE('',#2688,#2161,#2690,.T.);
#2688 = VERTEX_POINT('',#2689);
#2689 = CARTESIAN_POINT('',(0.635,-5.842,2.157));
#2690 = LINE('',#2691,#2692);
#2691 = CARTESIAN_POINT('',(0.635,-5.842,2.157));
#2692 = VECTOR('',#2693,1.);
#2693 = DIRECTION('',(0.,0.,-1.));
#2694 = ORIENTED_EDGE('',*,*,#2160,.T.);
#2695 = ORIENTED_EDGE('',*,*,#2696,.T.);
#2696 = EDGE_CURVE('',#2153,#2697,#2699,.T.);
#2697 = VERTEX_POINT('',#2698);
#2698 = CARTESIAN_POINT('',(0.635,-6.858,2.157));
#2699 = LINE('',#2700,#2701);
#2700 = CARTESIAN_POINT('',(0.635,-6.858,2.157));
#2701 = VECTOR('',#2702,1.);
#2702 = DIRECTION('',(0.,0.,1.));
#2703 = ORIENTED_EDGE('',*,*,#2704,.F.);
#2704 = EDGE_CURVE('',#2688,#2697,#2705,.T.);
#2705 = LINE('',#2706,#2707);
#2706 = CARTESIAN_POINT('',(0.635,0.825,2.157));
#2707 = VECTOR('',#2708,1.);
#2708 = DIRECTION('',(4.440892098501E-16,-1.,0.));
#2709 = PLANE('',#2710);
#2710 = AXIS2_PLACEMENT_3D('',#2711,#2712,#2713);
#2711 = CARTESIAN_POINT('',(0.635,0.825,2.157));
#2712 = DIRECTION('',(-1.,-4.440892098501E-16,0.));
#2713 = DIRECTION('',(4.440892098501E-16,-1.,0.));
#2714 = ADVANCED_FACE('',(#2715),#2740,.F.);
#2715 = FACE_BOUND('',#2716,.F.);
#2716 = EDGE_LOOP('',(#2717,#2725,#2733,#2739));
#2717 = ORIENTED_EDGE('',*,*,#2718,.F.);
#2718 = EDGE_CURVE('',#2719,#2185,#2721,.T.);
#2719 = VERTEX_POINT('',#2720);
#2720 = CARTESIAN_POINT('',(0.254,-1.778,1.903));
#2721 = LINE('',#2722,#2723);
#2722 = CARTESIAN_POINT('',(-2.442490654175E-15,-1.778,1.903));
#2723 = VECTOR('',#2724,1.);
#2724 = DIRECTION('',(1.,4.440892098501E-16,0.));
#2725 = ORIENTED_EDGE('',*,*,#2726,.T.);
#2726 = EDGE_CURVE('',#2719,#2727,#2729,.T.);
#2727 = VERTEX_POINT('',#2728);
#2728 = CARTESIAN_POINT('',(0.254,-3.302,1.903));
#2729 = LINE('',#2730,#2731);
#2730 = CARTESIAN_POINT('',(0.254,-1.778,1.903));
#2731 = VECTOR('',#2732,1.);
#2732 = DIRECTION('',(4.440892098501E-16,-1.,0.));
#2733 = ORIENTED_EDGE('',*,*,#2734,.F.);
#2734 = EDGE_CURVE('',#2177,#2727,#2735,.T.);
#2735 = LINE('',#2736,#2737);
#2736 = CARTESIAN_POINT('',(3.937,-3.302,1.903));
#2737 = VECTOR('',#2738,1.);
#2738 = DIRECTION('',(-1.,-4.440892098501E-16,0.));
#2739 = ORIENTED_EDGE('',*,*,#2184,.F.);
#2740 = PLANE('',#2741);
#2741 = AXIS2_PLACEMENT_3D('',#2742,#2743,#2744);
#2742 = CARTESIAN_POINT('',(0.254,-1.778,1.903));
#2743 = DIRECTION('',(0.,0.,1.));
#2744 = DIRECTION('',(-4.440892098501E-16,1.,0.));
#2745 = ADVANCED_FACE('',(#2746),#2771,.F.);
#2746 = FACE_BOUND('',#2747,.F.);
#2747 = EDGE_LOOP('',(#2748,#2756,#2764,#2770));
#2748 = ORIENTED_EDGE('',*,*,#2749,.F.);
#2749 = EDGE_CURVE('',#2750,#2169,#2752,.T.);
#2750 = VERTEX_POINT('',#2751);
#2751 = CARTESIAN_POINT('',(0.254,-4.318,1.903));
#2752 = LINE('',#2753,#2754);
#2753 = CARTESIAN_POINT('',(-1.110223024625E-15,-4.318,1.903));
#2754 = VECTOR('',#2755,1.);
#2755 = DIRECTION('',(1.,4.440892098501E-16,0.));
#2756 = ORIENTED_EDGE('',*,*,#2757,.T.);
#2757 = EDGE_CURVE('',#2750,#2758,#2760,.T.);
#2758 = VERTEX_POINT('',#2759);
#2759 = CARTESIAN_POINT('',(0.254,-5.842,1.903));
#2760 = LINE('',#2761,#2762);
#2761 = CARTESIAN_POINT('',(0.254,-4.318,1.903));
#2762 = VECTOR('',#2763,1.);
#2763 = DIRECTION('',(4.440892098501E-16,-1.,0.));
#2764 = ORIENTED_EDGE('',*,*,#2765,.F.);
#2765 = EDGE_CURVE('',#2161,#2758,#2766,.T.);
#2766 = LINE('',#2767,#2768);
#2767 = CARTESIAN_POINT('',(3.937,-5.842,1.903));
#2768 = VECTOR('',#2769,1.);
#2769 = DIRECTION('',(-1.,-4.440892098501E-16,0.));
#2770 = ORIENTED_EDGE('',*,*,#2168,.F.);
#2771 = PLANE('',#2772);
#2772 = AXIS2_PLACEMENT_3D('',#2773,#2774,#2775);
#2773 = CARTESIAN_POINT('',(0.254,-4.318,1.903));
#2774 = DIRECTION('',(0.,0.,1.));
#2775 = DIRECTION('',(-4.440892098501E-16,1.,0.));
#2776 = ADVANCED_FACE('',(#2777),#2802,.T.);
#2777 = FACE_BOUND('',#2778,.T.);
#2778 = EDGE_LOOP('',(#2779,#2787,#2788,#2796));
#2779 = ORIENTED_EDGE('',*,*,#2780,.T.);
#2780 = EDGE_CURVE('',#2781,#2177,#2783,.T.);
#2781 = VERTEX_POINT('',#2782);
#2782 = CARTESIAN_POINT('',(0.635,-3.302,2.157));
#2783 = LINE('',#2784,#2785);
#2784 = CARTESIAN_POINT('',(0.635,-3.302,2.157));
#2785 = VECTOR('',#2786,1.);
#2786 = DIRECTION('',(0.,0.,-1.));
#2787 = ORIENTED_EDGE('',*,*,#2176,.T.);
#2788 = ORIENTED_EDGE('',*,*,#2789,.F.);
#2789 = EDGE_CURVE('',#2790,#2169,#2792,.T.);
#2790 = VERTEX_POINT('',#2791);
#2791 = CARTESIAN_POINT('',(0.635,-4.318,2.157));
#2792 = LINE('',#2793,#2794);
#2793 = CARTESIAN_POINT('',(0.635,-4.318,2.157));
#2794 = VECTOR('',#2795,1.);
#2795 = DIRECTION('',(0.,0.,-1.));
#2796 = ORIENTED_EDGE('',*,*,#2797,.F.);
#2797 = EDGE_CURVE('',#2781,#2790,#2798,.T.);
#2798 = LINE('',#2799,#2800);
#2799 = CARTESIAN_POINT('',(0.635,0.825,2.157));
#2800 = VECTOR('',#2801,1.);
#2801 = DIRECTION('',(4.440892098501E-16,-1.,0.));
#2802 = PLANE('',#2803);
#2803 = AXIS2_PLACEMENT_3D('',#2804,#2805,#2806);
#2804 = CARTESIAN_POINT('',(0.635,0.825,2.157));
#2805 = DIRECTION('',(-1.,-4.440892098501E-16,0.));
#2806 = DIRECTION('',(4.440892098501E-16,-1.,0.));
#2807 = ADVANCED_FACE('',(#2808),#2819,.T.);
#2808 = FACE_BOUND('',#2809,.T.);
#2809 = EDGE_LOOP('',(#2810,#2811,#2812,#2818));
#2810 = ORIENTED_EDGE('',*,*,#2225,.T.);
#2811 = ORIENTED_EDGE('',*,*,#2240,.T.);
#2812 = ORIENTED_EDGE('',*,*,#2813,.F.);
#2813 = EDGE_CURVE('',#2574,#2241,#2814,.T.);
#2814 = LINE('',#2815,#2816);
#2815 = CARTESIAN_POINT('',(0.635,-8.445,2.157));
#2816 = VECTOR('',#2817,1.);
#2817 = DIRECTION('',(1.,4.440892098501E-16,0.));
#2818 = ORIENTED_EDGE('',*,*,#2573,.F.);
#2819 = PLANE('',#2820);
#2820 = AXIS2_PLACEMENT_3D('',#2821,#2822,#2823);
#2821 = CARTESIAN_POINT('',(0.635,-8.445,2.157));
#2822 = DIRECTION('',(4.440892098501E-16,-1.,0.));
#2823 = DIRECTION('',(1.,4.440892098501E-16,0.));
#2824 = ADVANCED_FACE('',(#2825),#2849,.T.);
#2825 = FACE_BOUND('',#2826,.T.);
#2826 = EDGE_LOOP('',(#2827,#2834,#2835,#2843));
#2827 = ORIENTED_EDGE('',*,*,#2828,.F.);
#2828 = EDGE_CURVE('',#2241,#2829,#2831,.T.);
#2829 = VERTEX_POINT('',#2830);
#2830 = CARTESIAN_POINT('',(6.91,-8.37,2.157));
#2831 = B_SPLINE_CURVE_WITH_KNOTS('',1,(#2832,#2833),.UNSPECIFIED.,.F.,
  .F.,(2,2),(0.,1.),.PIECEWISE_BEZIER_KNOTS.);
#2832 = CARTESIAN_POINT('',(6.985,-8.445,2.157));
#2833 = CARTESIAN_POINT('',(6.91,-8.37,2.157));
#2834 = ORIENTED_EDGE('',*,*,#2256,.T.);
#2835 = ORIENTED_EDGE('',*,*,#2836,.T.);
#2836 = EDGE_CURVE('',#2249,#2837,#2839,.T.);
#2837 = VERTEX_POINT('',#2838);
#2838 = CARTESIAN_POINT('',(6.91,-7.8485,2.157));
#2839 = LINE('',#2840,#2841);
#2840 = CARTESIAN_POINT('',(7.747,-7.8485,2.157));
#2841 = VECTOR('',#2842,1.);
#2842 = DIRECTION('',(-1.,-3.216245299353E-16,0.));
#2843 = ORIENTED_EDGE('',*,*,#2844,.F.);
#2844 = EDGE_CURVE('',#2829,#2837,#2845,.T.);
#2845 = LINE('',#2846,#2847);
#2846 = CARTESIAN_POINT('',(6.91,-8.37,2.157));
#2847 = VECTOR('',#2848,1.);
#2848 = DIRECTION('',(-4.440892098501E-16,1.,0.));
#2849 = B_SPLINE_SURFACE_WITH_KNOTS('',1,1,(
    (#2850,#2851)
    ,(#2852,#2853
    )),.UNSPECIFIED.,.F.,.F.,.F.,(2,2),(2,2),(0.,9.27),(0.,1.),
  .PIECEWISE_BEZIER_KNOTS.);
#2850 = CARTESIAN_POINT('',(6.985,-8.445,2.157));
#2851 = CARTESIAN_POINT('',(6.91,-8.37,2.157));
#2852 = CARTESIAN_POINT('',(6.985,0.825,2.157));
#2853 = CARTESIAN_POINT('',(6.91,0.75,2.157));
#2854 = ADVANCED_FACE('',(#2855),#2907,.F.);
#2855 = FACE_BOUND('',#2856,.F.);
#2856 = EDGE_LOOP('',(#2857,#2858,#2859,#2867,#2876,#2884,#2892,#2900));
#2857 = ORIENTED_EDGE('',*,*,#2309,.T.);
#2858 = ORIENTED_EDGE('',*,*,#2248,.T.);
#2859 = ORIENTED_EDGE('',*,*,#2860,.F.);
#2860 = EDGE_CURVE('',#2861,#2249,#2863,.T.);
#2861 = VERTEX_POINT('',#2862);
#2862 = CARTESIAN_POINT('',(7.366,-7.8485,2.157));
#2863 = LINE('',#2864,#2865);
#2864 = CARTESIAN_POINT('',(7.747,-7.8485,2.157));
#2865 = VECTOR('',#2866,1.);
#2866 = DIRECTION('',(-1.,-3.216245299353E-16,0.));
#2867 = ORIENTED_EDGE('',*,*,#2868,.T.);
#2868 = EDGE_CURVE('',#2861,#2869,#2871,.T.);
#2869 = VERTEX_POINT('',#2870);
#2870 = CARTESIAN_POINT('',(7.747,-7.8485,1.776));
#2871 = CIRCLE('',#2872,0.381);
#2872 = AXIS2_PLACEMENT_3D('',#2873,#2874,#2875);
#2873 = CARTESIAN_POINT('',(7.366,-7.8485,1.776));
#2874 = DIRECTION('',(-3.216245299353E-16,1.,0.));
#2875 = DIRECTION('',(0.,0.,1.));
#2876 = ORIENTED_EDGE('',*,*,#2877,.T.);
#2877 = EDGE_CURVE('',#2869,#2878,#2880,.T.);
#2878 = VERTEX_POINT('',#2879);
#2879 = CARTESIAN_POINT('',(7.747,-7.8485,-2.843));
#2880 = LINE('',#2881,#2882);
#2881 = CARTESIAN_POINT('',(7.747,-7.8485,2.157));
#2882 = VECTOR('',#2883,1.);
#2883 = DIRECTION('',(0.,0.,-1.));
#2884 = ORIENTED_EDGE('',*,*,#2885,.T.);
#2885 = EDGE_CURVE('',#2878,#2886,#2888,.T.);
#2886 = VERTEX_POINT('',#2887);
#2887 = CARTESIAN_POINT('',(7.493,-7.8485,-2.843));
#2888 = LINE('',#2889,#2890);
#2889 = CARTESIAN_POINT('',(7.747,-7.8485,-2.843));
#2890 = VECTOR('',#2891,1.);
#2891 = DIRECTION('',(-1.,-3.216245299353E-16,0.));
#2892 = ORIENTED_EDGE('',*,*,#2893,.F.);
#2893 = EDGE_CURVE('',#2894,#2886,#2896,.T.);
#2894 = VERTEX_POINT('',#2895);
#2895 = CARTESIAN_POINT('',(7.493,-7.8485,1.776));
#2896 = LINE('',#2897,#2898);
#2897 = CARTESIAN_POINT('',(7.493,-7.8485,2.157));
#2898 = VECTOR('',#2899,1.);
#2899 = DIRECTION('',(0.,0.,-1.));
#2900 = ORIENTED_EDGE('',*,*,#2901,.T.);
#2901 = EDGE_CURVE('',#2894,#2310,#2902,.T.);
#2902 = CIRCLE('',#2903,0.127);
#2903 = AXIS2_PLACEMENT_3D('',#2904,#2905,#2906);
#2904 = CARTESIAN_POINT('',(7.366,-7.8485,1.776));
#2905 = DIRECTION('',(3.216245299353E-16,-1.,0.));
#2906 = DIRECTION('',(0.,0.,-1.));
#2907 = PLANE('',#2908);
#2908 = AXIS2_PLACEMENT_3D('',#2909,#2910,#2911);
#2909 = CARTESIAN_POINT('',(-0.127,-7.8485,1.776));
#2910 = DIRECTION('',(-4.440892098501E-16,1.,0.));
#2911 = DIRECTION('',(0.,0.,1.));
#2912 = ADVANCED_FACE('',(#2913),#2965,.F.);
#2913 = FACE_BOUND('',#2914,.F.);
#2914 = EDGE_LOOP('',(#2915,#2916,#2917,#2926,#2934,#2942,#2950,#2959));
#2915 = ORIENTED_EDGE('',*,*,#2270,.T.);
#2916 = ORIENTED_EDGE('',*,*,#2331,.T.);
#2917 = ORIENTED_EDGE('',*,*,#2918,.F.);
#2918 = EDGE_CURVE('',#2919,#2332,#2921,.T.);
#2919 = VERTEX_POINT('',#2920);
#2920 = CARTESIAN_POINT('',(7.493,0.2285,1.776));
#2921 = CIRCLE('',#2922,0.127);
#2922 = AXIS2_PLACEMENT_3D('',#2923,#2924,#2925);
#2923 = CARTESIAN_POINT('',(7.366,0.2285,1.776));
#2924 = DIRECTION('',(3.216245299353E-16,-1.,0.));
#2925 = DIRECTION('',(0.,0.,1.));
#2926 = ORIENTED_EDGE('',*,*,#2927,.T.);
#2927 = EDGE_CURVE('',#2919,#2928,#2930,.T.);
#2928 = VERTEX_POINT('',#2929);
#2929 = CARTESIAN_POINT('',(7.493,0.2285,-2.843));
#2930 = LINE('',#2931,#2932);
#2931 = CARTESIAN_POINT('',(7.493,0.2285,2.157));
#2932 = VECTOR('',#2933,1.);
#2933 = DIRECTION('',(0.,0.,-1.));
#2934 = ORIENTED_EDGE('',*,*,#2935,.F.);
#2935 = EDGE_CURVE('',#2936,#2928,#2938,.T.);
#2936 = VERTEX_POINT('',#2937);
#2937 = CARTESIAN_POINT('',(7.747,0.2285,-2.843));
#2938 = LINE('',#2939,#2940);
#2939 = CARTESIAN_POINT('',(7.747,0.2285,-2.843));
#2940 = VECTOR('',#2941,1.);
#2941 = DIRECTION('',(-1.,-3.216245299353E-16,0.));
#2942 = ORIENTED_EDGE('',*,*,#2943,.F.);
#2943 = EDGE_CURVE('',#2944,#2936,#2946,.T.);
#2944 = VERTEX_POINT('',#2945);
#2945 = CARTESIAN_POINT('',(7.747,0.2285,1.776));
#2946 = LINE('',#2947,#2948);
#2947 = CARTESIAN_POINT('',(7.747,0.2285,2.157));
#2948 = VECTOR('',#2949,1.);
#2949 = DIRECTION('',(0.,0.,-1.));
#2950 = ORIENTED_EDGE('',*,*,#2951,.T.);
#2951 = EDGE_CURVE('',#2944,#2952,#2954,.T.);
#2952 = VERTEX_POINT('',#2953);
#2953 = CARTESIAN_POINT('',(7.366,0.2285,2.157));
#2954 = CIRCLE('',#2955,0.381);
#2955 = AXIS2_PLACEMENT_3D('',#2956,#2957,#2958);
#2956 = CARTESIAN_POINT('',(7.366,0.2285,1.776));
#2957 = DIRECTION('',(3.216245299353E-16,-1.,0.));
#2958 = DIRECTION('',(0.,0.,1.));
#2959 = ORIENTED_EDGE('',*,*,#2960,.F.);
#2960 = EDGE_CURVE('',#2271,#2952,#2961,.T.);
#2961 = LINE('',#2962,#2963);
#2962 = CARTESIAN_POINT('',(3.81,0.2285,2.157));
#2963 = VECTOR('',#2964,1.);
#2964 = DIRECTION('',(1.,3.216245299353E-16,0.));
#2965 = PLANE('',#2966);
#2966 = AXIS2_PLACEMENT_3D('',#2967,#2968,#2969);
#2967 = CARTESIAN_POINT('',(0.254,0.2285,2.157));
#2968 = DIRECTION('',(4.440892098501E-16,-1.,2.331176954594E-15));
#2969 = DIRECTION('',(1.035250531786E-30,-2.331176954594E-15,-1.));
#2970 = ADVANCED_FACE('',(#2971),#2995,.T.);
#2971 = FACE_BOUND('',#2972,.T.);
#2972 = EDGE_LOOP('',(#2973,#2981,#2982,#2989));
#2973 = ORIENTED_EDGE('',*,*,#2974,.T.);
#2974 = EDGE_CURVE('',#2975,#2271,#2977,.T.);
#2975 = VERTEX_POINT('',#2976);
#2976 = CARTESIAN_POINT('',(6.91,0.2285,2.157));
#2977 = LINE('',#2978,#2979);
#2978 = CARTESIAN_POINT('',(3.81,0.2285,2.157));
#2979 = VECTOR('',#2980,1.);
#2980 = DIRECTION('',(1.,3.216245299353E-16,0.));
#2981 = ORIENTED_EDGE('',*,*,#2286,.T.);
#2982 = ORIENTED_EDGE('',*,*,#2983,.T.);
#2983 = EDGE_CURVE('',#2280,#2984,#2986,.T.);
#2984 = VERTEX_POINT('',#2985);
#2985 = CARTESIAN_POINT('',(6.91,0.75,2.157));
#2986 = B_SPLINE_CURVE_WITH_KNOTS('',1,(#2987,#2988),.UNSPECIFIED.,.F.,
  .F.,(2,2),(0.,1.),.PIECEWISE_BEZIER_KNOTS.);
#2987 = CARTESIAN_POINT('',(6.985,0.825,2.157));
#2988 = CARTESIAN_POINT('',(6.91,0.75,2.157));
#2989 = ORIENTED_EDGE('',*,*,#2990,.F.);
#2990 = EDGE_CURVE('',#2975,#2984,#2991,.T.);
#2991 = LINE('',#2992,#2993);
#2992 = CARTESIAN_POINT('',(6.91,-8.37,2.157));
#2993 = VECTOR('',#2994,1.);
#2994 = DIRECTION('',(-4.440892098501E-16,1.,0.));
#2995 = B_SPLINE_SURFACE_WITH_KNOTS('',1,1,(
    (#2996,#2997)
    ,(#2998,#2999
    )),.UNSPECIFIED.,.F.,.F.,.F.,(2,2),(2,2),(0.,9.27),(0.,1.),
  .PIECEWISE_BEZIER_KNOTS.);
#2996 = CARTESIAN_POINT('',(6.985,-8.445,2.157));
#2997 = CARTESIAN_POINT('',(6.91,-8.37,2.157));
#2998 = CARTESIAN_POINT('',(6.985,0.825,2.157));
#2999 = CARTESIAN_POINT('',(6.91,0.75,2.157));
#3000 = ADVANCED_FACE('',(#3001),#3053,.F.);
#3001 = FACE_BOUND('',#3002,.F.);
#3002 = EDGE_LOOP('',(#3003,#3004,#3005,#3014,#3022,#3030,#3038,#3047));
#3003 = ORIENTED_EDGE('',*,*,#2362,.T.);
#3004 = ORIENTED_EDGE('',*,*,#2300,.T.);
#3005 = ORIENTED_EDGE('',*,*,#3006,.F.);
#3006 = EDGE_CURVE('',#3007,#2301,#3009,.T.);
#3007 = VERTEX_POINT('',#3008);
#3008 = CARTESIAN_POINT('',(7.493,-6.858,1.776));
#3009 = CIRCLE('',#3010,0.127);
#3010 = AXIS2_PLACEMENT_3D('',#3011,#3012,#3013);
#3011 = CARTESIAN_POINT('',(7.366,-6.858,1.776));
#3012 = DIRECTION('',(3.216245299353E-16,-1.,0.));
#3013 = DIRECTION('',(0.,0.,-1.));
#3014 = ORIENTED_EDGE('',*,*,#3015,.F.);
#3015 = EDGE_CURVE('',#3016,#3007,#3018,.T.);
#3016 = VERTEX_POINT('',#3017);
#3017 = CARTESIAN_POINT('',(7.493,-6.858,0.));
#3018 = LINE('',#3019,#3020);
#3019 = CARTESIAN_POINT('',(7.493,-6.858,0.));
#3020 = VECTOR('',#3021,1.);
#3021 = DIRECTION('',(0.,0.,1.));
#3022 = ORIENTED_EDGE('',*,*,#3023,.F.);
#3023 = EDGE_CURVE('',#3024,#3016,#3026,.T.);
#3024 = VERTEX_POINT('',#3025);
#3025 = CARTESIAN_POINT('',(7.747,-6.858,0.));
#3026 = LINE('',#3027,#3028);
#3027 = CARTESIAN_POINT('',(7.747,-6.858,0.));
#3028 = VECTOR('',#3029,1.);
#3029 = DIRECTION('',(-1.,-3.216245299353E-16,0.));
#3030 = ORIENTED_EDGE('',*,*,#3031,.T.);
#3031 = EDGE_CURVE('',#3024,#3032,#3034,.T.);
#3032 = VERTEX_POINT('',#3033);
#3033 = CARTESIAN_POINT('',(7.747,-6.858,1.776));
#3034 = LINE('',#3035,#3036);
#3035 = CARTESIAN_POINT('',(7.747,-6.858,0.));
#3036 = VECTOR('',#3037,1.);
#3037 = DIRECTION('',(0.,0.,1.));
#3038 = ORIENTED_EDGE('',*,*,#3039,.F.);
#3039 = EDGE_CURVE('',#3040,#3032,#3042,.T.);
#3040 = VERTEX_POINT('',#3041);
#3041 = CARTESIAN_POINT('',(7.366,-6.858,2.157));
#3042 = CIRCLE('',#3043,0.381);
#3043 = AXIS2_PLACEMENT_3D('',#3044,#3045,#3046);
#3044 = CARTESIAN_POINT('',(7.366,-6.858,1.776));
#3045 = DIRECTION('',(-3.216245299353E-16,1.,0.));
#3046 = DIRECTION('',(0.,0.,1.));
#3047 = ORIENTED_EDGE('',*,*,#3048,.F.);
#3048 = EDGE_CURVE('',#2363,#3040,#3049,.T.);
#3049 = LINE('',#3050,#3051);
#3050 = CARTESIAN_POINT('',(3.81,-6.858,2.157));
#3051 = VECTOR('',#3052,1.);
#3052 = DIRECTION('',(1.,3.216245299353E-16,0.));
#3053 = PLANE('',#3054);
#3054 = AXIS2_PLACEMENT_3D('',#3055,#3056,#3057);
#3055 = CARTESIAN_POINT('',(0.254,-6.858,2.157));
#3056 = DIRECTION('',(4.440892098501E-16,-1.,0.));
#3057 = DIRECTION('',(0.,-0.,-1.));
#3058 = ADVANCED_FACE('',(#3059),#3070,.F.);
#3059 = FACE_BOUND('',#3060,.F.);
#3060 = EDGE_LOOP('',(#3061,#3067,#3068,#3069));
#3061 = ORIENTED_EDGE('',*,*,#3062,.T.);
#3062 = EDGE_CURVE('',#2894,#3007,#3063,.T.);
#3063 = LINE('',#3064,#3065);
#3064 = CARTESIAN_POINT('',(7.493,-7.8485,1.776));
#3065 = VECTOR('',#3066,1.);
#3066 = DIRECTION('',(-3.216245299353E-16,1.,0.));
#3067 = ORIENTED_EDGE('',*,*,#3006,.T.);
#3068 = ORIENTED_EDGE('',*,*,#2317,.F.);
#3069 = ORIENTED_EDGE('',*,*,#2901,.F.);
#3070 = CYLINDRICAL_SURFACE('',#3071,0.127);
#3071 = AXIS2_PLACEMENT_3D('',#3072,#3073,#3074);
#3072 = CARTESIAN_POINT('',(7.366,-7.8485,1.776));
#3073 = DIRECTION('',(-3.216245299353E-16,1.,0.));
#3074 = DIRECTION('',(1.,3.216245299353E-16,0.));
#3075 = ADVANCED_FACE('',(#3076),#3095,.F.);
#3076 = FACE_BOUND('',#3077,.F.);
#3077 = EDGE_LOOP('',(#3078,#3079,#3080,#3089));
#3078 = ORIENTED_EDGE('',*,*,#2918,.T.);
#3079 = ORIENTED_EDGE('',*,*,#2348,.T.);
#3080 = ORIENTED_EDGE('',*,*,#3081,.F.);
#3081 = EDGE_CURVE('',#3082,#2341,#3084,.T.);
#3082 = VERTEX_POINT('',#3083);
#3083 = CARTESIAN_POINT('',(7.493,-0.762,1.776));
#3084 = CIRCLE('',#3085,0.127);
#3085 = AXIS2_PLACEMENT_3D('',#3086,#3087,#3088);
#3086 = CARTESIAN_POINT('',(7.366,-0.762,1.776));
#3087 = DIRECTION('',(3.216245299353E-16,-1.,0.));
#3088 = DIRECTION('',(0.,0.,1.));
#3089 = ORIENTED_EDGE('',*,*,#3090,.F.);
#3090 = EDGE_CURVE('',#2919,#3082,#3091,.T.);
#3091 = LINE('',#3092,#3093);
#3092 = CARTESIAN_POINT('',(7.493,0.2285,1.776));
#3093 = VECTOR('',#3094,1.);
#3094 = DIRECTION('',(3.216245299353E-16,-1.,0.));
#3095 = CYLINDRICAL_SURFACE('',#3096,0.127);
#3096 = AXIS2_PLACEMENT_3D('',#3097,#3098,#3099);
#3097 = CARTESIAN_POINT('',(7.366,0.2285,1.776));
#3098 = DIRECTION('',(3.216245299353E-16,-1.,0.));
#3099 = DIRECTION('',(1.,3.216245299353E-16,0.));
#3100 = ADVANCED_FACE('',(#3101),#3145,.T.);
#3101 = FACE_BOUND('',#3102,.T.);
#3102 = EDGE_LOOP('',(#3103,#3104,#3105,#3106,#3114,#3122,#3130,#3139));
#3103 = ORIENTED_EDGE('',*,*,#2402,.T.);
#3104 = ORIENTED_EDGE('',*,*,#2340,.F.);
#3105 = ORIENTED_EDGE('',*,*,#3081,.F.);
#3106 = ORIENTED_EDGE('',*,*,#3107,.F.);
#3107 = EDGE_CURVE('',#3108,#3082,#3110,.T.);
#3108 = VERTEX_POINT('',#3109);
#3109 = CARTESIAN_POINT('',(7.493,-0.762,0.));
#3110 = LINE('',#3111,#3112);
#3111 = CARTESIAN_POINT('',(7.493,-0.762,0.));
#3112 = VECTOR('',#3113,1.);
#3113 = DIRECTION('',(0.,0.,1.));
#3114 = ORIENTED_EDGE('',*,*,#3115,.F.);
#3115 = EDGE_CURVE('',#3116,#3108,#3118,.T.);
#3116 = VERTEX_POINT('',#3117);
#3117 = CARTESIAN_POINT('',(7.747,-0.762,0.));
#3118 = LINE('',#3119,#3120);
#3119 = CARTESIAN_POINT('',(7.747,-0.762,0.));
#3120 = VECTOR('',#3121,1.);
#3121 = DIRECTION('',(-1.,-3.216245299353E-16,0.));
#3122 = ORIENTED_EDGE('',*,*,#3123,.T.);
#3123 = EDGE_CURVE('',#3116,#3124,#3126,.T.);
#3124 = VERTEX_POINT('',#3125);
#3125 = CARTESIAN_POINT('',(7.747,-0.762,1.776));
#3126 = LINE('',#3127,#3128);
#3127 = CARTESIAN_POINT('',(7.747,-0.762,0.));
#3128 = VECTOR('',#3129,1.);
#3129 = DIRECTION('',(0.,0.,1.));
#3130 = ORIENTED_EDGE('',*,*,#3131,.T.);
#3131 = EDGE_CURVE('',#3124,#3132,#3134,.T.);
#3132 = VERTEX_POINT('',#3133);
#3133 = CARTESIAN_POINT('',(7.366,-0.762,2.157));
#3134 = CIRCLE('',#3135,0.381);
#3135 = AXIS2_PLACEMENT_3D('',#3136,#3137,#3138);
#3136 = CARTESIAN_POINT('',(7.366,-0.762,1.776));
#3137 = DIRECTION('',(3.216245299353E-16,-1.,0.));
#3138 = DIRECTION('',(0.,0.,1.));
#3139 = ORIENTED_EDGE('',*,*,#3140,.T.);
#3140 = EDGE_CURVE('',#3132,#2403,#3141,.T.);
#3141 = LINE('',#3142,#3143);
#3142 = CARTESIAN_POINT('',(7.747,-0.762,2.157));
#3143 = VECTOR('',#3144,1.);
#3144 = DIRECTION('',(-1.,-3.216245299353E-16,0.));
#3145 = PLANE('',#3146);
#3146 = AXIS2_PLACEMENT_3D('',#3147,#3148,#3149);
#3147 = CARTESIAN_POINT('',(-0.127,-0.762,0.));
#3148 = DIRECTION('',(4.440892098501E-16,-1.,0.));
#3149 = DIRECTION('',(0.,-0.,-1.));
#3150 = ADVANCED_FACE('',(#3151),#3176,.T.);
#3151 = FACE_BOUND('',#3152,.T.);
#3152 = EDGE_LOOP('',(#3153,#3161,#3162,#3170));
#3153 = ORIENTED_EDGE('',*,*,#3154,.T.);
#3154 = EDGE_CURVE('',#3155,#2363,#3157,.T.);
#3155 = VERTEX_POINT('',#3156);
#3156 = CARTESIAN_POINT('',(6.91,-6.858,2.157));
#3157 = LINE('',#3158,#3159);
#3158 = CARTESIAN_POINT('',(3.81,-6.858,2.157));
#3159 = VECTOR('',#3160,1.);
#3160 = DIRECTION('',(1.,3.216245299353E-16,0.));
#3161 = ORIENTED_EDGE('',*,*,#2379,.T.);
#3162 = ORIENTED_EDGE('',*,*,#3163,.T.);
#3163 = EDGE_CURVE('',#2372,#3164,#3166,.T.);
#3164 = VERTEX_POINT('',#3165);
#3165 = CARTESIAN_POINT('',(6.91,-5.842,2.157));
#3166 = LINE('',#3167,#3168);
#3167 = CARTESIAN_POINT('',(7.62,-5.842,2.157));
#3168 = VECTOR('',#3169,1.);
#3169 = DIRECTION('',(-1.,-3.216245299353E-16,0.));
#3170 = ORIENTED_EDGE('',*,*,#3171,.F.);
#3171 = EDGE_CURVE('',#3155,#3164,#3172,.T.);
#3172 = LINE('',#3173,#3174);
#3173 = CARTESIAN_POINT('',(6.91,-8.37,2.157));
#3174 = VECTOR('',#3175,1.);
#3175 = DIRECTION('',(-4.440892098501E-16,1.,0.));
#3176 = B_SPLINE_SURFACE_WITH_KNOTS('',1,1,(
    (#3177,#3178)
    ,(#3179,#3180
    )),.UNSPECIFIED.,.F.,.F.,.F.,(2,2),(2,2),(0.,9.27),(0.,1.),
  .PIECEWISE_BEZIER_KNOTS.);
#3177 = CARTESIAN_POINT('',(6.985,-8.445,2.157));
#3178 = CARTESIAN_POINT('',(6.91,-8.37,2.157));
#3179 = CARTESIAN_POINT('',(6.985,0.825,2.157));
#3180 = CARTESIAN_POINT('',(6.91,0.75,2.157));
#3181 = ADVANCED_FACE('',(#3182),#3234,.F.);
#3182 = FACE_BOUND('',#3183,.F.);
#3183 = EDGE_LOOP('',(#3184,#3185,#3186,#3194,#3203,#3211,#3219,#3227));
#3184 = ORIENTED_EDGE('',*,*,#2433,.T.);
#3185 = ORIENTED_EDGE('',*,*,#2371,.T.);
#3186 = ORIENTED_EDGE('',*,*,#3187,.F.);
#3187 = EDGE_CURVE('',#3188,#2372,#3190,.T.);
#3188 = VERTEX_POINT('',#3189);
#3189 = CARTESIAN_POINT('',(7.366,-5.842,2.157));
#3190 = LINE('',#3191,#3192);
#3191 = CARTESIAN_POINT('',(7.62,-5.842,2.157));
#3192 = VECTOR('',#3193,1.);
#3193 = DIRECTION('',(-1.,-3.216245299353E-16,0.));
#3194 = ORIENTED_EDGE('',*,*,#3195,.T.);
#3195 = EDGE_CURVE('',#3188,#3196,#3198,.T.);
#3196 = VERTEX_POINT('',#3197);
#3197 = CARTESIAN_POINT('',(7.747,-5.842,1.776));
#3198 = CIRCLE('',#3199,0.381);
#3199 = AXIS2_PLACEMENT_3D('',#3200,#3201,#3202);
#3200 = CARTESIAN_POINT('',(7.366,-5.842,1.776));
#3201 = DIRECTION('',(-3.216245299353E-16,1.,0.));
#3202 = DIRECTION('',(0.,0.,1.));
#3203 = ORIENTED_EDGE('',*,*,#3204,.T.);
#3204 = EDGE_CURVE('',#3196,#3205,#3207,.T.);
#3205 = VERTEX_POINT('',#3206);
#3206 = CARTESIAN_POINT('',(7.747,-5.842,0.));
#3207 = LINE('',#3208,#3209);
#3208 = CARTESIAN_POINT('',(7.747,-5.842,2.157));
#3209 = VECTOR('',#3210,1.);
#3210 = DIRECTION('',(0.,0.,-1.));
#3211 = ORIENTED_EDGE('',*,*,#3212,.T.);
#3212 = EDGE_CURVE('',#3205,#3213,#3215,.T.);
#3213 = VERTEX_POINT('',#3214);
#3214 = CARTESIAN_POINT('',(7.493,-5.842,0.));
#3215 = LINE('',#3216,#3217);
#3216 = CARTESIAN_POINT('',(7.747,-5.842,0.));
#3217 = VECTOR('',#3218,1.);
#3218 = DIRECTION('',(-1.,-3.216245299353E-16,0.));
#3219 = ORIENTED_EDGE('',*,*,#3220,.F.);
#3220 = EDGE_CURVE('',#3221,#3213,#3223,.T.);
#3221 = VERTEX_POINT('',#3222);
#3222 = CARTESIAN_POINT('',(7.493,-5.842,1.776));
#3223 = LINE('',#3224,#3225);
#3224 = CARTESIAN_POINT('',(7.493,-5.842,2.157));
#3225 = VECTOR('',#3226,1.);
#3226 = DIRECTION('',(0.,0.,-1.));
#3227 = ORIENTED_EDGE('',*,*,#3228,.T.);
#3228 = EDGE_CURVE('',#3221,#2434,#3229,.T.);
#3229 = CIRCLE('',#3230,0.127);
#3230 = AXIS2_PLACEMENT_3D('',#3231,#3232,#3233);
#3231 = CARTESIAN_POINT('',(7.366,-5.842,1.776));
#3232 = DIRECTION('',(3.216245299353E-16,-1.,0.));
#3233 = DIRECTION('',(0.,0.,-1.));
#3234 = PLANE('',#3235);
#3235 = AXIS2_PLACEMENT_3D('',#3236,#3237,#3238);
#3236 = CARTESIAN_POINT('',(0.254,-5.842,2.157));
#3237 = DIRECTION('',(-4.440892098501E-16,1.,0.));
#3238 = DIRECTION('',(0.,0.,1.));
#3239 = ADVANCED_FACE('',(#3240),#3292,.T.);
#3240 = FACE_BOUND('',#3241,.T.);
#3241 = EDGE_LOOP('',(#3242,#3243,#3244,#3252,#3261,#3269,#3277,#3285));
#3242 = ORIENTED_EDGE('',*,*,#2455,.F.);
#3243 = ORIENTED_EDGE('',*,*,#2393,.T.);
#3244 = ORIENTED_EDGE('',*,*,#3245,.T.);
#3245 = EDGE_CURVE('',#2394,#3246,#3248,.T.);
#3246 = VERTEX_POINT('',#3247);
#3247 = CARTESIAN_POINT('',(7.366,-1.778,2.157));
#3248 = LINE('',#3249,#3250);
#3249 = CARTESIAN_POINT('',(3.683,-1.778,2.157));
#3250 = VECTOR('',#3251,1.);
#3251 = DIRECTION('',(1.,3.216245299353E-16,0.));
#3252 = ORIENTED_EDGE('',*,*,#3253,.T.);
#3253 = EDGE_CURVE('',#3246,#3254,#3256,.T.);
#3254 = VERTEX_POINT('',#3255);
#3255 = CARTESIAN_POINT('',(7.747,-1.778,1.776));
#3256 = CIRCLE('',#3257,0.381);
#3257 = AXIS2_PLACEMENT_3D('',#3258,#3259,#3260);
#3258 = CARTESIAN_POINT('',(7.366,-1.778,1.776));
#3259 = DIRECTION('',(-3.216245299353E-16,1.,0.));
#3260 = DIRECTION('',(0.,0.,1.));
#3261 = ORIENTED_EDGE('',*,*,#3262,.F.);
#3262 = EDGE_CURVE('',#3263,#3254,#3265,.T.);
#3263 = VERTEX_POINT('',#3264);
#3264 = CARTESIAN_POINT('',(7.747,-1.778,0.));
#3265 = LINE('',#3266,#3267);
#3266 = CARTESIAN_POINT('',(7.747,-1.778,0.));
#3267 = VECTOR('',#3268,1.);
#3268 = DIRECTION('',(0.,0.,1.));
#3269 = ORIENTED_EDGE('',*,*,#3270,.T.);
#3270 = EDGE_CURVE('',#3263,#3271,#3273,.T.);
#3271 = VERTEX_POINT('',#3272);
#3272 = CARTESIAN_POINT('',(7.493,-1.778,0.));
#3273 = LINE('',#3274,#3275);
#3274 = CARTESIAN_POINT('',(7.747,-1.778,0.));
#3275 = VECTOR('',#3276,1.);
#3276 = DIRECTION('',(-1.,-3.216245299353E-16,0.));
#3277 = ORIENTED_EDGE('',*,*,#3278,.T.);
#3278 = EDGE_CURVE('',#3271,#3279,#3281,.T.);
#3279 = VERTEX_POINT('',#3280);
#3280 = CARTESIAN_POINT('',(7.493,-1.778,1.776));
#3281 = LINE('',#3282,#3283);
#3282 = CARTESIAN_POINT('',(7.493,-1.778,0.));
#3283 = VECTOR('',#3284,1.);
#3284 = DIRECTION('',(0.,0.,1.));
#3285 = ORIENTED_EDGE('',*,*,#3286,.T.);
#3286 = EDGE_CURVE('',#3279,#2456,#3287,.T.);
#3287 = CIRCLE('',#3288,0.127);
#3288 = AXIS2_PLACEMENT_3D('',#3289,#3290,#3291);
#3289 = CARTESIAN_POINT('',(7.366,-1.778,1.776));
#3290 = DIRECTION('',(3.216245299353E-16,-1.,0.));
#3291 = DIRECTION('',(0.,0.,-1.));
#3292 = PLANE('',#3293);
#3293 = AXIS2_PLACEMENT_3D('',#3294,#3295,#3296);
#3294 = CARTESIAN_POINT('',(0.254,-1.778,2.157));
#3295 = DIRECTION('',(-4.440892098501E-16,1.,0.));
#3296 = DIRECTION('',(0.,0.,1.));
#3297 = ADVANCED_FACE('',(#3298),#3323,.T.);
#3298 = FACE_BOUND('',#3299,.T.);
#3299 = EDGE_LOOP('',(#3300,#3308,#3309,#3317));
#3300 = ORIENTED_EDGE('',*,*,#3301,.T.);
#3301 = EDGE_CURVE('',#3302,#2394,#3304,.T.);
#3302 = VERTEX_POINT('',#3303);
#3303 = CARTESIAN_POINT('',(6.91,-1.778,2.157));
#3304 = LINE('',#3305,#3306);
#3305 = CARTESIAN_POINT('',(3.683,-1.778,2.157));
#3306 = VECTOR('',#3307,1.);
#3307 = DIRECTION('',(1.,3.216245299353E-16,0.));
#3308 = ORIENTED_EDGE('',*,*,#2410,.T.);
#3309 = ORIENTED_EDGE('',*,*,#3310,.T.);
#3310 = EDGE_CURVE('',#2403,#3311,#3313,.T.);
#3311 = VERTEX_POINT('',#3312);
#3312 = CARTESIAN_POINT('',(6.91,-0.762,2.157));
#3313 = LINE('',#3314,#3315);
#3314 = CARTESIAN_POINT('',(7.747,-0.762,2.157));
#3315 = VECTOR('',#3316,1.);
#3316 = DIRECTION('',(-1.,-3.216245299353E-16,0.));
#3317 = ORIENTED_EDGE('',*,*,#3318,.F.);
#3318 = EDGE_CURVE('',#3302,#3311,#3319,.T.);
#3319 = LINE('',#3320,#3321);
#3320 = CARTESIAN_POINT('',(6.91,-8.37,2.157));
#3321 = VECTOR('',#3322,1.);
#3322 = DIRECTION('',(-4.440892098501E-16,1.,0.));
#3323 = B_SPLINE_SURFACE_WITH_KNOTS('',1,1,(
    (#3324,#3325)
    ,(#3326,#3327
    )),.UNSPECIFIED.,.F.,.F.,.F.,(2,2),(2,2),(0.,9.27),(0.,1.),
  .PIECEWISE_BEZIER_KNOTS.);
#3324 = CARTESIAN_POINT('',(6.985,-8.445,2.157));
#3325 = CARTESIAN_POINT('',(6.91,-8.37,2.157));
#3326 = CARTESIAN_POINT('',(6.985,0.825,2.157));
#3327 = CARTESIAN_POINT('',(6.91,0.75,2.157));
#3328 = ADVANCED_FACE('',(#3329),#3381,.T.);
#3329 = FACE_BOUND('',#3330,.T.);
#3330 = EDGE_LOOP('',(#3331,#3332,#3333,#3341,#3350,#3358,#3366,#3374));
#3331 = ORIENTED_EDGE('',*,*,#2424,.F.);
#3332 = ORIENTED_EDGE('',*,*,#2486,.T.);
#3333 = ORIENTED_EDGE('',*,*,#3334,.T.);
#3334 = EDGE_CURVE('',#2487,#3335,#3337,.T.);
#3335 = VERTEX_POINT('',#3336);
#3336 = CARTESIAN_POINT('',(7.366,-4.318,2.157));
#3337 = LINE('',#3338,#3339);
#3338 = CARTESIAN_POINT('',(3.683,-4.318,2.157));
#3339 = VECTOR('',#3340,1.);
#3340 = DIRECTION('',(1.,3.216245299353E-16,0.));
#3341 = ORIENTED_EDGE('',*,*,#3342,.T.);
#3342 = EDGE_CURVE('',#3335,#3343,#3345,.T.);
#3343 = VERTEX_POINT('',#3344);
#3344 = CARTESIAN_POINT('',(7.747,-4.318,1.776));
#3345 = CIRCLE('',#3346,0.381);
#3346 = AXIS2_PLACEMENT_3D('',#3347,#3348,#3349);
#3347 = CARTESIAN_POINT('',(7.366,-4.318,1.776));
#3348 = DIRECTION('',(-3.216245299353E-16,1.,0.));
#3349 = DIRECTION('',(0.,0.,1.));
#3350 = ORIENTED_EDGE('',*,*,#3351,.F.);
#3351 = EDGE_CURVE('',#3352,#3343,#3354,.T.);
#3352 = VERTEX_POINT('',#3353);
#3353 = CARTESIAN_POINT('',(7.747,-4.318,0.));
#3354 = LINE('',#3355,#3356);
#3355 = CARTESIAN_POINT('',(7.747,-4.318,0.));
#3356 = VECTOR('',#3357,1.);
#3357 = DIRECTION('',(0.,0.,1.));
#3358 = ORIENTED_EDGE('',*,*,#3359,.T.);
#3359 = EDGE_CURVE('',#3352,#3360,#3362,.T.);
#3360 = VERTEX_POINT('',#3361);
#3361 = CARTESIAN_POINT('',(7.493,-4.318,0.));
#3362 = LINE('',#3363,#3364);
#3363 = CARTESIAN_POINT('',(7.747,-4.318,0.));
#3364 = VECTOR('',#3365,1.);
#3365 = DIRECTION('',(-1.,-3.216245299353E-16,0.));
#3366 = ORIENTED_EDGE('',*,*,#3367,.T.);
#3367 = EDGE_CURVE('',#3360,#3368,#3370,.T.);
#3368 = VERTEX_POINT('',#3369);
#3369 = CARTESIAN_POINT('',(7.493,-4.318,1.776));
#3370 = LINE('',#3371,#3372);
#3371 = CARTESIAN_POINT('',(7.493,-4.318,0.));
#3372 = VECTOR('',#3373,1.);
#3373 = DIRECTION('',(0.,0.,1.));
#3374 = ORIENTED_EDGE('',*,*,#3375,.T.);
#3375 = EDGE_CURVE('',#3368,#2425,#3376,.T.);
#3376 = CIRCLE('',#3377,0.127);
#3377 = AXIS2_PLACEMENT_3D('',#3378,#3379,#3380);
#3378 = CARTESIAN_POINT('',(7.366,-4.318,1.776));
#3379 = DIRECTION('',(3.216245299353E-16,-1.,0.));
#3380 = DIRECTION('',(0.,0.,-1.));
#3381 = PLANE('',#3382);
#3382 = AXIS2_PLACEMENT_3D('',#3383,#3384,#3385);
#3383 = CARTESIAN_POINT('',(0.254,-4.318,2.157));
#3384 = DIRECTION('',(-4.440892098501E-16,1.,0.));
#3385 = DIRECTION('',(0.,0.,1.));
#3386 = ADVANCED_FACE('',(#3387),#3398,.F.);
#3387 = FACE_BOUND('',#3388,.F.);
#3388 = EDGE_LOOP('',(#3389,#3395,#3396,#3397));
#3389 = ORIENTED_EDGE('',*,*,#3390,.T.);
#3390 = EDGE_CURVE('',#3221,#3368,#3391,.T.);
#3391 = LINE('',#3392,#3393);
#3392 = CARTESIAN_POINT('',(7.493,-5.842,1.776));
#3393 = VECTOR('',#3394,1.);
#3394 = DIRECTION('',(-3.216245299353E-16,1.,0.));
#3395 = ORIENTED_EDGE('',*,*,#3375,.T.);
#3396 = ORIENTED_EDGE('',*,*,#2441,.F.);
#3397 = ORIENTED_EDGE('',*,*,#3228,.F.);
#3398 = CYLINDRICAL_SURFACE('',#3399,0.127);
#3399 = AXIS2_PLACEMENT_3D('',#3400,#3401,#3402);
#3400 = CARTESIAN_POINT('',(7.366,-5.842,1.776));
#3401 = DIRECTION('',(-3.216245299353E-16,1.,0.));
#3402 = DIRECTION('',(1.,3.216245299353E-16,0.));
#3403 = ADVANCED_FACE('',(#3404),#3423,.F.);
#3404 = FACE_BOUND('',#3405,.F.);
#3405 = EDGE_LOOP('',(#3406,#3414,#3415,#3416));
#3406 = ORIENTED_EDGE('',*,*,#3407,.T.);
#3407 = EDGE_CURVE('',#3408,#3279,#3410,.T.);
#3408 = VERTEX_POINT('',#3409);
#3409 = CARTESIAN_POINT('',(7.493,-3.302,1.776));
#3410 = LINE('',#3411,#3412);
#3411 = CARTESIAN_POINT('',(7.493,-3.302,1.776));
#3412 = VECTOR('',#3413,1.);
#3413 = DIRECTION('',(-3.216245299353E-16,1.,0.));
#3414 = ORIENTED_EDGE('',*,*,#3286,.T.);
#3415 = ORIENTED_EDGE('',*,*,#2472,.F.);
#3416 = ORIENTED_EDGE('',*,*,#3417,.F.);
#3417 = EDGE_CURVE('',#3408,#2465,#3418,.T.);
#3418 = CIRCLE('',#3419,0.127);
#3419 = AXIS2_PLACEMENT_3D('',#3420,#3421,#3422);
#3420 = CARTESIAN_POINT('',(7.366,-3.302,1.776));
#3421 = DIRECTION('',(3.216245299353E-16,-1.,0.));
#3422 = DIRECTION('',(0.,0.,-1.));
#3423 = CYLINDRICAL_SURFACE('',#3424,0.127);
#3424 = AXIS2_PLACEMENT_3D('',#3425,#3426,#3427);
#3425 = CARTESIAN_POINT('',(7.366,-3.302,1.776));
#3426 = DIRECTION('',(-3.216245299353E-16,1.,0.));
#3427 = DIRECTION('',(1.,3.216245299353E-16,0.));
#3428 = ADVANCED_FACE('',(#3429),#3473,.F.);
#3429 = FACE_BOUND('',#3430,.F.);
#3430 = EDGE_LOOP('',(#3431,#3432,#3433,#3441,#3450,#3458,#3466,#3472));
#3431 = ORIENTED_EDGE('',*,*,#2464,.T.);
#3432 = ORIENTED_EDGE('',*,*,#2495,.T.);
#3433 = ORIENTED_EDGE('',*,*,#3434,.F.);
#3434 = EDGE_CURVE('',#3435,#2496,#3437,.T.);
#3435 = VERTEX_POINT('',#3436);
#3436 = CARTESIAN_POINT('',(7.366,-3.302,2.157));
#3437 = LINE('',#3438,#3439);
#3438 = CARTESIAN_POINT('',(7.62,-3.302,2.157));
#3439 = VECTOR('',#3440,1.);
#3440 = DIRECTION('',(-1.,-3.216245299353E-16,0.));
#3441 = ORIENTED_EDGE('',*,*,#3442,.T.);
#3442 = EDGE_CURVE('',#3435,#3443,#3445,.T.);
#3443 = VERTEX_POINT('',#3444);
#3444 = CARTESIAN_POINT('',(7.747,-3.302,1.776));
#3445 = CIRCLE('',#3446,0.381);
#3446 = AXIS2_PLACEMENT_3D('',#3447,#3448,#3449);
#3447 = CARTESIAN_POINT('',(7.366,-3.302,1.776));
#3448 = DIRECTION('',(-3.216245299353E-16,1.,0.));
#3449 = DIRECTION('',(0.,0.,1.));
#3450 = ORIENTED_EDGE('',*,*,#3451,.T.);
#3451 = EDGE_CURVE('',#3443,#3452,#3454,.T.);
#3452 = VERTEX_POINT('',#3453);
#3453 = CARTESIAN_POINT('',(7.747,-3.302,0.));
#3454 = LINE('',#3455,#3456);
#3455 = CARTESIAN_POINT('',(7.747,-3.302,2.157));
#3456 = VECTOR('',#3457,1.);
#3457 = DIRECTION('',(0.,0.,-1.));
#3458 = ORIENTED_EDGE('',*,*,#3459,.T.);
#3459 = EDGE_CURVE('',#3452,#3460,#3462,.T.);
#3460 = VERTEX_POINT('',#3461);
#3461 = CARTESIAN_POINT('',(7.493,-3.302,0.));
#3462 = LINE('',#3463,#3464);
#3463 = CARTESIAN_POINT('',(7.747,-3.302,0.));
#3464 = VECTOR('',#3465,1.);
#3465 = DIRECTION('',(-1.,-3.216245299353E-16,0.));
#3466 = ORIENTED_EDGE('',*,*,#3467,.F.);
#3467 = EDGE_CURVE('',#3408,#3460,#3468,.T.);
#3468 = LINE('',#3469,#3470);
#3469 = CARTESIAN_POINT('',(7.493,-3.302,2.157));
#3470 = VECTOR('',#3471,1.);
#3471 = DIRECTION('',(0.,0.,-1.));
#3472 = ORIENTED_EDGE('',*,*,#3417,.T.);
#3473 = PLANE('',#3474);
#3474 = AXIS2_PLACEMENT_3D('',#3475,#3476,#3477);
#3475 = CARTESIAN_POINT('',(0.254,-3.302,2.157));
#3476 = DIRECTION('',(-4.440892098501E-16,1.,0.));
#3477 = DIRECTION('',(0.,0.,1.));
#3478 = ADVANCED_FACE('',(#3479),#3504,.T.);
#3479 = FACE_BOUND('',#3480,.T.);
#3480 = EDGE_LOOP('',(#3481,#3489,#3490,#3498));
#3481 = ORIENTED_EDGE('',*,*,#3482,.T.);
#3482 = EDGE_CURVE('',#3483,#2487,#3485,.T.);
#3483 = VERTEX_POINT('',#3484);
#3484 = CARTESIAN_POINT('',(6.91,-4.318,2.157));
#3485 = LINE('',#3486,#3487);
#3486 = CARTESIAN_POINT('',(3.683,-4.318,2.157));
#3487 = VECTOR('',#3488,1.);
#3488 = DIRECTION('',(1.,3.216245299353E-16,0.));
#3489 = ORIENTED_EDGE('',*,*,#2503,.T.);
#3490 = ORIENTED_EDGE('',*,*,#3491,.T.);
#3491 = EDGE_CURVE('',#2496,#3492,#3494,.T.);
#3492 = VERTEX_POINT('',#3493);
#3493 = CARTESIAN_POINT('',(6.91,-3.302,2.157));
#3494 = LINE('',#3495,#3496);
#3495 = CARTESIAN_POINT('',(7.62,-3.302,2.157));
#3496 = VECTOR('',#3497,1.);
#3497 = DIRECTION('',(-1.,-3.216245299353E-16,0.));
#3498 = ORIENTED_EDGE('',*,*,#3499,.F.);
#3499 = EDGE_CURVE('',#3483,#3492,#3500,.T.);
#3500 = LINE('',#3501,#3502);
#3501 = CARTESIAN_POINT('',(6.91,-8.37,2.157));
#3502 = VECTOR('',#3503,1.);
#3503 = DIRECTION('',(-4.440892098501E-16,1.,0.));
#3504 = B_SPLINE_SURFACE_WITH_KNOTS('',1,1,(
    (#3505,#3506)
    ,(#3507,#3508
    )),.UNSPECIFIED.,.F.,.F.,.F.,(2,2),(2,2),(0.,9.27),(0.,1.),
  .PIECEWISE_BEZIER_KNOTS.);
#3505 = CARTESIAN_POINT('',(6.985,-8.445,2.157));
#3506 = CARTESIAN_POINT('',(6.91,-8.37,2.157));
#3507 = CARTESIAN_POINT('',(6.985,0.825,2.157));
#3508 = CARTESIAN_POINT('',(6.91,0.75,2.157));
#3509 = ADVANCED_FACE('',(#3510),#3527,.T.);
#3510 = FACE_BOUND('',#3511,.T.);
#3511 = EDGE_LOOP('',(#3512,#3513,#3520,#3526));
#3512 = ORIENTED_EDGE('',*,*,#2525,.T.);
#3513 = ORIENTED_EDGE('',*,*,#3514,.T.);
#3514 = EDGE_CURVE('',#2519,#3515,#3517,.T.);
#3515 = VERTEX_POINT('',#3516);
#3516 = CARTESIAN_POINT('',(0.71,0.75,2.157));
#3517 = B_SPLINE_CURVE_WITH_KNOTS('',1,(#3518,#3519),.UNSPECIFIED.,.F.,
  .F.,(2,2),(0.,1.),.PIECEWISE_BEZIER_KNOTS.);
#3518 = CARTESIAN_POINT('',(0.635,0.825,2.157));
#3519 = CARTESIAN_POINT('',(0.71,0.75,2.157));
#3520 = ORIENTED_EDGE('',*,*,#3521,.F.);
#3521 = EDGE_CURVE('',#2984,#3515,#3522,.T.);
#3522 = LINE('',#3523,#3524);
#3523 = CARTESIAN_POINT('',(6.91,0.75,2.157));
#3524 = VECTOR('',#3525,1.);
#3525 = DIRECTION('',(-1.,-4.440892098501E-16,0.));
#3526 = ORIENTED_EDGE('',*,*,#2983,.F.);
#3527 = B_SPLINE_SURFACE_WITH_KNOTS('',1,1,(
    (#3528,#3529)
    ,(#3530,#3531
    )),.UNSPECIFIED.,.F.,.F.,.F.,(2,2),(2,2),(0.,6.35),(0.,1.),
  .PIECEWISE_BEZIER_KNOTS.);
#3528 = CARTESIAN_POINT('',(6.985,0.825,2.157));
#3529 = CARTESIAN_POINT('',(6.91,0.75,2.157));
#3530 = CARTESIAN_POINT('',(0.635,0.825,2.157));
#3531 = CARTESIAN_POINT('',(0.71,0.75,2.157));
#3532 = ADVANCED_FACE('',(#3533),#3551,.T.);
#3533 = FACE_BOUND('',#3534,.T.);
#3534 = EDGE_LOOP('',(#3535,#3536,#3537,#3545));
#3535 = ORIENTED_EDGE('',*,*,#3514,.F.);
#3536 = ORIENTED_EDGE('',*,*,#2550,.T.);
#3537 = ORIENTED_EDGE('',*,*,#3538,.T.);
#3538 = EDGE_CURVE('',#2543,#3539,#3541,.T.);
#3539 = VERTEX_POINT('',#3540);
#3540 = CARTESIAN_POINT('',(0.71,0.2285,2.157));
#3541 = LINE('',#3542,#3543);
#3542 = CARTESIAN_POINT('',(-0.127,0.2285,2.157));
#3543 = VECTOR('',#3544,1.);
#3544 = DIRECTION('',(1.,4.440892098501E-16,0.));
#3545 = ORIENTED_EDGE('',*,*,#3546,.F.);
#3546 = EDGE_CURVE('',#3515,#3539,#3547,.T.);
#3547 = LINE('',#3548,#3549);
#3548 = CARTESIAN_POINT('',(0.71,0.75,2.157));
#3549 = VECTOR('',#3550,1.);
#3550 = DIRECTION('',(4.440892098501E-16,-1.,0.));
#3551 = B_SPLINE_SURFACE_WITH_KNOTS('',1,1,(
    (#3552,#3553)
    ,(#3554,#3555
    )),.UNSPECIFIED.,.F.,.F.,.F.,(2,2),(2,2),(0.,9.27),(0.,1.),
  .PIECEWISE_BEZIER_KNOTS.);
#3552 = CARTESIAN_POINT('',(0.635,0.825,2.157));
#3553 = CARTESIAN_POINT('',(0.71,0.75,2.157));
#3554 = CARTESIAN_POINT('',(0.635,-8.445,2.157));
#3555 = CARTESIAN_POINT('',(0.71,-8.37,2.157));
#3556 = ADVANCED_FACE('',(#3557),#3609,.F.);
#3557 = FACE_BOUND('',#3558,.F.);
#3558 = EDGE_LOOP('',(#3559,#3567,#3576,#3584,#3592,#3600,#3607,#3608));
#3559 = ORIENTED_EDGE('',*,*,#3560,.F.);
#3560 = EDGE_CURVE('',#3561,#2543,#3563,.T.);
#3561 = VERTEX_POINT('',#3562);
#3562 = CARTESIAN_POINT('',(0.254,0.2285,2.157));
#3563 = LINE('',#3564,#3565);
#3564 = CARTESIAN_POINT('',(-0.127,0.2285,2.157));
#3565 = VECTOR('',#3566,1.);
#3566 = DIRECTION('',(1.,4.440892098501E-16,0.));
#3567 = ORIENTED_EDGE('',*,*,#3568,.T.);
#3568 = EDGE_CURVE('',#3561,#3569,#3571,.T.);
#3569 = VERTEX_POINT('',#3570);
#3570 = CARTESIAN_POINT('',(-0.127,0.2285,1.776));
#3571 = CIRCLE('',#3572,0.381);
#3572 = AXIS2_PLACEMENT_3D('',#3573,#3574,#3575);
#3573 = CARTESIAN_POINT('',(0.254,0.2285,1.776));
#3574 = DIRECTION('',(4.440892098501E-16,-1.,0.));
#3575 = DIRECTION('',(0.,0.,1.));
#3576 = ORIENTED_EDGE('',*,*,#3577,.T.);
#3577 = EDGE_CURVE('',#3569,#3578,#3580,.T.);
#3578 = VERTEX_POINT('',#3579);
#3579 = CARTESIAN_POINT('',(-0.127,0.2285,-2.843));
#3580 = LINE('',#3581,#3582);
#3581 = CARTESIAN_POINT('',(-0.127,0.2285,2.157));
#3582 = VECTOR('',#3583,1.);
#3583 = DIRECTION('',(-0.,0.,-1.));
#3584 = ORIENTED_EDGE('',*,*,#3585,.T.);
#3585 = EDGE_CURVE('',#3578,#3586,#3588,.T.);
#3586 = VERTEX_POINT('',#3587);
#3587 = CARTESIAN_POINT('',(0.127,0.2285,-2.843));
#3588 = LINE('',#3589,#3590);
#3589 = CARTESIAN_POINT('',(-0.127,0.2285,-2.843));
#3590 = VECTOR('',#3591,1.);
#3591 = DIRECTION('',(1.,4.440892098501E-16,0.));
#3592 = ORIENTED_EDGE('',*,*,#3593,.F.);
#3593 = EDGE_CURVE('',#3594,#3586,#3596,.T.);
#3594 = VERTEX_POINT('',#3595);
#3595 = CARTESIAN_POINT('',(0.127,0.2285,1.776));
#3596 = LINE('',#3597,#3598);
#3597 = CARTESIAN_POINT('',(0.127,0.2285,2.157));
#3598 = VECTOR('',#3599,1.);
#3599 = DIRECTION('',(-0.,0.,-1.));
#3600 = ORIENTED_EDGE('',*,*,#3601,.T.);
#3601 = EDGE_CURVE('',#3594,#2595,#3602,.T.);
#3602 = CIRCLE('',#3603,0.127);
#3603 = AXIS2_PLACEMENT_3D('',#3604,#3605,#3606);
#3604 = CARTESIAN_POINT('',(0.254,0.2285,1.776));
#3605 = DIRECTION('',(-4.440892098501E-16,1.,0.));
#3606 = DIRECTION('',(0.,0.,-1.));
#3607 = ORIENTED_EDGE('',*,*,#2594,.T.);
#3608 = ORIENTED_EDGE('',*,*,#2542,.T.);
#3609 = PLANE('',#3610);
#3610 = AXIS2_PLACEMENT_3D('',#3611,#3612,#3613);
#3611 = CARTESIAN_POINT('',(0.254,0.2285,2.157));
#3612 = DIRECTION('',(4.440892098501E-16,-1.,2.331176954594E-15));
#3613 = DIRECTION('',(1.035250531786E-30,-2.331176954594E-15,-1.));
#3614 = ADVANCED_FACE('',(#3615),#3667,.F.);
#3615 = FACE_BOUND('',#3616,.F.);
#3616 = EDGE_LOOP('',(#3617,#3627,#3636,#3642,#3643,#3644,#3653,#3661));
#3617 = ORIENTED_EDGE('',*,*,#3618,.F.);
#3618 = EDGE_CURVE('',#3619,#3621,#3623,.T.);
#3619 = VERTEX_POINT('',#3620);
#3620 = CARTESIAN_POINT('',(-0.127,-7.8485,1.776));
#3621 = VERTEX_POINT('',#3622);
#3622 = CARTESIAN_POINT('',(-0.127,-7.8485,-2.843));
#3623 = LINE('',#3624,#3625);
#3624 = CARTESIAN_POINT('',(-0.127,-7.8485,2.157));
#3625 = VECTOR('',#3626,1.);
#3626 = DIRECTION('',(-0.,0.,-1.));
#3627 = ORIENTED_EDGE('',*,*,#3628,.T.);
#3628 = EDGE_CURVE('',#3619,#3629,#3631,.T.);
#3629 = VERTEX_POINT('',#3630);
#3630 = CARTESIAN_POINT('',(0.254,-7.8485,2.157));
#3631 = CIRCLE('',#3632,0.381);
#3632 = AXIS2_PLACEMENT_3D('',#3633,#3634,#3635);
#3633 = CARTESIAN_POINT('',(0.254,-7.8485,1.776));
#3634 = DIRECTION('',(-4.440892098501E-16,1.,0.));
#3635 = DIRECTION('',(0.,0.,1.));
#3636 = ORIENTED_EDGE('',*,*,#3637,.F.);
#3637 = EDGE_CURVE('',#2565,#3629,#3638,.T.);
#3638 = LINE('',#3639,#3640);
#3639 = CARTESIAN_POINT('',(3.81,-7.8485,2.157));
#3640 = VECTOR('',#3641,1.);
#3641 = DIRECTION('',(-1.,-4.440892098501E-16,0.));
#3642 = ORIENTED_EDGE('',*,*,#2564,.T.);
#3643 = ORIENTED_EDGE('',*,*,#2641,.T.);
#3644 = ORIENTED_EDGE('',*,*,#3645,.F.);
#3645 = EDGE_CURVE('',#3646,#2634,#3648,.T.);
#3646 = VERTEX_POINT('',#3647);
#3647 = CARTESIAN_POINT('',(0.127,-7.8485,1.776));
#3648 = CIRCLE('',#3649,0.127);
#3649 = AXIS2_PLACEMENT_3D('',#3650,#3651,#3652);
#3650 = CARTESIAN_POINT('',(0.254,-7.8485,1.776));
#3651 = DIRECTION('',(-4.440892098501E-16,1.,0.));
#3652 = DIRECTION('',(0.,0.,1.));
#3653 = ORIENTED_EDGE('',*,*,#3654,.T.);
#3654 = EDGE_CURVE('',#3646,#3655,#3657,.T.);
#3655 = VERTEX_POINT('',#3656);
#3656 = CARTESIAN_POINT('',(0.127,-7.8485,-2.843));
#3657 = LINE('',#3658,#3659);
#3658 = CARTESIAN_POINT('',(0.127,-7.8485,2.157));
#3659 = VECTOR('',#3660,1.);
#3660 = DIRECTION('',(-0.,0.,-1.));
#3661 = ORIENTED_EDGE('',*,*,#3662,.F.);
#3662 = EDGE_CURVE('',#3621,#3655,#3663,.T.);
#3663 = LINE('',#3664,#3665);
#3664 = CARTESIAN_POINT('',(-0.127,-7.8485,-2.843));
#3665 = VECTOR('',#3666,1.);
#3666 = DIRECTION('',(1.,4.440892098501E-16,0.));
#3667 = PLANE('',#3668);
#3668 = AXIS2_PLACEMENT_3D('',#3669,#3670,#3671);
#3669 = CARTESIAN_POINT('',(-0.127,-7.8485,1.776));
#3670 = DIRECTION('',(-4.440892098501E-16,1.,0.));
#3671 = DIRECTION('',(0.,0.,1.));
#3672 = ADVANCED_FACE('',(#3673),#3697,.T.);
#3673 = FACE_BOUND('',#3674,.T.);
#3674 = EDGE_LOOP('',(#3675,#3683,#3684,#3691));
#3675 = ORIENTED_EDGE('',*,*,#3676,.T.);
#3676 = EDGE_CURVE('',#3677,#2565,#3679,.T.);
#3677 = VERTEX_POINT('',#3678);
#3678 = CARTESIAN_POINT('',(0.71,-7.8485,2.157));
#3679 = LINE('',#3680,#3681);
#3680 = CARTESIAN_POINT('',(3.81,-7.8485,2.157));
#3681 = VECTOR('',#3682,1.);
#3682 = DIRECTION('',(-1.,-4.440892098501E-16,0.));
#3683 = ORIENTED_EDGE('',*,*,#2580,.T.);
#3684 = ORIENTED_EDGE('',*,*,#3685,.T.);
#3685 = EDGE_CURVE('',#2574,#3686,#3688,.T.);
#3686 = VERTEX_POINT('',#3687);
#3687 = CARTESIAN_POINT('',(0.71,-8.37,2.157));
#3688 = B_SPLINE_CURVE_WITH_KNOTS('',1,(#3689,#3690),.UNSPECIFIED.,.F.,
  .F.,(2,2),(0.,1.),.PIECEWISE_BEZIER_KNOTS.);
#3689 = CARTESIAN_POINT('',(0.635,-8.445,2.157));
#3690 = CARTESIAN_POINT('',(0.71,-8.37,2.157));
#3691 = ORIENTED_EDGE('',*,*,#3692,.F.);
#3692 = EDGE_CURVE('',#3677,#3686,#3693,.T.);
#3693 = LINE('',#3694,#3695);
#3694 = CARTESIAN_POINT('',(0.71,0.75,2.157));
#3695 = VECTOR('',#3696,1.);
#3696 = DIRECTION('',(4.440892098501E-16,-1.,0.));
#3697 = B_SPLINE_SURFACE_WITH_KNOTS('',1,1,(
    (#3698,#3699)
    ,(#3700,#3701
    )),.UNSPECIFIED.,.F.,.F.,.F.,(2,2),(2,2),(0.,9.27),(0.,1.),
  .PIECEWISE_BEZIER_KNOTS.);
#3698 = CARTESIAN_POINT('',(0.635,0.825,2.157));
#3699 = CARTESIAN_POINT('',(0.71,0.75,2.157));
#3700 = CARTESIAN_POINT('',(0.635,-8.445,2.157));
#3701 = CARTESIAN_POINT('',(0.71,-8.37,2.157));
#3702 = ADVANCED_FACE('',(#3703),#3755,.T.);
#3703 = FACE_BOUND('',#3704,.T.);
#3704 = EDGE_LOOP('',(#3705,#3716,#3724,#3732,#3740,#3747,#3748,#3749));
#3705 = ORIENTED_EDGE('',*,*,#3706,.T.);
#3706 = EDGE_CURVE('',#3707,#3709,#3711,.T.);
#3707 = VERTEX_POINT('',#3708);
#3708 = CARTESIAN_POINT('',(0.254,-0.762,2.157));
#3709 = VERTEX_POINT('',#3710);
#3710 = CARTESIAN_POINT('',(-0.127,-0.762,1.776));
#3711 = CIRCLE('',#3712,0.381);
#3712 = AXIS2_PLACEMENT_3D('',#3713,#3714,#3715);
#3713 = CARTESIAN_POINT('',(0.254,-0.762,1.776));
#3714 = DIRECTION('',(4.440892098501E-16,-1.,0.));
#3715 = DIRECTION('',(0.,0.,1.));
#3716 = ORIENTED_EDGE('',*,*,#3717,.F.);
#3717 = EDGE_CURVE('',#3718,#3709,#3720,.T.);
#3718 = VERTEX_POINT('',#3719);
#3719 = CARTESIAN_POINT('',(-0.127,-0.762,0.));
#3720 = LINE('',#3721,#3722);
#3721 = CARTESIAN_POINT('',(-0.127,-0.762,0.));
#3722 = VECTOR('',#3723,1.);
#3723 = DIRECTION('',(0.,0.,1.));
#3724 = ORIENTED_EDGE('',*,*,#3725,.T.);
#3725 = EDGE_CURVE('',#3718,#3726,#3728,.T.);
#3726 = VERTEX_POINT('',#3727);
#3727 = CARTESIAN_POINT('',(0.127,-0.762,0.));
#3728 = LINE('',#3729,#3730);
#3729 = CARTESIAN_POINT('',(-0.127,-0.762,0.));
#3730 = VECTOR('',#3731,1.);
#3731 = DIRECTION('',(1.,4.440892098501E-16,0.));
#3732 = ORIENTED_EDGE('',*,*,#3733,.T.);
#3733 = EDGE_CURVE('',#3726,#3734,#3736,.T.);
#3734 = VERTEX_POINT('',#3735);
#3735 = CARTESIAN_POINT('',(0.127,-0.762,1.776));
#3736 = LINE('',#3737,#3738);
#3737 = CARTESIAN_POINT('',(0.127,-0.762,0.));
#3738 = VECTOR('',#3739,1.);
#3739 = DIRECTION('',(0.,0.,1.));
#3740 = ORIENTED_EDGE('',*,*,#3741,.T.);
#3741 = EDGE_CURVE('',#3734,#2603,#3742,.T.);
#3742 = CIRCLE('',#3743,0.127);
#3743 = AXIS2_PLACEMENT_3D('',#3744,#3745,#3746);
#3744 = CARTESIAN_POINT('',(0.254,-0.762,1.776));
#3745 = DIRECTION('',(-4.440892098501E-16,1.,0.));
#3746 = DIRECTION('',(0.,0.,-1.));
#3747 = ORIENTED_EDGE('',*,*,#2610,.F.);
#3748 = ORIENTED_EDGE('',*,*,#2656,.T.);
#3749 = ORIENTED_EDGE('',*,*,#3750,.T.);
#3750 = EDGE_CURVE('',#2657,#3707,#3751,.T.);
#3751 = LINE('',#3752,#3753);
#3752 = CARTESIAN_POINT('',(3.81,-0.762,2.157));
#3753 = VECTOR('',#3754,1.);
#3754 = DIRECTION('',(-1.,-4.440892098501E-16,0.));
#3755 = PLANE('',#3756);
#3756 = AXIS2_PLACEMENT_3D('',#3757,#3758,#3759);
#3757 = CARTESIAN_POINT('',(-0.127,-0.762,0.));
#3758 = DIRECTION('',(4.440892098501E-16,-1.,0.));
#3759 = DIRECTION('',(0.,-0.,-1.));
#3760 = ADVANCED_FACE('',(#3761),#3772,.F.);
#3761 = FACE_BOUND('',#3762,.F.);
#3762 = EDGE_LOOP('',(#3763,#3769,#3770,#3771));
#3763 = ORIENTED_EDGE('',*,*,#3764,.T.);
#3764 = EDGE_CURVE('',#3594,#3734,#3765,.T.);
#3765 = LINE('',#3766,#3767);
#3766 = CARTESIAN_POINT('',(0.127,0.2285,1.776));
#3767 = VECTOR('',#3768,1.);
#3768 = DIRECTION('',(4.440892098501E-16,-1.,0.));
#3769 = ORIENTED_EDGE('',*,*,#3741,.T.);
#3770 = ORIENTED_EDGE('',*,*,#2602,.F.);
#3771 = ORIENTED_EDGE('',*,*,#3601,.F.);
#3772 = CYLINDRICAL_SURFACE('',#3773,0.127);
#3773 = AXIS2_PLACEMENT_3D('',#3774,#3775,#3776);
#3774 = CARTESIAN_POINT('',(0.254,0.2285,1.776));
#3775 = DIRECTION('',(4.440892098501E-16,-1.,0.));
#3776 = DIRECTION('',(-1.,-4.440892098501E-16,0.));
#3777 = ADVANCED_FACE('',(#3778),#3830,.F.);
#3778 = FACE_BOUND('',#3779,.F.);
#3779 = EDGE_LOOP('',(#3780,#3788,#3797,#3805,#3813,#3821,#3828,#3829));
#3780 = ORIENTED_EDGE('',*,*,#3781,.F.);
#3781 = EDGE_CURVE('',#3782,#2697,#3784,.T.);
#3782 = VERTEX_POINT('',#3783);
#3783 = CARTESIAN_POINT('',(0.254,-6.858,2.157));
#3784 = LINE('',#3785,#3786);
#3785 = CARTESIAN_POINT('',(-0.127,-6.858,2.157));
#3786 = VECTOR('',#3787,1.);
#3787 = DIRECTION('',(1.,4.440892098501E-16,0.));
#3788 = ORIENTED_EDGE('',*,*,#3789,.F.);
#3789 = EDGE_CURVE('',#3790,#3782,#3792,.T.);
#3790 = VERTEX_POINT('',#3791);
#3791 = CARTESIAN_POINT('',(-0.127,-6.858,1.776));
#3792 = CIRCLE('',#3793,0.381);
#3793 = AXIS2_PLACEMENT_3D('',#3794,#3795,#3796);
#3794 = CARTESIAN_POINT('',(0.254,-6.858,1.776));
#3795 = DIRECTION('',(-4.440892098501E-16,1.,0.));
#3796 = DIRECTION('',(0.,0.,1.));
#3797 = ORIENTED_EDGE('',*,*,#3798,.F.);
#3798 = EDGE_CURVE('',#3799,#3790,#3801,.T.);
#3799 = VERTEX_POINT('',#3800);
#3800 = CARTESIAN_POINT('',(-0.127,-6.858,0.));
#3801 = LINE('',#3802,#3803);
#3802 = CARTESIAN_POINT('',(-0.127,-6.858,0.));
#3803 = VECTOR('',#3804,1.);
#3804 = DIRECTION('',(0.,0.,1.));
#3805 = ORIENTED_EDGE('',*,*,#3806,.T.);
#3806 = EDGE_CURVE('',#3799,#3807,#3809,.T.);
#3807 = VERTEX_POINT('',#3808);
#3808 = CARTESIAN_POINT('',(0.127,-6.858,0.));
#3809 = LINE('',#3810,#3811);
#3810 = CARTESIAN_POINT('',(-0.127,-6.858,0.));
#3811 = VECTOR('',#3812,1.);
#3812 = DIRECTION('',(1.,4.440892098501E-16,0.));
#3813 = ORIENTED_EDGE('',*,*,#3814,.T.);
#3814 = EDGE_CURVE('',#3807,#3815,#3817,.T.);
#3815 = VERTEX_POINT('',#3816);
#3816 = CARTESIAN_POINT('',(0.127,-6.858,1.776));
#3817 = LINE('',#3818,#3819);
#3818 = CARTESIAN_POINT('',(0.127,-6.858,0.));
#3819 = VECTOR('',#3820,1.);
#3820 = DIRECTION('',(0.,0.,1.));
#3821 = ORIENTED_EDGE('',*,*,#3822,.T.);
#3822 = EDGE_CURVE('',#3815,#2626,#3823,.T.);
#3823 = CIRCLE('',#3824,0.127);
#3824 = AXIS2_PLACEMENT_3D('',#3825,#3826,#3827);
#3825 = CARTESIAN_POINT('',(0.254,-6.858,1.776));
#3826 = DIRECTION('',(-4.440892098501E-16,1.,0.));
#3827 = DIRECTION('',(0.,0.,1.));
#3828 = ORIENTED_EDGE('',*,*,#2625,.T.);
#3829 = ORIENTED_EDGE('',*,*,#2696,.T.);
#3830 = PLANE('',#3831);
#3831 = AXIS2_PLACEMENT_3D('',#3832,#3833,#3834);
#3832 = CARTESIAN_POINT('',(0.254,-6.858,2.157));
#3833 = DIRECTION('',(4.440892098501E-16,-1.,0.));
#3834 = DIRECTION('',(0.,-0.,-1.));
#3835 = ADVANCED_FACE('',(#3836),#3847,.F.);
#3836 = FACE_BOUND('',#3837,.F.);
#3837 = EDGE_LOOP('',(#3838,#3839,#3840,#3841));
#3838 = ORIENTED_EDGE('',*,*,#3645,.T.);
#3839 = ORIENTED_EDGE('',*,*,#2633,.T.);
#3840 = ORIENTED_EDGE('',*,*,#3822,.F.);
#3841 = ORIENTED_EDGE('',*,*,#3842,.F.);
#3842 = EDGE_CURVE('',#3646,#3815,#3843,.T.);
#3843 = LINE('',#3844,#3845);
#3844 = CARTESIAN_POINT('',(0.127,-7.8485,1.776));
#3845 = VECTOR('',#3846,1.);
#3846 = DIRECTION('',(-4.440892098501E-16,1.,0.));
#3847 = CYLINDRICAL_SURFACE('',#3848,0.127);
#3848 = AXIS2_PLACEMENT_3D('',#3849,#3850,#3851);
#3849 = CARTESIAN_POINT('',(0.254,-7.8485,1.776));
#3850 = DIRECTION('',(-4.440892098501E-16,1.,0.));
#3851 = DIRECTION('',(-1.,-4.440892098501E-16,0.));
#3852 = ADVANCED_FACE('',(#3853),#3878,.T.);
#3853 = FACE_BOUND('',#3854,.T.);
#3854 = EDGE_LOOP('',(#3855,#3863,#3864,#3872));
#3855 = ORIENTED_EDGE('',*,*,#3856,.T.);
#3856 = EDGE_CURVE('',#3857,#2657,#3859,.T.);
#3857 = VERTEX_POINT('',#3858);
#3858 = CARTESIAN_POINT('',(0.71,-0.762,2.157));
#3859 = LINE('',#3860,#3861);
#3860 = CARTESIAN_POINT('',(3.81,-0.762,2.157));
#3861 = VECTOR('',#3862,1.);
#3862 = DIRECTION('',(-1.,-4.440892098501E-16,0.));
#3863 = ORIENTED_EDGE('',*,*,#2673,.T.);
#3864 = ORIENTED_EDGE('',*,*,#3865,.T.);
#3865 = EDGE_CURVE('',#2666,#3866,#3868,.T.);
#3866 = VERTEX_POINT('',#3867);
#3867 = CARTESIAN_POINT('',(0.71,-1.778,2.157));
#3868 = LINE('',#3869,#3870);
#3869 = CARTESIAN_POINT('',(-2.442490654175E-15,-1.778,2.157));
#3870 = VECTOR('',#3871,1.);
#3871 = DIRECTION('',(1.,4.440892098501E-16,0.));
#3872 = ORIENTED_EDGE('',*,*,#3873,.F.);
#3873 = EDGE_CURVE('',#3857,#3866,#3874,.T.);
#3874 = LINE('',#3875,#3876);
#3875 = CARTESIAN_POINT('',(0.71,0.75,2.157));
#3876 = VECTOR('',#3877,1.);
#3877 = DIRECTION('',(4.440892098501E-16,-1.,0.));
#3878 = B_SPLINE_SURFACE_WITH_KNOTS('',1,1,(
    (#3879,#3880)
    ,(#3881,#3882
    )),.UNSPECIFIED.,.F.,.F.,.F.,(2,2),(2,2),(0.,9.27),(0.,1.),
  .PIECEWISE_BEZIER_KNOTS.);
#3879 = CARTESIAN_POINT('',(0.635,0.825,2.157));
#3880 = CARTESIAN_POINT('',(0.71,0.75,2.157));
#3881 = CARTESIAN_POINT('',(0.635,-8.445,2.157));
#3882 = CARTESIAN_POINT('',(0.71,-8.37,2.157));
#3883 = ADVANCED_FACE('',(#3884),#3936,.T.);
#3884 = FACE_BOUND('',#3885,.T.);
#3885 = EDGE_LOOP('',(#3886,#3897,#3903,#3904,#3905,#3914,#3922,#3930));
#3886 = ORIENTED_EDGE('',*,*,#3887,.F.);
#3887 = EDGE_CURVE('',#3888,#3890,#3892,.T.);
#3888 = VERTEX_POINT('',#3889);
#3889 = CARTESIAN_POINT('',(0.254,-1.778,2.157));
#3890 = VERTEX_POINT('',#3891);
#3891 = CARTESIAN_POINT('',(-0.127,-1.778,1.776));
#3892 = CIRCLE('',#3893,0.381);
#3893 = AXIS2_PLACEMENT_3D('',#3894,#3895,#3896);
#3894 = CARTESIAN_POINT('',(0.254,-1.778,1.776));
#3895 = DIRECTION('',(4.440892098501E-16,-1.,0.));
#3896 = DIRECTION('',(0.,0.,1.));
#3897 = ORIENTED_EDGE('',*,*,#3898,.T.);
#3898 = EDGE_CURVE('',#3888,#2666,#3899,.T.);
#3899 = LINE('',#3900,#3901);
#3900 = CARTESIAN_POINT('',(-2.442490654175E-15,-1.778,2.157));
#3901 = VECTOR('',#3902,1.);
#3902 = DIRECTION('',(1.,4.440892098501E-16,0.));
#3903 = ORIENTED_EDGE('',*,*,#2665,.T.);
#3904 = ORIENTED_EDGE('',*,*,#2718,.F.);
#3905 = ORIENTED_EDGE('',*,*,#3906,.F.);
#3906 = EDGE_CURVE('',#3907,#2719,#3909,.T.);
#3907 = VERTEX_POINT('',#3908);
#3908 = CARTESIAN_POINT('',(0.127,-1.778,1.776));
#3909 = CIRCLE('',#3910,0.127);
#3910 = AXIS2_PLACEMENT_3D('',#3911,#3912,#3913);
#3911 = CARTESIAN_POINT('',(0.254,-1.778,1.776));
#3912 = DIRECTION('',(-4.440892098501E-16,1.,0.));
#3913 = DIRECTION('',(0.,0.,-1.));
#3914 = ORIENTED_EDGE('',*,*,#3915,.T.);
#3915 = EDGE_CURVE('',#3907,#3916,#3918,.T.);
#3916 = VERTEX_POINT('',#3917);
#3917 = CARTESIAN_POINT('',(0.127,-1.778,0.));
#3918 = LINE('',#3919,#3920);
#3919 = CARTESIAN_POINT('',(0.127,-1.778,2.157));
#3920 = VECTOR('',#3921,1.);
#3921 = DIRECTION('',(-0.,0.,-1.));
#3922 = ORIENTED_EDGE('',*,*,#3923,.F.);
#3923 = EDGE_CURVE('',#3924,#3916,#3926,.T.);
#3924 = VERTEX_POINT('',#3925);
#3925 = CARTESIAN_POINT('',(-0.127,-1.778,0.));
#3926 = LINE('',#3927,#3928);
#3927 = CARTESIAN_POINT('',(-0.127,-1.778,0.));
#3928 = VECTOR('',#3929,1.);
#3929 = DIRECTION('',(1.,4.440892098501E-16,0.));
#3930 = ORIENTED_EDGE('',*,*,#3931,.F.);
#3931 = EDGE_CURVE('',#3890,#3924,#3932,.T.);
#3932 = LINE('',#3933,#3934);
#3933 = CARTESIAN_POINT('',(-0.127,-1.778,2.157));
#3934 = VECTOR('',#3935,1.);
#3935 = DIRECTION('',(-0.,0.,-1.));
#3936 = PLANE('',#3937);
#3937 = AXIS2_PLACEMENT_3D('',#3938,#3939,#3940);
#3938 = CARTESIAN_POINT('',(0.254,-1.778,2.157));
#3939 = DIRECTION('',(-4.440892098501E-16,1.,0.));
#3940 = DIRECTION('',(0.,0.,1.));
#3941 = ADVANCED_FACE('',(#3942),#3994,.F.);
#3942 = FACE_BOUND('',#3943,.F.);
#3943 = EDGE_LOOP('',(#3944,#3955,#3961,#3962,#3963,#3972,#3980,#3988));
#3944 = ORIENTED_EDGE('',*,*,#3945,.F.);
#3945 = EDGE_CURVE('',#3946,#3948,#3950,.T.);
#3946 = VERTEX_POINT('',#3947);
#3947 = CARTESIAN_POINT('',(0.254,-5.842,2.157));
#3948 = VERTEX_POINT('',#3949);
#3949 = CARTESIAN_POINT('',(-0.127,-5.842,1.776));
#3950 = CIRCLE('',#3951,0.381);
#3951 = AXIS2_PLACEMENT_3D('',#3952,#3953,#3954);
#3952 = CARTESIAN_POINT('',(0.254,-5.842,1.776));
#3953 = DIRECTION('',(4.440892098501E-16,-1.,0.));
#3954 = DIRECTION('',(0.,0.,1.));
#3955 = ORIENTED_EDGE('',*,*,#3956,.F.);
#3956 = EDGE_CURVE('',#2688,#3946,#3957,.T.);
#3957 = LINE('',#3958,#3959);
#3958 = CARTESIAN_POINT('',(3.937,-5.842,2.157));
#3959 = VECTOR('',#3960,1.);
#3960 = DIRECTION('',(-1.,-4.440892098501E-16,0.));
#3961 = ORIENTED_EDGE('',*,*,#2687,.T.);
#3962 = ORIENTED_EDGE('',*,*,#2765,.T.);
#3963 = ORIENTED_EDGE('',*,*,#3964,.F.);
#3964 = EDGE_CURVE('',#3965,#2758,#3967,.T.);
#3965 = VERTEX_POINT('',#3966);
#3966 = CARTESIAN_POINT('',(0.127,-5.842,1.776));
#3967 = CIRCLE('',#3968,0.127);
#3968 = AXIS2_PLACEMENT_3D('',#3969,#3970,#3971);
#3969 = CARTESIAN_POINT('',(0.254,-5.842,1.776));
#3970 = DIRECTION('',(-4.440892098501E-16,1.,0.));
#3971 = DIRECTION('',(0.,0.,-1.));
#3972 = ORIENTED_EDGE('',*,*,#3973,.F.);
#3973 = EDGE_CURVE('',#3974,#3965,#3976,.T.);
#3974 = VERTEX_POINT('',#3975);
#3975 = CARTESIAN_POINT('',(0.127,-5.842,0.));
#3976 = LINE('',#3977,#3978);
#3977 = CARTESIAN_POINT('',(0.127,-5.842,0.));
#3978 = VECTOR('',#3979,1.);
#3979 = DIRECTION('',(0.,0.,1.));
#3980 = ORIENTED_EDGE('',*,*,#3981,.F.);
#3981 = EDGE_CURVE('',#3982,#3974,#3984,.T.);
#3982 = VERTEX_POINT('',#3983);
#3983 = CARTESIAN_POINT('',(-0.127,-5.842,0.));
#3984 = LINE('',#3985,#3986);
#3985 = CARTESIAN_POINT('',(-0.127,-5.842,0.));
#3986 = VECTOR('',#3987,1.);
#3987 = DIRECTION('',(1.,4.440892098501E-16,0.));
#3988 = ORIENTED_EDGE('',*,*,#3989,.T.);
#3989 = EDGE_CURVE('',#3982,#3948,#3990,.T.);
#3990 = LINE('',#3991,#3992);
#3991 = CARTESIAN_POINT('',(-0.127,-5.842,0.));
#3992 = VECTOR('',#3993,1.);
#3993 = DIRECTION('',(0.,0.,1.));
#3994 = PLANE('',#3995);
#3995 = AXIS2_PLACEMENT_3D('',#3996,#3997,#3998);
#3996 = CARTESIAN_POINT('',(0.254,-5.842,2.157));
#3997 = DIRECTION('',(-4.440892098501E-16,1.,0.));
#3998 = DIRECTION('',(0.,0.,1.));
#3999 = ADVANCED_FACE('',(#4000),#4025,.T.);
#4000 = FACE_BOUND('',#4001,.T.);
#4001 = EDGE_LOOP('',(#4002,#4010,#4011,#4019));
#4002 = ORIENTED_EDGE('',*,*,#4003,.T.);
#4003 = EDGE_CURVE('',#4004,#2688,#4006,.T.);
#4004 = VERTEX_POINT('',#4005);
#4005 = CARTESIAN_POINT('',(0.71,-5.842,2.157));
#4006 = LINE('',#4007,#4008);
#4007 = CARTESIAN_POINT('',(3.937,-5.842,2.157));
#4008 = VECTOR('',#4009,1.);
#4009 = DIRECTION('',(-1.,-4.440892098501E-16,0.));
#4010 = ORIENTED_EDGE('',*,*,#2704,.T.);
#4011 = ORIENTED_EDGE('',*,*,#4012,.T.);
#4012 = EDGE_CURVE('',#2697,#4013,#4015,.T.);
#4013 = VERTEX_POINT('',#4014);
#4014 = CARTESIAN_POINT('',(0.71,-6.858,2.157));
#4015 = LINE('',#4016,#4017);
#4016 = CARTESIAN_POINT('',(-0.127,-6.858,2.157));
#4017 = VECTOR('',#4018,1.);
#4018 = DIRECTION('',(1.,4.440892098501E-16,0.));
#4019 = ORIENTED_EDGE('',*,*,#4020,.F.);
#4020 = EDGE_CURVE('',#4004,#4013,#4021,.T.);
#4021 = LINE('',#4022,#4023);
#4022 = CARTESIAN_POINT('',(0.71,0.75,2.157));
#4023 = VECTOR('',#4024,1.);
#4024 = DIRECTION('',(4.440892098501E-16,-1.,0.));
#4025 = B_SPLINE_SURFACE_WITH_KNOTS('',1,1,(
    (#4026,#4027)
    ,(#4028,#4029
    )),.UNSPECIFIED.,.F.,.F.,.F.,(2,2),(2,2),(0.,9.27),(0.,1.),
  .PIECEWISE_BEZIER_KNOTS.);
#4026 = CARTESIAN_POINT('',(0.635,0.825,2.157));
#4027 = CARTESIAN_POINT('',(0.71,0.75,2.157));
#4028 = CARTESIAN_POINT('',(0.635,-8.445,2.157));
#4029 = CARTESIAN_POINT('',(0.71,-8.37,2.157));
#4030 = ADVANCED_FACE('',(#4031),#4083,.F.);
#4031 = FACE_BOUND('',#4032,.F.);
#4032 = EDGE_LOOP('',(#4033,#4044,#4050,#4051,#4052,#4061,#4069,#4077));
#4033 = ORIENTED_EDGE('',*,*,#4034,.F.);
#4034 = EDGE_CURVE('',#4035,#4037,#4039,.T.);
#4035 = VERTEX_POINT('',#4036);
#4036 = CARTESIAN_POINT('',(0.254,-3.302,2.157));
#4037 = VERTEX_POINT('',#4038);
#4038 = CARTESIAN_POINT('',(-0.127,-3.302,1.776));
#4039 = CIRCLE('',#4040,0.381);
#4040 = AXIS2_PLACEMENT_3D('',#4041,#4042,#4043);
#4041 = CARTESIAN_POINT('',(0.254,-3.302,1.776));
#4042 = DIRECTION('',(4.440892098501E-16,-1.,0.));
#4043 = DIRECTION('',(0.,0.,1.));
#4044 = ORIENTED_EDGE('',*,*,#4045,.F.);
#4045 = EDGE_CURVE('',#2781,#4035,#4046,.T.);
#4046 = LINE('',#4047,#4048);
#4047 = CARTESIAN_POINT('',(3.937,-3.302,2.157));
#4048 = VECTOR('',#4049,1.);
#4049 = DIRECTION('',(-1.,-4.440892098501E-16,0.));
#4050 = ORIENTED_EDGE('',*,*,#2780,.T.);
#4051 = ORIENTED_EDGE('',*,*,#2734,.T.);
#4052 = ORIENTED_EDGE('',*,*,#4053,.F.);
#4053 = EDGE_CURVE('',#4054,#2727,#4056,.T.);
#4054 = VERTEX_POINT('',#4055);
#4055 = CARTESIAN_POINT('',(0.127,-3.302,1.776));
#4056 = CIRCLE('',#4057,0.127);
#4057 = AXIS2_PLACEMENT_3D('',#4058,#4059,#4060);
#4058 = CARTESIAN_POINT('',(0.254,-3.302,1.776));
#4059 = DIRECTION('',(-4.440892098501E-16,1.,0.));
#4060 = DIRECTION('',(0.,0.,-1.));
#4061 = ORIENTED_EDGE('',*,*,#4062,.F.);
#4062 = EDGE_CURVE('',#4063,#4054,#4065,.T.);
#4063 = VERTEX_POINT('',#4064);
#4064 = CARTESIAN_POINT('',(0.127,-3.302,0.));
#4065 = LINE('',#4066,#4067);
#4066 = CARTESIAN_POINT('',(0.127,-3.302,0.));
#4067 = VECTOR('',#4068,1.);
#4068 = DIRECTION('',(0.,0.,1.));
#4069 = ORIENTED_EDGE('',*,*,#4070,.F.);
#4070 = EDGE_CURVE('',#4071,#4063,#4073,.T.);
#4071 = VERTEX_POINT('',#4072);
#4072 = CARTESIAN_POINT('',(-0.127,-3.302,0.));
#4073 = LINE('',#4074,#4075);
#4074 = CARTESIAN_POINT('',(-0.127,-3.302,0.));
#4075 = VECTOR('',#4076,1.);
#4076 = DIRECTION('',(1.,4.440892098501E-16,0.));
#4077 = ORIENTED_EDGE('',*,*,#4078,.T.);
#4078 = EDGE_CURVE('',#4071,#4037,#4079,.T.);
#4079 = LINE('',#4080,#4081);
#4080 = CARTESIAN_POINT('',(-0.127,-3.302,0.));
#4081 = VECTOR('',#4082,1.);
#4082 = DIRECTION('',(0.,0.,1.));
#4083 = PLANE('',#4084);
#4084 = AXIS2_PLACEMENT_3D('',#4085,#4086,#4087);
#4085 = CARTESIAN_POINT('',(0.254,-3.302,2.157));
#4086 = DIRECTION('',(-4.440892098501E-16,1.,0.));
#4087 = DIRECTION('',(0.,0.,1.));
#4088 = ADVANCED_FACE('',(#4089),#4100,.F.);
#4089 = FACE_BOUND('',#4090,.F.);
#4090 = EDGE_LOOP('',(#4091,#4097,#4098,#4099));
#4091 = ORIENTED_EDGE('',*,*,#4092,.T.);
#4092 = EDGE_CURVE('',#3907,#4054,#4093,.T.);
#4093 = LINE('',#4094,#4095);
#4094 = CARTESIAN_POINT('',(0.127,-1.778,1.776));
#4095 = VECTOR('',#4096,1.);
#4096 = DIRECTION('',(4.440892098501E-16,-1.,0.));
#4097 = ORIENTED_EDGE('',*,*,#4053,.T.);
#4098 = ORIENTED_EDGE('',*,*,#2726,.F.);
#4099 = ORIENTED_EDGE('',*,*,#3906,.F.);
#4100 = CYLINDRICAL_SURFACE('',#4101,0.127);
#4101 = AXIS2_PLACEMENT_3D('',#4102,#4103,#4104);
#4102 = CARTESIAN_POINT('',(0.254,-1.778,1.776));
#4103 = DIRECTION('',(4.440892098501E-16,-1.,0.));
#4104 = DIRECTION('',(-1.,-4.440892098501E-16,0.));
#4105 = ADVANCED_FACE('',(#4106),#4158,.T.);
#4106 = FACE_BOUND('',#4107,.T.);
#4107 = EDGE_LOOP('',(#4108,#4119,#4125,#4126,#4127,#4136,#4144,#4152));
#4108 = ORIENTED_EDGE('',*,*,#4109,.F.);
#4109 = EDGE_CURVE('',#4110,#4112,#4114,.T.);
#4110 = VERTEX_POINT('',#4111);
#4111 = CARTESIAN_POINT('',(0.254,-4.318,2.157));
#4112 = VERTEX_POINT('',#4113);
#4113 = CARTESIAN_POINT('',(-0.127,-4.318,1.776));
#4114 = CIRCLE('',#4115,0.381);
#4115 = AXIS2_PLACEMENT_3D('',#4116,#4117,#4118);
#4116 = CARTESIAN_POINT('',(0.254,-4.318,1.776));
#4117 = DIRECTION('',(4.440892098501E-16,-1.,0.));
#4118 = DIRECTION('',(0.,0.,1.));
#4119 = ORIENTED_EDGE('',*,*,#4120,.T.);
#4120 = EDGE_CURVE('',#4110,#2790,#4121,.T.);
#4121 = LINE('',#4122,#4123);
#4122 = CARTESIAN_POINT('',(-1.110223024625E-15,-4.318,2.157));
#4123 = VECTOR('',#4124,1.);
#4124 = DIRECTION('',(1.,4.440892098501E-16,0.));
#4125 = ORIENTED_EDGE('',*,*,#2789,.T.);
#4126 = ORIENTED_EDGE('',*,*,#2749,.F.);
#4127 = ORIENTED_EDGE('',*,*,#4128,.F.);
#4128 = EDGE_CURVE('',#4129,#2750,#4131,.T.);
#4129 = VERTEX_POINT('',#4130);
#4130 = CARTESIAN_POINT('',(0.127,-4.318,1.776));
#4131 = CIRCLE('',#4132,0.127);
#4132 = AXIS2_PLACEMENT_3D('',#4133,#4134,#4135);
#4133 = CARTESIAN_POINT('',(0.254,-4.318,1.776));
#4134 = DIRECTION('',(-4.440892098501E-16,1.,0.));
#4135 = DIRECTION('',(0.,0.,-1.));
#4136 = ORIENTED_EDGE('',*,*,#4137,.T.);
#4137 = EDGE_CURVE('',#4129,#4138,#4140,.T.);
#4138 = VERTEX_POINT('',#4139);
#4139 = CARTESIAN_POINT('',(0.127,-4.318,0.));
#4140 = LINE('',#4141,#4142);
#4141 = CARTESIAN_POINT('',(0.127,-4.318,2.157));
#4142 = VECTOR('',#4143,1.);
#4143 = DIRECTION('',(-0.,0.,-1.));
#4144 = ORIENTED_EDGE('',*,*,#4145,.F.);
#4145 = EDGE_CURVE('',#4146,#4138,#4148,.T.);
#4146 = VERTEX_POINT('',#4147);
#4147 = CARTESIAN_POINT('',(-0.127,-4.318,0.));
#4148 = LINE('',#4149,#4150);
#4149 = CARTESIAN_POINT('',(-0.127,-4.318,0.));
#4150 = VECTOR('',#4151,1.);
#4151 = DIRECTION('',(1.,4.440892098501E-16,0.));
#4152 = ORIENTED_EDGE('',*,*,#4153,.F.);
#4153 = EDGE_CURVE('',#4112,#4146,#4154,.T.);
#4154 = LINE('',#4155,#4156);
#4155 = CARTESIAN_POINT('',(-0.127,-4.318,2.157));
#4156 = VECTOR('',#4157,1.);
#4157 = DIRECTION('',(-0.,0.,-1.));
#4158 = PLANE('',#4159);
#4159 = AXIS2_PLACEMENT_3D('',#4160,#4161,#4162);
#4160 = CARTESIAN_POINT('',(0.254,-4.318,2.157));
#4161 = DIRECTION('',(-4.440892098501E-16,1.,0.));
#4162 = DIRECTION('',(0.,0.,1.));
#4163 = ADVANCED_FACE('',(#4164),#4175,.F.);
#4164 = FACE_BOUND('',#4165,.F.);
#4165 = EDGE_LOOP('',(#4166,#4172,#4173,#4174));
#4166 = ORIENTED_EDGE('',*,*,#4167,.T.);
#4167 = EDGE_CURVE('',#4129,#3965,#4168,.T.);
#4168 = LINE('',#4169,#4170);
#4169 = CARTESIAN_POINT('',(0.127,-4.318,1.776));
#4170 = VECTOR('',#4171,1.);
#4171 = DIRECTION('',(4.440892098501E-16,-1.,0.));
#4172 = ORIENTED_EDGE('',*,*,#3964,.T.);
#4173 = ORIENTED_EDGE('',*,*,#2757,.F.);
#4174 = ORIENTED_EDGE('',*,*,#4128,.F.);
#4175 = CYLINDRICAL_SURFACE('',#4176,0.127);
#4176 = AXIS2_PLACEMENT_3D('',#4177,#4178,#4179);
#4177 = CARTESIAN_POINT('',(0.254,-4.318,1.776));
#4178 = DIRECTION('',(4.440892098501E-16,-1.,0.));
#4179 = DIRECTION('',(-1.,-4.440892098501E-16,0.));
#4180 = ADVANCED_FACE('',(#4181),#4206,.T.);
#4181 = FACE_BOUND('',#4182,.T.);
#4182 = EDGE_LOOP('',(#4183,#4191,#4192,#4200));
#4183 = ORIENTED_EDGE('',*,*,#4184,.T.);
#4184 = EDGE_CURVE('',#4185,#2781,#4187,.T.);
#4185 = VERTEX_POINT('',#4186);
#4186 = CARTESIAN_POINT('',(0.71,-3.302,2.157));
#4187 = LINE('',#4188,#4189);
#4188 = CARTESIAN_POINT('',(3.937,-3.302,2.157));
#4189 = VECTOR('',#4190,1.);
#4190 = DIRECTION('',(-1.,-4.440892098501E-16,0.));
#4191 = ORIENTED_EDGE('',*,*,#2797,.T.);
#4192 = ORIENTED_EDGE('',*,*,#4193,.T.);
#4193 = EDGE_CURVE('',#2790,#4194,#4196,.T.);
#4194 = VERTEX_POINT('',#4195);
#4195 = CARTESIAN_POINT('',(0.71,-4.318,2.157));
#4196 = LINE('',#4197,#4198);
#4197 = CARTESIAN_POINT('',(-1.110223024625E-15,-4.318,2.157));
#4198 = VECTOR('',#4199,1.);
#4199 = DIRECTION('',(1.,4.440892098501E-16,0.));
#4200 = ORIENTED_EDGE('',*,*,#4201,.F.);
#4201 = EDGE_CURVE('',#4185,#4194,#4202,.T.);
#4202 = LINE('',#4203,#4204);
#4203 = CARTESIAN_POINT('',(0.71,0.75,2.157));
#4204 = VECTOR('',#4205,1.);
#4205 = DIRECTION('',(4.440892098501E-16,-1.,0.));
#4206 = B_SPLINE_SURFACE_WITH_KNOTS('',1,1,(
    (#4207,#4208)
    ,(#4209,#4210
    )),.UNSPECIFIED.,.F.,.F.,.F.,(2,2),(2,2),(0.,9.27),(0.,1.),
  .PIECEWISE_BEZIER_KNOTS.);
#4207 = CARTESIAN_POINT('',(0.635,0.825,2.157));
#4208 = CARTESIAN_POINT('',(0.71,0.75,2.157));
#4209 = CARTESIAN_POINT('',(0.635,-8.445,2.157));
#4210 = CARTESIAN_POINT('',(0.71,-8.37,2.157));
#4211 = ADVANCED_FACE('',(#4212),#4223,.T.);
#4212 = FACE_BOUND('',#4213,.T.);
#4213 = EDGE_LOOP('',(#4214,#4215,#4216,#4222));
#4214 = ORIENTED_EDGE('',*,*,#2813,.T.);
#4215 = ORIENTED_EDGE('',*,*,#2828,.T.);
#4216 = ORIENTED_EDGE('',*,*,#4217,.F.);
#4217 = EDGE_CURVE('',#3686,#2829,#4218,.T.);
#4218 = LINE('',#4219,#4220);
#4219 = CARTESIAN_POINT('',(0.71,-8.37,2.157));
#4220 = VECTOR('',#4221,1.);
#4221 = DIRECTION('',(1.,4.440892098501E-16,0.));
#4222 = ORIENTED_EDGE('',*,*,#3685,.F.);
#4223 = B_SPLINE_SURFACE_WITH_KNOTS('',1,1,(
    (#4224,#4225)
    ,(#4226,#4227
    )),.UNSPECIFIED.,.F.,.F.,.F.,(2,2),(2,2),(0.,6.35),(0.,1.),
  .PIECEWISE_BEZIER_KNOTS.);
#4224 = CARTESIAN_POINT('',(0.635,-8.445,2.157));
#4225 = CARTESIAN_POINT('',(0.71,-8.37,2.157));
#4226 = CARTESIAN_POINT('',(6.985,-8.445,2.157));
#4227 = CARTESIAN_POINT('',(6.91,-8.37,2.157));
#4228 = ADVANCED_FACE('',(#4229),#4280,.T.);
#4229 = FACE_BOUND('',#4230,.T.);
#4230 = EDGE_LOOP('',(#4231,#4232,#4238,#4239,#4245,#4246,#4252,#4253,
    #4259,#4260,#4267,#4275));
#4231 = ORIENTED_EDGE('',*,*,#2844,.T.);
#4232 = ORIENTED_EDGE('',*,*,#4233,.T.);
#4233 = EDGE_CURVE('',#2837,#3155,#4234,.T.);
#4234 = LINE('',#4235,#4236);
#4235 = CARTESIAN_POINT('',(6.91,-8.37,2.157));
#4236 = VECTOR('',#4237,1.);
#4237 = DIRECTION('',(-4.440892098501E-16,1.,0.));
#4238 = ORIENTED_EDGE('',*,*,#3171,.T.);
#4239 = ORIENTED_EDGE('',*,*,#4240,.T.);
#4240 = EDGE_CURVE('',#3164,#3483,#4241,.T.);
#4241 = LINE('',#4242,#4243);
#4242 = CARTESIAN_POINT('',(6.91,-8.37,2.157));
#4243 = VECTOR('',#4244,1.);
#4244 = DIRECTION('',(-4.440892098501E-16,1.,0.));
#4245 = ORIENTED_EDGE('',*,*,#3499,.T.);
#4246 = ORIENTED_EDGE('',*,*,#4247,.T.);
#4247 = EDGE_CURVE('',#3492,#3302,#4248,.T.);
#4248 = LINE('',#4249,#4250);
#4249 = CARTESIAN_POINT('',(6.91,-8.37,2.157));
#4250 = VECTOR('',#4251,1.);
#4251 = DIRECTION('',(-4.440892098501E-16,1.,0.));
#4252 = ORIENTED_EDGE('',*,*,#3318,.T.);
#4253 = ORIENTED_EDGE('',*,*,#4254,.T.);
#4254 = EDGE_CURVE('',#3311,#2975,#4255,.T.);
#4255 = LINE('',#4256,#4257);
#4256 = CARTESIAN_POINT('',(6.91,-8.37,2.157));
#4257 = VECTOR('',#4258,1.);
#4258 = DIRECTION('',(-4.440892098501E-16,1.,0.));
#4259 = ORIENTED_EDGE('',*,*,#2990,.T.);
#4260 = ORIENTED_EDGE('',*,*,#4261,.T.);
#4261 = EDGE_CURVE('',#2984,#4262,#4264,.T.);
#4262 = VERTEX_POINT('',#4263);
#4263 = CARTESIAN_POINT('',(6.586276356577,0.426276356577,3.68));
#4264 = B_SPLINE_CURVE_WITH_KNOTS('',1,(#4265,#4266),.UNSPECIFIED.,.F.,
  .F.,(2,2),(0.,1.),.PIECEWISE_BEZIER_KNOTS.);
#4265 = CARTESIAN_POINT('',(6.91,0.75,2.157));
#4266 = CARTESIAN_POINT('',(6.586276356577,0.426276356577,3.68));
#4267 = ORIENTED_EDGE('',*,*,#4268,.F.);
#4268 = EDGE_CURVE('',#4269,#4262,#4271,.T.);
#4269 = VERTEX_POINT('',#4270);
#4270 = CARTESIAN_POINT('',(6.586276356577,-8.046276356577,3.68));
#4271 = LINE('',#4272,#4273);
#4272 = CARTESIAN_POINT('',(6.586276356577,-8.046276356577,3.68));
#4273 = VECTOR('',#4274,1.);
#4274 = DIRECTION('',(-4.440892098501E-16,1.,0.));
#4275 = ORIENTED_EDGE('',*,*,#4276,.F.);
#4276 = EDGE_CURVE('',#2829,#4269,#4277,.T.);
#4277 = B_SPLINE_CURVE_WITH_KNOTS('',1,(#4278,#4279),.UNSPECIFIED.,.F.,
  .F.,(2,2),(0.,1.),.PIECEWISE_BEZIER_KNOTS.);
#4278 = CARTESIAN_POINT('',(6.91,-8.37,2.157));
#4279 = CARTESIAN_POINT('',(6.586276356577,-8.046276356577,3.68));
#4280 = B_SPLINE_SURFACE_WITH_KNOTS('',1,1,(
    (#4281,#4282)
    ,(#4283,#4284
    )),.UNSPECIFIED.,.F.,.F.,.F.,(2,2),(2,2),(0.,9.12),(0.,1.),
  .PIECEWISE_BEZIER_KNOTS.);
#4281 = CARTESIAN_POINT('',(6.91,-8.37,2.157));
#4282 = CARTESIAN_POINT('',(6.586276356577,-8.046276356577,3.68));
#4283 = CARTESIAN_POINT('',(6.91,0.75,2.157));
#4284 = CARTESIAN_POINT('',(6.586276356577,0.426276356577,3.68));
#4285 = ADVANCED_FACE('',(#4286),#4299,.T.);
#4286 = FACE_BOUND('',#4287,.T.);
#4287 = EDGE_LOOP('',(#4288,#4289,#4290,#4291,#4297,#4298));
#4288 = ORIENTED_EDGE('',*,*,#4233,.F.);
#4289 = ORIENTED_EDGE('',*,*,#2836,.F.);
#4290 = ORIENTED_EDGE('',*,*,#2860,.F.);
#4291 = ORIENTED_EDGE('',*,*,#4292,.F.);
#4292 = EDGE_CURVE('',#3040,#2861,#4293,.T.);
#4293 = LINE('',#4294,#4295);
#4294 = CARTESIAN_POINT('',(7.366,-6.858,2.157));
#4295 = VECTOR('',#4296,1.);
#4296 = DIRECTION('',(3.216245299353E-16,-1.,0.));
#4297 = ORIENTED_EDGE('',*,*,#3048,.F.);
#4298 = ORIENTED_EDGE('',*,*,#3154,.F.);
#4299 = PLANE('',#4300);
#4300 = AXIS2_PLACEMENT_3D('',#4301,#4302,#4303);
#4301 = CARTESIAN_POINT('',(3.81,-7.8485,2.157));
#4302 = DIRECTION('',(0.,0.,1.));
#4303 = DIRECTION('',(-4.440892098501E-16,1.,0.));
#4304 = ADVANCED_FACE('',(#4305),#4348,.T.);
#4305 = FACE_BOUND('',#4306,.T.);
#4306 = EDGE_LOOP('',(#4307,#4308,#4309,#4310,#4318,#4326,#4334,#4342));
#4307 = ORIENTED_EDGE('',*,*,#2893,.F.);
#4308 = ORIENTED_EDGE('',*,*,#3062,.T.);
#4309 = ORIENTED_EDGE('',*,*,#3015,.F.);
#4310 = ORIENTED_EDGE('',*,*,#4311,.F.);
#4311 = EDGE_CURVE('',#4312,#3016,#4314,.T.);
#4312 = VERTEX_POINT('',#4313);
#4313 = CARTESIAN_POINT('',(7.493,-7.3915,0.));
#4314 = LINE('',#4315,#4316);
#4315 = CARTESIAN_POINT('',(7.493,-7.3915,0.));
#4316 = VECTOR('',#4317,1.);
#4317 = DIRECTION('',(-3.216245299353E-16,1.,0.));
#4318 = ORIENTED_EDGE('',*,*,#4319,.F.);
#4319 = EDGE_CURVE('',#4320,#4312,#4322,.T.);
#4320 = VERTEX_POINT('',#4321);
#4321 = CARTESIAN_POINT('',(7.493,-7.3915,-2.843));
#4322 = LINE('',#4323,#4324);
#4323 = CARTESIAN_POINT('',(7.493,-7.3915,-2.843));
#4324 = VECTOR('',#4325,1.);
#4325 = DIRECTION('',(0.,0.,1.));
#4326 = ORIENTED_EDGE('',*,*,#4327,.F.);
#4327 = EDGE_CURVE('',#4328,#4320,#4330,.T.);
#4328 = VERTEX_POINT('',#4329);
#4329 = CARTESIAN_POINT('',(7.493,-7.50575,-3.3));
#4330 = LINE('',#4331,#4332);
#4331 = CARTESIAN_POINT('',(7.493,-7.50575,-3.3));
#4332 = VECTOR('',#4333,1.);
#4333 = DIRECTION('',(-7.800540639491E-17,0.242535625036,0.970142500145)
  );
#4334 = ORIENTED_EDGE('',*,*,#4335,.F.);
#4335 = EDGE_CURVE('',#4336,#4328,#4338,.T.);
#4336 = VERTEX_POINT('',#4337);
#4337 = CARTESIAN_POINT('',(7.493,-7.73425,-3.3));
#4338 = LINE('',#4339,#4340);
#4339 = CARTESIAN_POINT('',(7.493,-7.73425,-3.3));
#4340 = VECTOR('',#4341,1.);
#4341 = DIRECTION('',(-3.216245299353E-16,1.,0.));
#4342 = ORIENTED_EDGE('',*,*,#4343,.F.);
#4343 = EDGE_CURVE('',#2886,#4336,#4344,.T.);
#4344 = LINE('',#4345,#4346);
#4345 = CARTESIAN_POINT('',(7.493,-7.8485,-2.843));
#4346 = VECTOR('',#4347,1.);
#4347 = DIRECTION('',(-7.800540639491E-17,0.242535625036,-0.970142500145
    ));
#4348 = PLANE('',#4349);
#4349 = AXIS2_PLACEMENT_3D('',#4350,#4351,#4352);
#4350 = CARTESIAN_POINT('',(7.493,-7.8485,2.157));
#4351 = DIRECTION('',(-1.,-3.216245299353E-16,0.));
#4352 = DIRECTION('',(-0.,0.,-1.));
#4353 = ADVANCED_FACE('',(#4354),#4372,.T.);
#4354 = FACE_BOUND('',#4355,.T.);
#4355 = EDGE_LOOP('',(#4356,#4357,#4358,#4366));
#4356 = ORIENTED_EDGE('',*,*,#2885,.T.);
#4357 = ORIENTED_EDGE('',*,*,#4343,.T.);
#4358 = ORIENTED_EDGE('',*,*,#4359,.F.);
#4359 = EDGE_CURVE('',#4360,#4336,#4362,.T.);
#4360 = VERTEX_POINT('',#4361);
#4361 = CARTESIAN_POINT('',(7.747,-7.73425,-3.3));
#4362 = LINE('',#4363,#4364);
#4363 = CARTESIAN_POINT('',(7.747,-7.73425,-3.3));
#4364 = VECTOR('',#4365,1.);
#4365 = DIRECTION('',(-1.,-3.216245299353E-16,0.));
#4366 = ORIENTED_EDGE('',*,*,#4367,.F.);
#4367 = EDGE_CURVE('',#2878,#4360,#4368,.T.);
#4368 = LINE('',#4369,#4370);
#4369 = CARTESIAN_POINT('',(7.747,-7.8485,-2.843));
#4370 = VECTOR('',#4371,1.);
#4371 = DIRECTION('',(-7.800540639491E-17,0.242535625036,-0.970142500145
    ));
#4372 = PLANE('',#4373);
#4373 = AXIS2_PLACEMENT_3D('',#4374,#4375,#4376);
#4374 = CARTESIAN_POINT('',(7.747,-7.8485,-2.843));
#4375 = DIRECTION('',(3.120216255796E-16,-0.970142500145,-0.242535625036
    ));
#4376 = DIRECTION('',(-7.800540639491E-17,0.242535625036,-0.970142500145
    ));
#4377 = ADVANCED_FACE('',(#4378),#4419,.F.);
#4378 = FACE_BOUND('',#4379,.F.);
#4379 = EDGE_LOOP('',(#4380,#4381,#4387,#4388,#4396,#4404,#4412,#4418));
#4380 = ORIENTED_EDGE('',*,*,#2877,.F.);
#4381 = ORIENTED_EDGE('',*,*,#4382,.F.);
#4382 = EDGE_CURVE('',#3032,#2869,#4383,.T.);
#4383 = LINE('',#4384,#4385);
#4384 = CARTESIAN_POINT('',(7.747,-6.858,1.776));
#4385 = VECTOR('',#4386,1.);
#4386 = DIRECTION('',(3.216245299353E-16,-1.,0.));
#4387 = ORIENTED_EDGE('',*,*,#3031,.F.);
#4388 = ORIENTED_EDGE('',*,*,#4389,.F.);
#4389 = EDGE_CURVE('',#4390,#3024,#4392,.T.);
#4390 = VERTEX_POINT('',#4391);
#4391 = CARTESIAN_POINT('',(7.747,-7.3915,0.));
#4392 = LINE('',#4393,#4394);
#4393 = CARTESIAN_POINT('',(7.747,-7.3915,0.));
#4394 = VECTOR('',#4395,1.);
#4395 = DIRECTION('',(-3.216245299353E-16,1.,0.));
#4396 = ORIENTED_EDGE('',*,*,#4397,.F.);
#4397 = EDGE_CURVE('',#4398,#4390,#4400,.T.);
#4398 = VERTEX_POINT('',#4399);
#4399 = CARTESIAN_POINT('',(7.747,-7.3915,-2.843));
#4400 = LINE('',#4401,#4402);
#4401 = CARTESIAN_POINT('',(7.747,-7.3915,-2.843));
#4402 = VECTOR('',#4403,1.);
#4403 = DIRECTION('',(0.,0.,1.));
#4404 = ORIENTED_EDGE('',*,*,#4405,.F.);
#4405 = EDGE_CURVE('',#4406,#4398,#4408,.T.);
#4406 = VERTEX_POINT('',#4407);
#4407 = CARTESIAN_POINT('',(7.747,-7.50575,-3.3));
#4408 = LINE('',#4409,#4410);
#4409 = CARTESIAN_POINT('',(7.747,-7.50575,-3.3));
#4410 = VECTOR('',#4411,1.);
#4411 = DIRECTION('',(-7.800540639491E-17,0.242535625036,0.970142500145)
  );
#4412 = ORIENTED_EDGE('',*,*,#4413,.F.);
#4413 = EDGE_CURVE('',#4360,#4406,#4414,.T.);
#4414 = LINE('',#4415,#4416);
#4415 = CARTESIAN_POINT('',(7.747,-7.73425,-3.3));
#4416 = VECTOR('',#4417,1.);
#4417 = DIRECTION('',(-3.216245299353E-16,1.,0.));
#4418 = ORIENTED_EDGE('',*,*,#4367,.F.);
#4419 = PLANE('',#4420);
#4420 = AXIS2_PLACEMENT_3D('',#4421,#4422,#4423);
#4421 = CARTESIAN_POINT('',(7.747,-7.8485,2.157));
#4422 = DIRECTION('',(-1.,-3.216245299353E-16,0.));
#4423 = DIRECTION('',(-0.,0.,-1.));
#4424 = ADVANCED_FACE('',(#4425),#4431,.T.);
#4425 = FACE_BOUND('',#4426,.T.);
#4426 = EDGE_LOOP('',(#4427,#4428,#4429,#4430));
#4427 = ORIENTED_EDGE('',*,*,#4292,.T.);
#4428 = ORIENTED_EDGE('',*,*,#2868,.T.);
#4429 = ORIENTED_EDGE('',*,*,#4382,.F.);
#4430 = ORIENTED_EDGE('',*,*,#3039,.F.);
#4431 = CYLINDRICAL_SURFACE('',#4432,0.381);
#4432 = AXIS2_PLACEMENT_3D('',#4433,#4434,#4435);
#4433 = CARTESIAN_POINT('',(7.366,-6.858,1.776));
#4434 = DIRECTION('',(3.216245299353E-16,-1.,0.));
#4435 = DIRECTION('',(0.,0.,1.));
#4436 = ADVANCED_FACE('',(#4437),#4450,.T.);
#4437 = FACE_BOUND('',#4438,.T.);
#4438 = EDGE_LOOP('',(#4439,#4440,#4441,#4442,#4448,#4449));
#4439 = ORIENTED_EDGE('',*,*,#4254,.F.);
#4440 = ORIENTED_EDGE('',*,*,#3310,.F.);
#4441 = ORIENTED_EDGE('',*,*,#3140,.F.);
#4442 = ORIENTED_EDGE('',*,*,#4443,.F.);
#4443 = EDGE_CURVE('',#2952,#3132,#4444,.T.);
#4444 = LINE('',#4445,#4446);
#4445 = CARTESIAN_POINT('',(7.366,0.2285,2.157));
#4446 = VECTOR('',#4447,1.);
#4447 = DIRECTION('',(3.216245299353E-16,-1.,0.));
#4448 = ORIENTED_EDGE('',*,*,#2960,.F.);
#4449 = ORIENTED_EDGE('',*,*,#2974,.F.);
#4450 = PLANE('',#4451);
#4451 = AXIS2_PLACEMENT_3D('',#4452,#4453,#4454);
#4452 = CARTESIAN_POINT('',(3.81,-0.762,2.157));
#4453 = DIRECTION('',(0.,0.,1.));
#4454 = DIRECTION('',(-4.440892098501E-16,1.,0.));
#4455 = ADVANCED_FACE('',(#4456),#4467,.T.);
#4456 = FACE_BOUND('',#4457,.T.);
#4457 = EDGE_LOOP('',(#4458,#4459,#4460,#4461));
#4458 = ORIENTED_EDGE('',*,*,#2951,.T.);
#4459 = ORIENTED_EDGE('',*,*,#4443,.T.);
#4460 = ORIENTED_EDGE('',*,*,#3131,.F.);
#4461 = ORIENTED_EDGE('',*,*,#4462,.F.);
#4462 = EDGE_CURVE('',#2944,#3124,#4463,.T.);
#4463 = LINE('',#4464,#4465);
#4464 = CARTESIAN_POINT('',(7.747,0.2285,1.776));
#4465 = VECTOR('',#4466,1.);
#4466 = DIRECTION('',(3.216245299353E-16,-1.,0.));
#4467 = CYLINDRICAL_SURFACE('',#4468,0.381);
#4468 = AXIS2_PLACEMENT_3D('',#4469,#4470,#4471);
#4469 = CARTESIAN_POINT('',(7.366,0.2285,1.776));
#4470 = DIRECTION('',(3.216245299353E-16,-1.,0.));
#4471 = DIRECTION('',(1.,3.216245299353E-16,0.));
#4472 = ADVANCED_FACE('',(#4473),#4516,.T.);
#4473 = FACE_BOUND('',#4474,.T.);
#4474 = EDGE_LOOP('',(#4475,#4476,#4477,#4478,#4486,#4494,#4502,#4510));
#4475 = ORIENTED_EDGE('',*,*,#2943,.F.);
#4476 = ORIENTED_EDGE('',*,*,#4462,.T.);
#4477 = ORIENTED_EDGE('',*,*,#3123,.F.);
#4478 = ORIENTED_EDGE('',*,*,#4479,.F.);
#4479 = EDGE_CURVE('',#4480,#3116,#4482,.T.);
#4480 = VERTEX_POINT('',#4481);
#4481 = CARTESIAN_POINT('',(7.747,-0.2285,0.));
#4482 = LINE('',#4483,#4484);
#4483 = CARTESIAN_POINT('',(7.747,-0.2285,0.));
#4484 = VECTOR('',#4485,1.);
#4485 = DIRECTION('',(3.216245299353E-16,-1.,0.));
#4486 = ORIENTED_EDGE('',*,*,#4487,.F.);
#4487 = EDGE_CURVE('',#4488,#4480,#4490,.T.);
#4488 = VERTEX_POINT('',#4489);
#4489 = CARTESIAN_POINT('',(7.747,-0.2285,-2.843));
#4490 = LINE('',#4491,#4492);
#4491 = CARTESIAN_POINT('',(7.747,-0.2285,-2.843));
#4492 = VECTOR('',#4493,1.);
#4493 = DIRECTION('',(0.,0.,1.));
#4494 = ORIENTED_EDGE('',*,*,#4495,.F.);
#4495 = EDGE_CURVE('',#4496,#4488,#4498,.T.);
#4496 = VERTEX_POINT('',#4497);
#4497 = CARTESIAN_POINT('',(7.747,-0.11425,-3.3));
#4498 = LINE('',#4499,#4500);
#4499 = CARTESIAN_POINT('',(7.747,-0.11425,-3.3));
#4500 = VECTOR('',#4501,1.);
#4501 = DIRECTION('',(7.800540639491E-17,-0.242535625036,0.970142500145)
  );
#4502 = ORIENTED_EDGE('',*,*,#4503,.F.);
#4503 = EDGE_CURVE('',#4504,#4496,#4506,.T.);
#4504 = VERTEX_POINT('',#4505);
#4505 = CARTESIAN_POINT('',(7.747,0.11425,-3.3));
#4506 = LINE('',#4507,#4508);
#4507 = CARTESIAN_POINT('',(7.747,0.11425,-3.3));
#4508 = VECTOR('',#4509,1.);
#4509 = DIRECTION('',(3.216245299353E-16,-1.,0.));
#4510 = ORIENTED_EDGE('',*,*,#4511,.F.);
#4511 = EDGE_CURVE('',#2936,#4504,#4512,.T.);
#4512 = LINE('',#4513,#4514);
#4513 = CARTESIAN_POINT('',(7.747,0.2285,-2.843));
#4514 = VECTOR('',#4515,1.);
#4515 = DIRECTION('',(7.800540639491E-17,-0.242535625036,-0.970142500145
    ));
#4516 = PLANE('',#4517);
#4517 = AXIS2_PLACEMENT_3D('',#4518,#4519,#4520);
#4518 = CARTESIAN_POINT('',(7.747,0.2285,2.157));
#4519 = DIRECTION('',(1.,3.216245299353E-16,0.));
#4520 = DIRECTION('',(0.,-0.,1.));
#4521 = ADVANCED_FACE('',(#4522),#4540,.F.);
#4522 = FACE_BOUND('',#4523,.F.);
#4523 = EDGE_LOOP('',(#4524,#4525,#4533,#4539));
#4524 = ORIENTED_EDGE('',*,*,#2935,.T.);
#4525 = ORIENTED_EDGE('',*,*,#4526,.T.);
#4526 = EDGE_CURVE('',#2928,#4527,#4529,.T.);
#4527 = VERTEX_POINT('',#4528);
#4528 = CARTESIAN_POINT('',(7.493,0.11425,-3.3));
#4529 = LINE('',#4530,#4531);
#4530 = CARTESIAN_POINT('',(7.493,0.2285,-2.843));
#4531 = VECTOR('',#4532,1.);
#4532 = DIRECTION('',(7.800540639491E-17,-0.242535625036,-0.970142500145
    ));
#4533 = ORIENTED_EDGE('',*,*,#4534,.F.);
#4534 = EDGE_CURVE('',#4504,#4527,#4535,.T.);
#4535 = LINE('',#4536,#4537);
#4536 = CARTESIAN_POINT('',(7.747,0.11425,-3.3));
#4537 = VECTOR('',#4538,1.);
#4538 = DIRECTION('',(-1.,-3.216245299353E-16,0.));
#4539 = ORIENTED_EDGE('',*,*,#4511,.F.);
#4540 = PLANE('',#4541);
#4541 = AXIS2_PLACEMENT_3D('',#4542,#4543,#4544);
#4542 = CARTESIAN_POINT('',(7.747,0.2285,-2.843));
#4543 = DIRECTION('',(3.120216255796E-16,-0.970142500145,0.242535625036)
  );
#4544 = DIRECTION('',(7.800540639491E-17,-0.242535625036,-0.970142500145
    ));
#4545 = ADVANCED_FACE('',(#4546),#4582,.F.);
#4546 = FACE_BOUND('',#4547,.F.);
#4547 = EDGE_LOOP('',(#4548,#4549,#4550,#4551,#4559,#4567,#4575,#4581));
#4548 = ORIENTED_EDGE('',*,*,#2927,.F.);
#4549 = ORIENTED_EDGE('',*,*,#3090,.T.);
#4550 = ORIENTED_EDGE('',*,*,#3107,.F.);
#4551 = ORIENTED_EDGE('',*,*,#4552,.F.);
#4552 = EDGE_CURVE('',#4553,#3108,#4555,.T.);
#4553 = VERTEX_POINT('',#4554);
#4554 = CARTESIAN_POINT('',(7.493,-0.2285,0.));
#4555 = LINE('',#4556,#4557);
#4556 = CARTESIAN_POINT('',(7.493,-0.2285,0.));
#4557 = VECTOR('',#4558,1.);
#4558 = DIRECTION('',(3.216245299353E-16,-1.,0.));
#4559 = ORIENTED_EDGE('',*,*,#4560,.F.);
#4560 = EDGE_CURVE('',#4561,#4553,#4563,.T.);
#4561 = VERTEX_POINT('',#4562);
#4562 = CARTESIAN_POINT('',(7.493,-0.2285,-2.843));
#4563 = LINE('',#4564,#4565);
#4564 = CARTESIAN_POINT('',(7.493,-0.2285,-2.843));
#4565 = VECTOR('',#4566,1.);
#4566 = DIRECTION('',(0.,0.,1.));
#4567 = ORIENTED_EDGE('',*,*,#4568,.F.);
#4568 = EDGE_CURVE('',#4569,#4561,#4571,.T.);
#4569 = VERTEX_POINT('',#4570);
#4570 = CARTESIAN_POINT('',(7.493,-0.11425,-3.3));
#4571 = LINE('',#4572,#4573);
#4572 = CARTESIAN_POINT('',(7.493,-0.11425,-3.3));
#4573 = VECTOR('',#4574,1.);
#4574 = DIRECTION('',(7.800540639491E-17,-0.242535625036,0.970142500145)
  );
#4575 = ORIENTED_EDGE('',*,*,#4576,.F.);
#4576 = EDGE_CURVE('',#4527,#4569,#4577,.T.);
#4577 = LINE('',#4578,#4579);
#4578 = CARTESIAN_POINT('',(7.493,0.11425,-3.3));
#4579 = VECTOR('',#4580,1.);
#4580 = DIRECTION('',(3.216245299353E-16,-1.,0.));
#4581 = ORIENTED_EDGE('',*,*,#4526,.F.);
#4582 = PLANE('',#4583);
#4583 = AXIS2_PLACEMENT_3D('',#4584,#4585,#4586);
#4584 = CARTESIAN_POINT('',(7.493,0.2285,2.157));
#4585 = DIRECTION('',(1.,3.216245299353E-16,0.));
#4586 = DIRECTION('',(0.,-0.,1.));
#4587 = ADVANCED_FACE('',(#4588),#4599,.T.);
#4588 = FACE_BOUND('',#4589,.T.);
#4589 = EDGE_LOOP('',(#4590,#4596,#4597,#4598));
#4590 = ORIENTED_EDGE('',*,*,#4591,.T.);
#4591 = EDGE_CURVE('',#4390,#4312,#4592,.T.);
#4592 = LINE('',#4593,#4594);
#4593 = CARTESIAN_POINT('',(7.747,-7.3915,0.));
#4594 = VECTOR('',#4595,1.);
#4595 = DIRECTION('',(-1.,-3.216245299353E-16,0.));
#4596 = ORIENTED_EDGE('',*,*,#4311,.T.);
#4597 = ORIENTED_EDGE('',*,*,#3023,.F.);
#4598 = ORIENTED_EDGE('',*,*,#4389,.F.);
#4599 = PLANE('',#4600);
#4600 = AXIS2_PLACEMENT_3D('',#4601,#4602,#4603);
#4601 = CARTESIAN_POINT('',(7.747,-7.3915,0.));
#4602 = DIRECTION('',(-0.,0.,-1.));
#4603 = DIRECTION('',(-3.216245299353E-16,1.,0.));
#4604 = ADVANCED_FACE('',(#4605),#4616,.F.);
#4605 = FACE_BOUND('',#4606,.F.);
#4606 = EDGE_LOOP('',(#4607,#4613,#4614,#4615));
#4607 = ORIENTED_EDGE('',*,*,#4608,.T.);
#4608 = EDGE_CURVE('',#4480,#4553,#4609,.T.);
#4609 = LINE('',#4610,#4611);
#4610 = CARTESIAN_POINT('',(7.747,-0.2285,0.));
#4611 = VECTOR('',#4612,1.);
#4612 = DIRECTION('',(-1.,-3.216245299353E-16,0.));
#4613 = ORIENTED_EDGE('',*,*,#4552,.T.);
#4614 = ORIENTED_EDGE('',*,*,#3115,.F.);
#4615 = ORIENTED_EDGE('',*,*,#4479,.F.);
#4616 = PLANE('',#4617);
#4617 = AXIS2_PLACEMENT_3D('',#4618,#4619,#4620);
#4618 = CARTESIAN_POINT('',(7.747,-0.2285,0.));
#4619 = DIRECTION('',(0.,0.,1.));
#4620 = DIRECTION('',(3.216245299353E-16,-1.,0.));
#4621 = ADVANCED_FACE('',(#4622),#4635,.T.);
#4622 = FACE_BOUND('',#4623,.T.);
#4623 = EDGE_LOOP('',(#4624,#4625,#4626,#4627,#4633,#4634));
#4624 = ORIENTED_EDGE('',*,*,#4240,.F.);
#4625 = ORIENTED_EDGE('',*,*,#3163,.F.);
#4626 = ORIENTED_EDGE('',*,*,#3187,.F.);
#4627 = ORIENTED_EDGE('',*,*,#4628,.F.);
#4628 = EDGE_CURVE('',#3335,#3188,#4629,.T.);
#4629 = LINE('',#4630,#4631);
#4630 = CARTESIAN_POINT('',(7.366,-4.318,2.157));
#4631 = VECTOR('',#4632,1.);
#4632 = DIRECTION('',(3.216245299353E-16,-1.,0.));
#4633 = ORIENTED_EDGE('',*,*,#3334,.F.);
#4634 = ORIENTED_EDGE('',*,*,#3482,.F.);
#4635 = PLANE('',#4636);
#4636 = AXIS2_PLACEMENT_3D('',#4637,#4638,#4639);
#4637 = CARTESIAN_POINT('',(3.683,-5.842,2.157));
#4638 = DIRECTION('',(0.,0.,1.));
#4639 = DIRECTION('',(-4.440892098501E-16,1.,0.));
#4640 = ADVANCED_FACE('',(#4641),#4700,.T.);
#4641 = FACE_BOUND('',#4642,.T.);
#4642 = EDGE_LOOP('',(#4643,#4644,#4645,#4646,#4654,#4662,#4670,#4678,
    #4686,#4694));
#4643 = ORIENTED_EDGE('',*,*,#3220,.F.);
#4644 = ORIENTED_EDGE('',*,*,#3390,.T.);
#4645 = ORIENTED_EDGE('',*,*,#3367,.F.);
#4646 = ORIENTED_EDGE('',*,*,#4647,.F.);
#4647 = EDGE_CURVE('',#4648,#3360,#4650,.T.);
#4648 = VERTEX_POINT('',#4649);
#4649 = CARTESIAN_POINT('',(7.493,-4.8515,0.));
#4650 = LINE('',#4651,#4652);
#4651 = CARTESIAN_POINT('',(7.493,-4.8515,0.));
#4652 = VECTOR('',#4653,1.);
#4653 = DIRECTION('',(-3.216245299353E-16,1.,0.));
#4654 = ORIENTED_EDGE('',*,*,#4655,.F.);
#4655 = EDGE_CURVE('',#4656,#4648,#4658,.T.);
#4656 = VERTEX_POINT('',#4657);
#4657 = CARTESIAN_POINT('',(7.493,-4.8515,-2.843));
#4658 = LINE('',#4659,#4660);
#4659 = CARTESIAN_POINT('',(7.493,-4.8515,-2.843));
#4660 = VECTOR('',#4661,1.);
#4661 = DIRECTION('',(0.,0.,1.));
#4662 = ORIENTED_EDGE('',*,*,#4663,.F.);
#4663 = EDGE_CURVE('',#4664,#4656,#4666,.T.);
#4664 = VERTEX_POINT('',#4665);
#4665 = CARTESIAN_POINT('',(7.493,-4.96575,-3.3));
#4666 = LINE('',#4667,#4668);
#4667 = CARTESIAN_POINT('',(7.493,-4.96575,-3.3));
#4668 = VECTOR('',#4669,1.);
#4669 = DIRECTION('',(-7.800540639491E-17,0.242535625036,0.970142500145)
  );
#4670 = ORIENTED_EDGE('',*,*,#4671,.F.);
#4671 = EDGE_CURVE('',#4672,#4664,#4674,.T.);
#4672 = VERTEX_POINT('',#4673);
#4673 = CARTESIAN_POINT('',(7.493,-5.19425,-3.3));
#4674 = LINE('',#4675,#4676);
#4675 = CARTESIAN_POINT('',(7.493,-5.19425,-3.3));
#4676 = VECTOR('',#4677,1.);
#4677 = DIRECTION('',(-3.216245299353E-16,1.,0.));
#4678 = ORIENTED_EDGE('',*,*,#4679,.F.);
#4679 = EDGE_CURVE('',#4680,#4672,#4682,.T.);
#4680 = VERTEX_POINT('',#4681);
#4681 = CARTESIAN_POINT('',(7.493,-5.3085,-2.843));
#4682 = LINE('',#4683,#4684);
#4683 = CARTESIAN_POINT('',(7.493,-5.3085,-2.843));
#4684 = VECTOR('',#4685,1.);
#4685 = DIRECTION('',(-7.800540639491E-17,0.242535625036,-0.970142500145
    ));
#4686 = ORIENTED_EDGE('',*,*,#4687,.F.);
#4687 = EDGE_CURVE('',#4688,#4680,#4690,.T.);
#4688 = VERTEX_POINT('',#4689);
#4689 = CARTESIAN_POINT('',(7.493,-5.3085,0.));
#4690 = LINE('',#4691,#4692);
#4691 = CARTESIAN_POINT('',(7.493,-5.3085,0.));
#4692 = VECTOR('',#4693,1.);
#4693 = DIRECTION('',(0.,0.,-1.));
#4694 = ORIENTED_EDGE('',*,*,#4695,.F.);
#4695 = EDGE_CURVE('',#3213,#4688,#4696,.T.);
#4696 = LINE('',#4697,#4698);
#4697 = CARTESIAN_POINT('',(7.493,-5.842,0.));
#4698 = VECTOR('',#4699,1.);
#4699 = DIRECTION('',(-3.216245299353E-16,1.,0.));
#4700 = PLANE('',#4701);
#4701 = AXIS2_PLACEMENT_3D('',#4702,#4703,#4704);
#4702 = CARTESIAN_POINT('',(7.493,-5.842,2.157));
#4703 = DIRECTION('',(-1.,-3.216245299353E-16,0.));
#4704 = DIRECTION('',(-0.,0.,-1.));
#4705 = ADVANCED_FACE('',(#4706),#4724,.T.);
#4706 = FACE_BOUND('',#4707,.T.);
#4707 = EDGE_LOOP('',(#4708,#4709,#4710,#4718));
#4708 = ORIENTED_EDGE('',*,*,#3212,.T.);
#4709 = ORIENTED_EDGE('',*,*,#4695,.T.);
#4710 = ORIENTED_EDGE('',*,*,#4711,.F.);
#4711 = EDGE_CURVE('',#4712,#4688,#4714,.T.);
#4712 = VERTEX_POINT('',#4713);
#4713 = CARTESIAN_POINT('',(7.747,-5.3085,0.));
#4714 = LINE('',#4715,#4716);
#4715 = CARTESIAN_POINT('',(7.747,-5.3085,0.));
#4716 = VECTOR('',#4717,1.);
#4717 = DIRECTION('',(-1.,-3.216245299353E-16,0.));
#4718 = ORIENTED_EDGE('',*,*,#4719,.F.);
#4719 = EDGE_CURVE('',#3205,#4712,#4720,.T.);
#4720 = LINE('',#4721,#4722);
#4721 = CARTESIAN_POINT('',(7.747,-5.842,0.));
#4722 = VECTOR('',#4723,1.);
#4723 = DIRECTION('',(-3.216245299353E-16,1.,0.));
#4724 = PLANE('',#4725);
#4725 = AXIS2_PLACEMENT_3D('',#4726,#4727,#4728);
#4726 = CARTESIAN_POINT('',(7.747,-5.842,0.));
#4727 = DIRECTION('',(-0.,0.,-1.));
#4728 = DIRECTION('',(-3.216245299353E-16,1.,0.));
#4729 = ADVANCED_FACE('',(#4730),#4787,.F.);
#4730 = FACE_BOUND('',#4731,.F.);
#4731 = EDGE_LOOP('',(#4732,#4733,#4739,#4740,#4748,#4756,#4764,#4772,
    #4780,#4786));
#4732 = ORIENTED_EDGE('',*,*,#3204,.F.);
#4733 = ORIENTED_EDGE('',*,*,#4734,.F.);
#4734 = EDGE_CURVE('',#3343,#3196,#4735,.T.);
#4735 = LINE('',#4736,#4737);
#4736 = CARTESIAN_POINT('',(7.747,-4.318,1.776));
#4737 = VECTOR('',#4738,1.);
#4738 = DIRECTION('',(3.216245299353E-16,-1.,0.));
#4739 = ORIENTED_EDGE('',*,*,#3351,.F.);
#4740 = ORIENTED_EDGE('',*,*,#4741,.F.);
#4741 = EDGE_CURVE('',#4742,#3352,#4744,.T.);
#4742 = VERTEX_POINT('',#4743);
#4743 = CARTESIAN_POINT('',(7.747,-4.8515,0.));
#4744 = LINE('',#4745,#4746);
#4745 = CARTESIAN_POINT('',(7.747,-4.8515,0.));
#4746 = VECTOR('',#4747,1.);
#4747 = DIRECTION('',(-3.216245299353E-16,1.,0.));
#4748 = ORIENTED_EDGE('',*,*,#4749,.F.);
#4749 = EDGE_CURVE('',#4750,#4742,#4752,.T.);
#4750 = VERTEX_POINT('',#4751);
#4751 = CARTESIAN_POINT('',(7.747,-4.8515,-2.843));
#4752 = LINE('',#4753,#4754);
#4753 = CARTESIAN_POINT('',(7.747,-4.8515,-2.843));
#4754 = VECTOR('',#4755,1.);
#4755 = DIRECTION('',(0.,0.,1.));
#4756 = ORIENTED_EDGE('',*,*,#4757,.F.);
#4757 = EDGE_CURVE('',#4758,#4750,#4760,.T.);
#4758 = VERTEX_POINT('',#4759);
#4759 = CARTESIAN_POINT('',(7.747,-4.96575,-3.3));
#4760 = LINE('',#4761,#4762);
#4761 = CARTESIAN_POINT('',(7.747,-4.96575,-3.3));
#4762 = VECTOR('',#4763,1.);
#4763 = DIRECTION('',(-7.800540639491E-17,0.242535625036,0.970142500145)
  );
#4764 = ORIENTED_EDGE('',*,*,#4765,.F.);
#4765 = EDGE_CURVE('',#4766,#4758,#4768,.T.);
#4766 = VERTEX_POINT('',#4767);
#4767 = CARTESIAN_POINT('',(7.747,-5.19425,-3.3));
#4768 = LINE('',#4769,#4770);
#4769 = CARTESIAN_POINT('',(7.747,-5.19425,-3.3));
#4770 = VECTOR('',#4771,1.);
#4771 = DIRECTION('',(-3.216245299353E-16,1.,0.));
#4772 = ORIENTED_EDGE('',*,*,#4773,.F.);
#4773 = EDGE_CURVE('',#4774,#4766,#4776,.T.);
#4774 = VERTEX_POINT('',#4775);
#4775 = CARTESIAN_POINT('',(7.747,-5.3085,-2.843));
#4776 = LINE('',#4777,#4778);
#4777 = CARTESIAN_POINT('',(7.747,-5.3085,-2.843));
#4778 = VECTOR('',#4779,1.);
#4779 = DIRECTION('',(-7.800540639491E-17,0.242535625036,-0.970142500145
    ));
#4780 = ORIENTED_EDGE('',*,*,#4781,.F.);
#4781 = EDGE_CURVE('',#4712,#4774,#4782,.T.);
#4782 = LINE('',#4783,#4784);
#4783 = CARTESIAN_POINT('',(7.747,-5.3085,0.));
#4784 = VECTOR('',#4785,1.);
#4785 = DIRECTION('',(0.,0.,-1.));
#4786 = ORIENTED_EDGE('',*,*,#4719,.F.);
#4787 = PLANE('',#4788);
#4788 = AXIS2_PLACEMENT_3D('',#4789,#4790,#4791);
#4789 = CARTESIAN_POINT('',(7.747,-5.842,2.157));
#4790 = DIRECTION('',(-1.,-3.216245299353E-16,0.));
#4791 = DIRECTION('',(-0.,0.,-1.));
#4792 = ADVANCED_FACE('',(#4793),#4799,.T.);
#4793 = FACE_BOUND('',#4794,.T.);
#4794 = EDGE_LOOP('',(#4795,#4796,#4797,#4798));
#4795 = ORIENTED_EDGE('',*,*,#4628,.T.);
#4796 = ORIENTED_EDGE('',*,*,#3195,.T.);
#4797 = ORIENTED_EDGE('',*,*,#4734,.F.);
#4798 = ORIENTED_EDGE('',*,*,#3342,.F.);
#4799 = CYLINDRICAL_SURFACE('',#4800,0.381);
#4800 = AXIS2_PLACEMENT_3D('',#4801,#4802,#4803);
#4801 = CARTESIAN_POINT('',(7.366,-4.318,1.776));
#4802 = DIRECTION('',(3.216245299353E-16,-1.,0.));
#4803 = DIRECTION('',(0.,0.,1.));
#4804 = ADVANCED_FACE('',(#4805),#4864,.T.);
#4805 = FACE_BOUND('',#4806,.T.);
#4806 = EDGE_LOOP('',(#4807,#4808,#4809,#4810,#4818,#4826,#4834,#4842,
    #4850,#4858));
#4807 = ORIENTED_EDGE('',*,*,#3467,.F.);
#4808 = ORIENTED_EDGE('',*,*,#3407,.T.);
#4809 = ORIENTED_EDGE('',*,*,#3278,.F.);
#4810 = ORIENTED_EDGE('',*,*,#4811,.F.);
#4811 = EDGE_CURVE('',#4812,#3271,#4814,.T.);
#4812 = VERTEX_POINT('',#4813);
#4813 = CARTESIAN_POINT('',(7.493,-2.3115,0.));
#4814 = LINE('',#4815,#4816);
#4815 = CARTESIAN_POINT('',(7.493,-2.3115,0.));
#4816 = VECTOR('',#4817,1.);
#4817 = DIRECTION('',(-3.216245299353E-16,1.,0.));
#4818 = ORIENTED_EDGE('',*,*,#4819,.F.);
#4819 = EDGE_CURVE('',#4820,#4812,#4822,.T.);
#4820 = VERTEX_POINT('',#4821);
#4821 = CARTESIAN_POINT('',(7.493,-2.3115,-2.843));
#4822 = LINE('',#4823,#4824);
#4823 = CARTESIAN_POINT('',(7.493,-2.3115,-2.843));
#4824 = VECTOR('',#4825,1.);
#4825 = DIRECTION('',(0.,0.,1.));
#4826 = ORIENTED_EDGE('',*,*,#4827,.F.);
#4827 = EDGE_CURVE('',#4828,#4820,#4830,.T.);
#4828 = VERTEX_POINT('',#4829);
#4829 = CARTESIAN_POINT('',(7.493,-2.42575,-3.3));
#4830 = LINE('',#4831,#4832);
#4831 = CARTESIAN_POINT('',(7.493,-2.42575,-3.3));
#4832 = VECTOR('',#4833,1.);
#4833 = DIRECTION('',(-7.800540639491E-17,0.242535625036,0.970142500145)
  );
#4834 = ORIENTED_EDGE('',*,*,#4835,.F.);
#4835 = EDGE_CURVE('',#4836,#4828,#4838,.T.);
#4836 = VERTEX_POINT('',#4837);
#4837 = CARTESIAN_POINT('',(7.493,-2.65425,-3.3));
#4838 = LINE('',#4839,#4840);
#4839 = CARTESIAN_POINT('',(7.493,-2.65425,-3.3));
#4840 = VECTOR('',#4841,1.);
#4841 = DIRECTION('',(-3.216245299353E-16,1.,0.));
#4842 = ORIENTED_EDGE('',*,*,#4843,.F.);
#4843 = EDGE_CURVE('',#4844,#4836,#4846,.T.);
#4844 = VERTEX_POINT('',#4845);
#4845 = CARTESIAN_POINT('',(7.493,-2.7685,-2.843));
#4846 = LINE('',#4847,#4848);
#4847 = CARTESIAN_POINT('',(7.493,-2.7685,-2.843));
#4848 = VECTOR('',#4849,1.);
#4849 = DIRECTION('',(-7.800540639491E-17,0.242535625036,-0.970142500145
    ));
#4850 = ORIENTED_EDGE('',*,*,#4851,.F.);
#4851 = EDGE_CURVE('',#4852,#4844,#4854,.T.);
#4852 = VERTEX_POINT('',#4853);
#4853 = CARTESIAN_POINT('',(7.493,-2.7685,0.));
#4854 = LINE('',#4855,#4856);
#4855 = CARTESIAN_POINT('',(7.493,-2.7685,0.));
#4856 = VECTOR('',#4857,1.);
#4857 = DIRECTION('',(0.,0.,-1.));
#4858 = ORIENTED_EDGE('',*,*,#4859,.F.);
#4859 = EDGE_CURVE('',#3460,#4852,#4860,.T.);
#4860 = LINE('',#4861,#4862);
#4861 = CARTESIAN_POINT('',(7.493,-3.302,0.));
#4862 = VECTOR('',#4863,1.);
#4863 = DIRECTION('',(-3.216245299353E-16,1.,0.));
#4864 = PLANE('',#4865);
#4865 = AXIS2_PLACEMENT_3D('',#4866,#4867,#4868);
#4866 = CARTESIAN_POINT('',(7.493,-3.302,2.157));
#4867 = DIRECTION('',(-1.,-3.216245299353E-16,0.));
#4868 = DIRECTION('',(-0.,0.,-1.));
#4869 = ADVANCED_FACE('',(#4870),#4888,.T.);
#4870 = FACE_BOUND('',#4871,.T.);
#4871 = EDGE_LOOP('',(#4872,#4880,#4881,#4882));
#4872 = ORIENTED_EDGE('',*,*,#4873,.T.);
#4873 = EDGE_CURVE('',#4874,#4812,#4876,.T.);
#4874 = VERTEX_POINT('',#4875);
#4875 = CARTESIAN_POINT('',(7.747,-2.3115,0.));
#4876 = LINE('',#4877,#4878);
#4877 = CARTESIAN_POINT('',(7.747,-2.3115,0.));
#4878 = VECTOR('',#4879,1.);
#4879 = DIRECTION('',(-1.,-3.216245299353E-16,0.));
#4880 = ORIENTED_EDGE('',*,*,#4811,.T.);
#4881 = ORIENTED_EDGE('',*,*,#3270,.F.);
#4882 = ORIENTED_EDGE('',*,*,#4883,.F.);
#4883 = EDGE_CURVE('',#4874,#3263,#4884,.T.);
#4884 = LINE('',#4885,#4886);
#4885 = CARTESIAN_POINT('',(7.747,-2.3115,0.));
#4886 = VECTOR('',#4887,1.);
#4887 = DIRECTION('',(-3.216245299353E-16,1.,0.));
#4888 = PLANE('',#4889);
#4889 = AXIS2_PLACEMENT_3D('',#4890,#4891,#4892);
#4890 = CARTESIAN_POINT('',(7.747,-2.3115,0.));
#4891 = DIRECTION('',(-0.,0.,-1.));
#4892 = DIRECTION('',(-3.216245299353E-16,1.,0.));
#4893 = ADVANCED_FACE('',(#4894),#4951,.F.);
#4894 = FACE_BOUND('',#4895,.F.);
#4895 = EDGE_LOOP('',(#4896,#4897,#4903,#4904,#4905,#4913,#4921,#4929,
    #4937,#4945));
#4896 = ORIENTED_EDGE('',*,*,#3451,.F.);
#4897 = ORIENTED_EDGE('',*,*,#4898,.F.);
#4898 = EDGE_CURVE('',#3254,#3443,#4899,.T.);
#4899 = LINE('',#4900,#4901);
#4900 = CARTESIAN_POINT('',(7.747,-1.778,1.776));
#4901 = VECTOR('',#4902,1.);
#4902 = DIRECTION('',(3.216245299353E-16,-1.,0.));
#4903 = ORIENTED_EDGE('',*,*,#3262,.F.);
#4904 = ORIENTED_EDGE('',*,*,#4883,.F.);
#4905 = ORIENTED_EDGE('',*,*,#4906,.F.);
#4906 = EDGE_CURVE('',#4907,#4874,#4909,.T.);
#4907 = VERTEX_POINT('',#4908);
#4908 = CARTESIAN_POINT('',(7.747,-2.3115,-2.843));
#4909 = LINE('',#4910,#4911);
#4910 = CARTESIAN_POINT('',(7.747,-2.3115,-2.843));
#4911 = VECTOR('',#4912,1.);
#4912 = DIRECTION('',(0.,0.,1.));
#4913 = ORIENTED_EDGE('',*,*,#4914,.F.);
#4914 = EDGE_CURVE('',#4915,#4907,#4917,.T.);
#4915 = VERTEX_POINT('',#4916);
#4916 = CARTESIAN_POINT('',(7.747,-2.42575,-3.3));
#4917 = LINE('',#4918,#4919);
#4918 = CARTESIAN_POINT('',(7.747,-2.42575,-3.3));
#4919 = VECTOR('',#4920,1.);
#4920 = DIRECTION('',(-7.800540639491E-17,0.242535625036,0.970142500145)
  );
#4921 = ORIENTED_EDGE('',*,*,#4922,.F.);
#4922 = EDGE_CURVE('',#4923,#4915,#4925,.T.);
#4923 = VERTEX_POINT('',#4924);
#4924 = CARTESIAN_POINT('',(7.747,-2.65425,-3.3));
#4925 = LINE('',#4926,#4927);
#4926 = CARTESIAN_POINT('',(7.747,-2.65425,-3.3));
#4927 = VECTOR('',#4928,1.);
#4928 = DIRECTION('',(-3.216245299353E-16,1.,0.));
#4929 = ORIENTED_EDGE('',*,*,#4930,.F.);
#4930 = EDGE_CURVE('',#4931,#4923,#4933,.T.);
#4931 = VERTEX_POINT('',#4932);
#4932 = CARTESIAN_POINT('',(7.747,-2.7685,-2.843));
#4933 = LINE('',#4934,#4935);
#4934 = CARTESIAN_POINT('',(7.747,-2.7685,-2.843));
#4935 = VECTOR('',#4936,1.);
#4936 = DIRECTION('',(-7.800540639491E-17,0.242535625036,-0.970142500145
    ));
#4937 = ORIENTED_EDGE('',*,*,#4938,.F.);
#4938 = EDGE_CURVE('',#4939,#4931,#4941,.T.);
#4939 = VERTEX_POINT('',#4940);
#4940 = CARTESIAN_POINT('',(7.747,-2.7685,0.));
#4941 = LINE('',#4942,#4943);
#4942 = CARTESIAN_POINT('',(7.747,-2.7685,0.));
#4943 = VECTOR('',#4944,1.);
#4944 = DIRECTION('',(0.,0.,-1.));
#4945 = ORIENTED_EDGE('',*,*,#4946,.F.);
#4946 = EDGE_CURVE('',#3452,#4939,#4947,.T.);
#4947 = LINE('',#4948,#4949);
#4948 = CARTESIAN_POINT('',(7.747,-3.302,0.));
#4949 = VECTOR('',#4950,1.);
#4950 = DIRECTION('',(-3.216245299353E-16,1.,0.));
#4951 = PLANE('',#4952);
#4952 = AXIS2_PLACEMENT_3D('',#4953,#4954,#4955);
#4953 = CARTESIAN_POINT('',(7.747,-3.302,2.157));
#4954 = DIRECTION('',(-1.,-3.216245299353E-16,0.));
#4955 = DIRECTION('',(-0.,0.,-1.));
#4956 = ADVANCED_FACE('',(#4957),#4968,.T.);
#4957 = FACE_BOUND('',#4958,.T.);
#4958 = EDGE_LOOP('',(#4959,#4965,#4966,#4967));
#4959 = ORIENTED_EDGE('',*,*,#4960,.T.);
#4960 = EDGE_CURVE('',#3246,#3435,#4961,.T.);
#4961 = LINE('',#4962,#4963);
#4962 = CARTESIAN_POINT('',(7.366,-1.778,2.157));
#4963 = VECTOR('',#4964,1.);
#4964 = DIRECTION('',(3.216245299353E-16,-1.,0.));
#4965 = ORIENTED_EDGE('',*,*,#3442,.T.);
#4966 = ORIENTED_EDGE('',*,*,#4898,.F.);
#4967 = ORIENTED_EDGE('',*,*,#3253,.F.);
#4968 = CYLINDRICAL_SURFACE('',#4969,0.381);
#4969 = AXIS2_PLACEMENT_3D('',#4970,#4971,#4972);
#4970 = CARTESIAN_POINT('',(7.366,-1.778,1.776));
#4971 = DIRECTION('',(3.216245299353E-16,-1.,0.));
#4972 = DIRECTION('',(0.,0.,1.));
#4973 = ADVANCED_FACE('',(#4974),#4982,.T.);
#4974 = FACE_BOUND('',#4975,.T.);
#4975 = EDGE_LOOP('',(#4976,#4977,#4978,#4979,#4980,#4981));
#4976 = ORIENTED_EDGE('',*,*,#4247,.F.);
#4977 = ORIENTED_EDGE('',*,*,#3491,.F.);
#4978 = ORIENTED_EDGE('',*,*,#3434,.F.);
#4979 = ORIENTED_EDGE('',*,*,#4960,.F.);
#4980 = ORIENTED_EDGE('',*,*,#3245,.F.);
#4981 = ORIENTED_EDGE('',*,*,#3301,.F.);
#4982 = PLANE('',#4983);
#4983 = AXIS2_PLACEMENT_3D('',#4984,#4985,#4986);
#4984 = CARTESIAN_POINT('',(3.683,-3.302,2.157));
#4985 = DIRECTION('',(0.,0.,1.));
#4986 = DIRECTION('',(-4.440892098501E-16,1.,0.));
#4987 = ADVANCED_FACE('',(#4988),#4999,.T.);
#4988 = FACE_BOUND('',#4989,.T.);
#4989 = EDGE_LOOP('',(#4990,#4996,#4997,#4998));
#4990 = ORIENTED_EDGE('',*,*,#4991,.T.);
#4991 = EDGE_CURVE('',#4742,#4648,#4992,.T.);
#4992 = LINE('',#4993,#4994);
#4993 = CARTESIAN_POINT('',(7.747,-4.8515,0.));
#4994 = VECTOR('',#4995,1.);
#4995 = DIRECTION('',(-1.,-3.216245299353E-16,0.));
#4996 = ORIENTED_EDGE('',*,*,#4647,.T.);
#4997 = ORIENTED_EDGE('',*,*,#3359,.F.);
#4998 = ORIENTED_EDGE('',*,*,#4741,.F.);
#4999 = PLANE('',#5000);
#5000 = AXIS2_PLACEMENT_3D('',#5001,#5002,#5003);
#5001 = CARTESIAN_POINT('',(7.747,-4.8515,0.));
#5002 = DIRECTION('',(-0.,0.,-1.));
#5003 = DIRECTION('',(-3.216245299353E-16,1.,0.));
#5004 = ADVANCED_FACE('',(#5005),#5016,.T.);
#5005 = FACE_BOUND('',#5006,.T.);
#5006 = EDGE_LOOP('',(#5007,#5008,#5009,#5015));
#5007 = ORIENTED_EDGE('',*,*,#3459,.T.);
#5008 = ORIENTED_EDGE('',*,*,#4859,.T.);
#5009 = ORIENTED_EDGE('',*,*,#5010,.F.);
#5010 = EDGE_CURVE('',#4939,#4852,#5011,.T.);
#5011 = LINE('',#5012,#5013);
#5012 = CARTESIAN_POINT('',(7.747,-2.7685,0.));
#5013 = VECTOR('',#5014,1.);
#5014 = DIRECTION('',(-1.,-3.216245299353E-16,0.));
#5015 = ORIENTED_EDGE('',*,*,#4946,.F.);
#5016 = PLANE('',#5017);
#5017 = AXIS2_PLACEMENT_3D('',#5018,#5019,#5020);
#5018 = CARTESIAN_POINT('',(7.747,-3.302,0.));
#5019 = DIRECTION('',(-0.,0.,-1.));
#5020 = DIRECTION('',(-3.216245299353E-16,1.,0.));
#5021 = ADVANCED_FACE('',(#5022),#5365,.T.);
#5022 = FACE_BOUND('',#5023,.T.);
#5023 = EDGE_LOOP('',(#5024,#5025,#5026,#5033,#5041,#5147,#5253,#5359));
#5024 = ORIENTED_EDGE('',*,*,#4261,.F.);
#5025 = ORIENTED_EDGE('',*,*,#3521,.T.);
#5026 = ORIENTED_EDGE('',*,*,#5027,.T.);
#5027 = EDGE_CURVE('',#3515,#5028,#5030,.T.);
#5028 = VERTEX_POINT('',#5029);
#5029 = CARTESIAN_POINT('',(1.033723643423,0.426276356577,3.68));
#5030 = B_SPLINE_CURVE_WITH_KNOTS('',1,(#5031,#5032),.UNSPECIFIED.,.F.,
  .F.,(2,2),(0.,1.),.PIECEWISE_BEZIER_KNOTS.);
#5031 = CARTESIAN_POINT('',(0.71,0.75,2.157));
#5032 = CARTESIAN_POINT('',(1.033723643423,0.426276356577,3.68));
#5033 = ORIENTED_EDGE('',*,*,#5034,.F.);
#5034 = EDGE_CURVE('',#5035,#5028,#5037,.T.);
#5035 = VERTEX_POINT('',#5036);
#5036 = CARTESIAN_POINT('',(3.06375942217,0.426276356577,3.68));
#5037 = LINE('',#5038,#5039);
#5038 = CARTESIAN_POINT('',(6.586276356577,0.426276356577,3.68));
#5039 = VECTOR('',#5040,1.);
#5040 = DIRECTION('',(-1.,-4.440892098501E-16,0.));
#5041 = ORIENTED_EDGE('',*,*,#5042,.F.);
#5042 = EDGE_CURVE('',#5043,#5035,#5045,.T.);
#5043 = VERTEX_POINT('',#5044);
#5044 = CARTESIAN_POINT('',(3.060652504409,0.532554637412,3.18));
#5045 = B_SPLINE_CURVE_WITH_KNOTS('',4,(#5046,#5047,#5048,#5049,#5050,
    #5051,#5052,#5053,#5054,#5055,#5056,#5057,#5058,#5059,#5060,#5061,
    #5062,#5063,#5064,#5065,#5066,#5067,#5068,#5069,#5070,#5071,#5072,
    #5073,#5074,#5075,#5076,#5077,#5078,#5079,#5080,#5081,#5082,#5083,
    #5084,#5085,#5086,#5087,#5088,#5089,#5090,#5091,#5092,#5093,#5094,
    #5095,#5096,#5097,#5098,#5099,#5100,#5101,#5102,#5103,#5104,#5105,
    #5106,#5107,#5108,#5109,#5110,#5111,#5112,#5113,#5114,#5115,#5116,
    #5117,#5118,#5119,#5120,#5121,#5122,#5123,#5124,#5125,#5126,#5127,
    #5128,#5129,#5130,#5131,#5132,#5133,#5134,#5135,#5136,#5137,#5138,
    #5139,#5140,#5141,#5142,#5143,#5144,#5145,#5146),.UNSPECIFIED.,.F.,
  .F.,(5,3,3,3,3,3,3,3,3,3,3,3,3,3,3,3,3,3,3,3,3,3,3,3,3,3,3,3,3,3,3,3,3
    ,5),(0.,3.832661857541E-02,7.588616027402E-02,0.112697851853,
    0.148780767068,0.184153940431,0.218836486671,0.252847727222,
    0.286207325059,0.318935429062,0.351052828922,0.382581121221,
    0.413542886787,0.443961878574,0.47386321812,0.503273596996,
    0.532221477517,0.560737284348,0.588853575632,0.616605179129,
    0.644029276191,0.671165414825,0.69805543375,0.723856466375,
    0.750392376563,0.776817491054,0.80317991565,0.829528157021,
    0.855910545381,0.882374672274,0.908966882882,0.935731854039,
    0.962712277262,1.),.UNSPECIFIED.);
#5046 = CARTESIAN_POINT('',(3.102443253723,0.75,2.157));
#5047 = CARTESIAN_POINT('',(3.10159836505,0.747596502417,2.168307567096)
  );
#5048 = CARTESIAN_POINT('',(3.100760043871,0.745176893235,2.179690933308
    ));
#5049 = CARTESIAN_POINT('',(3.099928470497,0.742740885558,2.191151448372
    ));
#5050 = CARTESIAN_POINT('',(3.098295716868,0.737884563992,2.213998645033
    ));
#5051 = CARTESIAN_POINT('',(3.097494261506,0.735464911842,2.225382213394
    ));
#5052 = CARTESIAN_POINT('',(3.096699660478,0.733028942322,2.236842548942
    ));
#5053 = CARTESIAN_POINT('',(3.095140251405,0.728172618361,2.259689756871
    ));
#5054 = CARTESIAN_POINT('',(3.094375165256,0.725752918822,2.271073548177
    ));
#5055 = CARTESIAN_POINT('',(3.093617046982,0.72331699024,2.282533691129)
  );
#5056 = CARTESIAN_POINT('',(3.092130026932,0.718460661398,2.305380922018
    ));
#5057 = CARTESIAN_POINT('',(3.091400843964,0.716040908555,2.316764964101
    ));
#5058 = CARTESIAN_POINT('',(3.090678749632,0.71360502492,2.328224895597)
  );
#5059 = CARTESIAN_POINT('',(3.089263222812,0.708748688464,2.351072162308
    ));
#5060 = CARTESIAN_POINT('',(3.088569506013,0.706328874704,2.362456490983
    ));
#5061 = CARTESIAN_POINT('',(3.087883006017,0.703893041415,2.373916185615
    ));
#5062 = CARTESIAN_POINT('',(3.08653813337,0.699036694321,2.396763502377)
  );
#5063 = CARTESIAN_POINT('',(3.085879473324,0.696616810106,2.408148162516
    ));
#5064 = CARTESIAN_POINT('',(3.085228165819,0.694181034144,2.419607587444
    ));
#5065 = CARTESIAN_POINT('',(3.083953162281,0.689324673051,2.442454970066
    ));
#5066 = CARTESIAN_POINT('',(3.08332917589,0.686904706661,2.453840016811)
  );
#5067 = CARTESIAN_POINT('',(3.08271268547,0.684468996804,2.465299130741)
  );
#5068 = CARTESIAN_POINT('',(3.081506817467,0.67961261797,2.488146596824)
  );
#5069 = CARTESIAN_POINT('',(3.080917146787,0.677192555215,2.499532096932
    ));
#5070 = CARTESIAN_POINT('',(3.080335123266,0.674756922283,2.510990848958
    ));
#5071 = CARTESIAN_POINT('',(3.079197706436,0.669900521543,2.533838418102
    ));
#5072 = CARTESIAN_POINT('',(3.078642017638,0.667480345451,2.545224451414
    ));
#5073 = CARTESIAN_POINT('',(3.078094134929,0.665044802583,2.556682779723
    ));
#5074 = CARTESIAN_POINT('',(3.07702453204,0.66018837531,2.579530473698)
  );
#5075 = CARTESIAN_POINT('',(3.07650251448,0.657768065798,2.590917134701)
  );
#5076 = CARTESIAN_POINT('',(3.075988469554,0.655332628757,2.602374965137
    ));
#5077 = CARTESIAN_POINT('',(3.074986088616,0.650476169835,2.625222808007
    ));
#5078 = CARTESIAN_POINT('',(3.074497454016,0.648055703366,2.636610207432
    ));
#5079 = CARTESIAN_POINT('',(3.074016965933,0.645620390865,2.64806745195)
  );
#5080 = CARTESIAN_POINT('',(3.073081258485,0.640763894688,2.670915470094
    ));
#5081 = CARTESIAN_POINT('',(3.072625740214,0.638343243943,2.682303736473
    ));
#5082 = CARTESIAN_POINT('',(3.072178549227,0.635908077994,2.693760291517
    ));
#5083 = CARTESIAN_POINT('',(3.071309008778,0.631051538489,2.716608513501
    ));
#5084 = CARTESIAN_POINT('',(3.070886361242,0.628630672067,2.727997794563
    ));
#5085 = CARTESIAN_POINT('',(3.070472227939,0.626195678326,2.739453539431
    ));
#5086 = CARTESIAN_POINT('',(3.069668388574,0.621339089031,2.762301995656
    ));
#5087 = CARTESIAN_POINT('',(3.069278386703,0.618917971229,2.773692459367
    ));
#5088 = CARTESIAN_POINT('',(3.068897091202,0.616483179322,2.785147254684
    ));
#5089 = CARTESIAN_POINT('',(3.068158526316,0.611626533526,2.807995976726
    ));
#5090 = CARTESIAN_POINT('',(3.067800965147,0.609205124242,2.81938781175)
  );
#5091 = CARTESIAN_POINT('',(3.067452306324,0.606770568034,2.83084149819)
  );
#5092 = CARTESIAN_POINT('',(3.066778627491,0.601913859003,2.85369051773)
  );
#5093 = CARTESIAN_POINT('',(3.066453321841,0.599492113826,2.865083933008
    ));
#5094 = CARTESIAN_POINT('',(3.066137116583,0.597057831594,2.876536330492
    ));
#5095 = CARTESIAN_POINT('',(3.065527972543,0.592201052906,2.899385677745
    ));
#5096 = CARTESIAN_POINT('',(3.065234756765,0.589778923466,2.910780900835
    ));
#5097 = CARTESIAN_POINT('',(3.064950839246,0.587344957907,2.922231808487
    ));
#5098 = CARTESIAN_POINT('',(3.064405914993,0.582488103904,2.945081510067
    ));
#5099 = CARTESIAN_POINT('',(3.064144642791,0.580065538575,2.956478783859
    ));
#5100 = CARTESIAN_POINT('',(3.063892863774,0.577631936579,2.967927981082
    ));
#5101 = CARTESIAN_POINT('',(3.063411879734,0.572775002947,2.99077805729)
  );
#5102 = CARTESIAN_POINT('',(3.063182424021,0.570351947956,3.002177634756
    ));
#5103 = CARTESIAN_POINT('',(3.062962650185,0.567918760056,3.01362488381)
  );
#5104 = CARTESIAN_POINT('',(3.062545361468,0.563061744495,3.036475345463
    ));
#5105 = CARTESIAN_POINT('',(3.062347614228,0.560638145511,3.047877482217
    ));
#5106 = CARTESIAN_POINT('',(3.062159727543,0.558205424932,3.059322532699
    ));
#5107 = CARTESIAN_POINT('',(3.061805923247,0.553348327874,3.082173377761
    ));
#5108 = CARTESIAN_POINT('',(3.06163979537,0.550924132049,3.093578322432)
  );
#5109 = CARTESIAN_POINT('',(3.061483692536,0.548491933287,3.105020917961
    ));
#5110 = CARTESIAN_POINT('',(3.061193195095,0.543634758563,3.127872128414
    ));
#5111 = CARTESIAN_POINT('',(3.061058616139,0.541209916965,3.139280111208
    ));
#5112 = CARTESIAN_POINT('',(3.060934208127,0.538778293878,3.150719998397
    ));
#5113 = CARTESIAN_POINT('',(3.060710635538,0.534001445917,3.173193301142
    ));
#5114 = CARTESIAN_POINT('',(3.060610652449,0.531656709793,3.184224417312
    ));
#5115 = CARTESIAN_POINT('',(3.060520286222,0.529306845248,3.195279660803
    ));
#5116 = CARTESIAN_POINT('',(3.060356690777,0.524531015986,3.217748170946
    ));
#5117 = CARTESIAN_POINT('',(3.060284022745,0.522104789354,3.229162669811
    ));
#5118 = CARTESIAN_POINT('',(3.060221741893,0.519674441603,3.240596557019
    ));
#5119 = CARTESIAN_POINT('',(3.060118326142,0.514817097121,3.26344856612)
  );
#5120 = CARTESIAN_POINT('',(3.060077103863,0.512390127828,3.274866558929
    ));
#5121 = CARTESIAN_POINT('',(3.060046335552,0.509960487816,3.286297116485
    ));
#5122 = CARTESIAN_POINT('',(3.060005839486,0.505103118425,3.309149242777
    ));
#5123 = CARTESIAN_POINT('',(3.059996061896,0.502675397106,3.320570773588
    ));
#5124 = CARTESIAN_POINT('',(3.059996772537,0.500246491538,3.331997875857
    ));
#5125 = CARTESIAN_POINT('',(3.060019176318,0.49538911742,3.354850024389)
  );
#5126 = CARTESIAN_POINT('',(3.060040858167,0.492960648212,3.366275073744
    ));
#5127 = CARTESIAN_POINT('',(3.060073028876,0.490532491387,3.37769865345)
  );
#5128 = CARTESIAN_POINT('',(3.060158343526,0.485675133035,3.400550727806
    ));
#5129 = CARTESIAN_POINT('',(3.060211514682,0.483245933163,3.411979214666
    ));
#5130 = CARTESIAN_POINT('',(3.060275141935,0.480818526053,3.423399267246
    ));
#5131 = CARTESIAN_POINT('',(3.060423409398,0.475961202735,3.446251176778
    ));
#5132 = CARTESIAN_POINT('',(3.060508114269,0.473531301133,3.457682965016
    ));
#5133 = CARTESIAN_POINT('',(3.06060321063,0.471104631472,3.469099548169)
  );
#5134 = CARTESIAN_POINT('',(3.060814503999,0.466247359896,3.491951214278
    ));
#5135 = CARTESIAN_POINT('',(3.060930801132,0.463816795086,3.503386122664
    ));
#5136 = CARTESIAN_POINT('',(3.061057395988,0.461390838462,3.514799351241
    ));
#5137 = CARTESIAN_POINT('',(3.061331819874,0.456533631832,3.537650711804
    ));
#5138 = CARTESIAN_POINT('',(3.06147978178,0.454102449372,3.549088526007)
  );
#5139 = CARTESIAN_POINT('',(3.061637921998,0.451677171116,3.560498563111
    ));
#5140 = CARTESIAN_POINT('',(3.061975613012,0.446820038677,3.583349574633
    ));
#5141 = CARTESIAN_POINT('',(3.062155326198,0.444388288514,3.594790059667
    ));
#5142 = CARTESIAN_POINT('',(3.062345076673,0.441963646102,3.606197105365
    ));
#5143 = CARTESIAN_POINT('',(3.062820569592,0.436206135645,3.633284062415
    ));
#5144 = CARTESIAN_POINT('',(3.063115291368,0.432880166482,3.64893151708)
  );
#5145 = CARTESIAN_POINT('',(3.063428406313,0.42956992391,3.664504983956)
  );
#5146 = CARTESIAN_POINT('',(3.06375942217,0.426276356577,3.68));
#5147 = ORIENTED_EDGE('',*,*,#5148,.T.);
#5148 = EDGE_CURVE('',#5043,#5149,#5151,.T.);
#5149 = VERTEX_POINT('',#5150);
#5150 = CARTESIAN_POINT('',(4.559347495591,0.532554637412,3.18));
#5151 = B_SPLINE_CURVE_WITH_KNOTS('',4,(#5152,#5153,#5154,#5155,#5156,
    #5157,#5158,#5159,#5160,#5161,#5162,#5163,#5164,#5165,#5166,#5167,
    #5168,#5169,#5170,#5171,#5172,#5173,#5174,#5175,#5176,#5177,#5178,
    #5179,#5180,#5181,#5182,#5183,#5184,#5185,#5186,#5187,#5188,#5189,
    #5190,#5191,#5192,#5193,#5194,#5195,#5196,#5197,#5198,#5199,#5200,
    #5201,#5202,#5203,#5204,#5205,#5206,#5207,#5208,#5209,#5210,#5211,
    #5212,#5213,#5214,#5215,#5216,#5217,#5218,#5219,#5220,#5221,#5222,
    #5223,#5224,#5225,#5226,#5227,#5228,#5229,#5230,#5231,#5232,#5233,
    #5234,#5235,#5236,#5237,#5238,#5239,#5240,#5241,#5242,#5243,#5244,
    #5245,#5246,#5247,#5248,#5249,#5250,#5251,#5252),.UNSPECIFIED.,.F.,
  .F.,(5,3,3,3,3,3,3,3,3,3,3,3,3,3,3,3,3,3,3,3,3,3,3,3,3,3,3,3,3,3,3,3,3
    ,5),(0.,3.000000000006E-02,6.000000000009E-02,9.000000000011E-02,
    0.12,0.15,0.18,0.21,0.24,0.27,0.3,0.33,0.36,0.389,0.419,0.449,0.479,
    0.509,0.539,0.569,0.599,0.629,0.658,0.688,0.718,0.748,0.778,0.808,
    0.838,0.868,0.898,0.928,0.958,1.),.UNSPECIFIED.);
#5152 = CARTESIAN_POINT('',(0.927445362588,0.532554637412,3.18));
#5153 = CARTESIAN_POINT('',(0.97068368215,0.532554637412,3.18));
#5154 = CARTESIAN_POINT('',(1.013922001711,0.532554637412,3.18));
#5155 = CARTESIAN_POINT('',(1.057160321272,0.532554637412,3.18));
#5156 = CARTESIAN_POINT('',(1.143636960394,0.532554637412,3.18));
#5157 = CARTESIAN_POINT('',(1.186875279956,0.532554637412,3.18));
#5158 = CARTESIAN_POINT('',(1.230113599517,0.532554637412,3.18));
#5159 = CARTESIAN_POINT('',(1.316590238639,0.532554637412,3.18));
#5160 = CARTESIAN_POINT('',(1.3598285582,0.532554637412,3.18));
#5161 = CARTESIAN_POINT('',(1.403066877761,0.532554637412,3.18));
#5162 = CARTESIAN_POINT('',(1.489543516884,0.532554637412,3.18));
#5163 = CARTESIAN_POINT('',(1.532781836445,0.532554637412,3.18));
#5164 = CARTESIAN_POINT('',(1.576020156006,0.532554637412,3.18));
#5165 = CARTESIAN_POINT('',(1.662496795128,0.532554637412,3.18));
#5166 = CARTESIAN_POINT('',(1.70573511469,0.532554637412,3.18));
#5167 = CARTESIAN_POINT('',(1.748973434251,0.532554637412,3.18));
#5168 = CARTESIAN_POINT('',(1.835450073373,0.532554637412,3.18));
#5169 = CARTESIAN_POINT('',(1.878688392934,0.532554637412,3.18));
#5170 = CARTESIAN_POINT('',(1.921926712495,0.532554637412,3.18));
#5171 = CARTESIAN_POINT('',(2.008403351618,0.532554637412,3.18));
#5172 = CARTESIAN_POINT('',(2.051641671179,0.532554637412,3.18));
#5173 = CARTESIAN_POINT('',(2.09487999074,0.532554637412,3.18));
#5174 = CARTESIAN_POINT('',(2.181356629862,0.532554637412,3.18));
#5175 = CARTESIAN_POINT('',(2.224594949424,0.532554637412,3.18));
#5176 = CARTESIAN_POINT('',(2.267833268985,0.532554637412,3.18));
#5177 = CARTESIAN_POINT('',(2.354309908107,0.532554637412,3.18));
#5178 = CARTESIAN_POINT('',(2.397548227668,0.532554637412,3.18));
#5179 = CARTESIAN_POINT('',(2.440786547229,0.532554637412,3.18));
#5180 = CARTESIAN_POINT('',(2.527263186352,0.532554637412,3.18));
#5181 = CARTESIAN_POINT('',(2.570501505913,0.532554637412,3.18));
#5182 = CARTESIAN_POINT('',(2.613739825474,0.532554637412,3.18));
#5183 = CARTESIAN_POINT('',(2.700216464596,0.532554637412,3.18));
#5184 = CARTESIAN_POINT('',(2.743454784158,0.532554637412,3.18));
#5185 = CARTESIAN_POINT('',(2.786693103719,0.532554637412,3.18));
#5186 = CARTESIAN_POINT('',(2.873169742841,0.532554637412,3.18));
#5187 = CARTESIAN_POINT('',(2.916408062402,0.532554637412,3.18));
#5188 = CARTESIAN_POINT('',(2.959646381963,0.532554637412,3.18));
#5189 = CARTESIAN_POINT('',(3.044681743767,0.532554637412,3.18));
#5190 = CARTESIAN_POINT('',(3.08647878601,0.532554637412,3.18));
#5191 = CARTESIAN_POINT('',(3.128275828252,0.532554637412,3.18));
#5192 = CARTESIAN_POINT('',(3.213311190056,0.532554637412,3.18));
#5193 = CARTESIAN_POINT('',(3.256549509617,0.532554637412,3.18));
#5194 = CARTESIAN_POINT('',(3.299787829178,0.532554637412,3.18));
#5195 = CARTESIAN_POINT('',(3.3862644683,0.532554637412,3.18));
#5196 = CARTESIAN_POINT('',(3.429502787862,0.532554637412,3.18));
#5197 = CARTESIAN_POINT('',(3.472741107423,0.532554637412,3.18));
#5198 = CARTESIAN_POINT('',(3.559217746545,0.532554637412,3.18));
#5199 = CARTESIAN_POINT('',(3.602456066106,0.532554637412,3.18));
#5200 = CARTESIAN_POINT('',(3.645694385667,0.532554637412,3.18));
#5201 = CARTESIAN_POINT('',(3.73217102479,0.532554637412,3.18));
#5202 = CARTESIAN_POINT('',(3.775409344351,0.532554637412,3.18));
#5203 = CARTESIAN_POINT('',(3.818647663912,0.532554637412,3.18));
#5204 = CARTESIAN_POINT('',(3.905124303035,0.532554637412,3.18));
#5205 = CARTESIAN_POINT('',(3.948362622596,0.532554637412,3.18));
#5206 = CARTESIAN_POINT('',(3.991600942157,0.532554637412,3.18));
#5207 = CARTESIAN_POINT('',(4.078077581279,0.532554637412,3.18));
#5208 = CARTESIAN_POINT('',(4.12131590084,0.532554637412,3.18));
#5209 = CARTESIAN_POINT('',(4.164554220402,0.532554637412,3.18));
#5210 = CARTESIAN_POINT('',(4.251030859524,0.532554637412,3.18));
#5211 = CARTESIAN_POINT('',(4.294269179085,0.532554637412,3.18));
#5212 = CARTESIAN_POINT('',(4.337507498646,0.532554637412,3.18));
#5213 = CARTESIAN_POINT('',(4.423984137769,0.532554637412,3.18));
#5214 = CARTESIAN_POINT('',(4.46722245733,0.532554637412,3.18));
#5215 = CARTESIAN_POINT('',(4.510460776891,0.532554637412,3.18));
#5216 = CARTESIAN_POINT('',(4.595496138695,0.532554637412,3.18));
#5217 = CARTESIAN_POINT('',(4.637293180937,0.532554637412,3.18));
#5218 = CARTESIAN_POINT('',(4.67909022318,0.532554637412,3.18));
#5219 = CARTESIAN_POINT('',(4.764125584983,0.532554637412,3.18));
#5220 = CARTESIAN_POINT('',(4.807363904544,0.532554637412,3.18));
#5221 = CARTESIAN_POINT('',(4.850602224106,0.532554637412,3.18));
#5222 = CARTESIAN_POINT('',(4.937078863228,0.532554637412,3.18));
#5223 = CARTESIAN_POINT('',(4.980317182789,0.532554637412,3.18));
#5224 = CARTESIAN_POINT('',(5.02355550235,0.532554637412,3.18));
#5225 = CARTESIAN_POINT('',(5.110032141473,0.532554637412,3.18));
#5226 = CARTESIAN_POINT('',(5.153270461034,0.532554637412,3.18));
#5227 = CARTESIAN_POINT('',(5.196508780595,0.532554637412,3.18));
#5228 = CARTESIAN_POINT('',(5.282985419717,0.532554637412,3.18));
#5229 = CARTESIAN_POINT('',(5.326223739278,0.532554637412,3.18));
#5230 = CARTESIAN_POINT('',(5.36946205884,0.532554637412,3.18));
#5231 = CARTESIAN_POINT('',(5.455938697962,0.532554637412,3.18));
#5232 = CARTESIAN_POINT('',(5.499177017523,0.532554637412,3.18));
#5233 = CARTESIAN_POINT('',(5.542415337084,0.532554637412,3.18));
#5234 = CARTESIAN_POINT('',(5.628891976207,0.532554637412,3.18));
#5235 = CARTESIAN_POINT('',(5.672130295768,0.532554637412,3.18));
#5236 = CARTESIAN_POINT('',(5.715368615329,0.532554637412,3.18));
#5237 = CARTESIAN_POINT('',(5.801845254451,0.532554637412,3.18));
#5238 = CARTESIAN_POINT('',(5.845083574013,0.532554637412,3.18));
#5239 = CARTESIAN_POINT('',(5.888321893574,0.532554637412,3.18));
#5240 = CARTESIAN_POINT('',(5.974798532696,0.532554637412,3.18));
#5241 = CARTESIAN_POINT('',(6.018036852257,0.532554637412,3.18));
#5242 = CARTESIAN_POINT('',(6.061275171818,0.532554637412,3.18));
#5243 = CARTESIAN_POINT('',(6.147751810941,0.532554637412,3.18));
#5244 = CARTESIAN_POINT('',(6.190990130502,0.532554637412,3.18));
#5245 = CARTESIAN_POINT('',(6.234228450063,0.532554637412,3.18));
#5246 = CARTESIAN_POINT('',(6.320705089185,0.532554637412,3.18));
#5247 = CARTESIAN_POINT('',(6.363943408747,0.532554637412,3.18));
#5248 = CARTESIAN_POINT('',(6.407181728308,0.532554637412,3.18));
#5249 = CARTESIAN_POINT('',(6.510953695255,0.532554637412,3.18));
#5250 = CARTESIAN_POINT('',(6.57148734264,0.532554637412,3.18));
#5251 = CARTESIAN_POINT('',(6.632020990026,0.532554637412,3.18));
#5252 = CARTESIAN_POINT('',(6.692554637412,0.532554637412,3.18));
#5253 = ORIENTED_EDGE('',*,*,#5254,.T.);
#5254 = EDGE_CURVE('',#5149,#5255,#5257,.T.);
#5255 = VERTEX_POINT('',#5256);
#5256 = CARTESIAN_POINT('',(4.55624057783,0.426276356577,3.68));
#5257 = B_SPLINE_CURVE_WITH_KNOTS('',4,(#5258,#5259,#5260,#5261,#5262,
    #5263,#5264,#5265,#5266,#5267,#5268,#5269,#5270,#5271,#5272,#5273,
    #5274,#5275,#5276,#5277,#5278,#5279,#5280,#5281,#5282,#5283,#5284,
    #5285,#5286,#5287,#5288,#5289,#5290,#5291,#5292,#5293,#5294,#5295,
    #5296,#5297,#5298,#5299,#5300,#5301,#5302,#5303,#5304,#5305,#5306,
    #5307,#5308,#5309,#5310,#5311,#5312,#5313,#5314,#5315,#5316,#5317,
    #5318,#5319,#5320,#5321,#5322,#5323,#5324,#5325,#5326,#5327,#5328,
    #5329,#5330,#5331,#5332,#5333,#5334,#5335,#5336,#5337,#5338,#5339,
    #5340,#5341,#5342,#5343,#5344,#5345,#5346,#5347,#5348,#5349,#5350,
    #5351,#5352,#5353,#5354,#5355,#5356,#5357,#5358),.UNSPECIFIED.,.F.,
  .F.,(5,3,3,3,3,3,3,3,3,3,3,3,3,3,3,3,3,3,3,3,3,3,3,3,3,3,3,3,3,3,3,3,3
    ,5),(0.,3.832661857541E-02,7.588616027406E-02,0.112697851853,
    0.148780767068,0.184153940431,0.218836486671,0.252847727222,
    0.286207325059,0.318935429062,0.351052828922,0.382581121221,
    0.413542886787,0.443961878574,0.47386321812,0.503273596997,
    0.532221477517,0.560737284349,0.588853575632,0.61660517913,
    0.644029276191,0.671165414826,0.69805543375,0.723856466375,
    0.750392376563,0.776817491055,0.803179915651,0.829528157022,
    0.855910545381,0.882374672274,0.908966882882,0.935731854039,
    0.962712277262,1.),.UNSPECIFIED.);
#5258 = CARTESIAN_POINT('',(4.517556746277,0.75,2.157));
#5259 = CARTESIAN_POINT('',(4.51840163495,0.747596502417,2.168307567096)
  );
#5260 = CARTESIAN_POINT('',(4.519239956129,0.745176893235,2.179690933308
    ));
#5261 = CARTESIAN_POINT('',(4.520071529503,0.742740885558,2.191151448372
    ));
#5262 = CARTESIAN_POINT('',(4.521704283132,0.737884563992,2.213998645033
    ));
#5263 = CARTESIAN_POINT('',(4.522505738494,0.735464911842,2.225382213394
    ));
#5264 = CARTESIAN_POINT('',(4.523300339522,0.733028942322,2.236842548942
    ));
#5265 = CARTESIAN_POINT('',(4.524859748595,0.728172618361,2.259689756871
    ));
#5266 = CARTESIAN_POINT('',(4.525624834744,0.725752918822,2.271073548177
    ));
#5267 = CARTESIAN_POINT('',(4.526382953018,0.72331699024,2.282533691129)
  );
#5268 = CARTESIAN_POINT('',(4.527869973068,0.718460661398,2.305380922018
    ));
#5269 = CARTESIAN_POINT('',(4.528599156036,0.716040908555,2.316764964101
    ));
#5270 = CARTESIAN_POINT('',(4.529321250368,0.71360502492,2.328224895597)
  );
#5271 = CARTESIAN_POINT('',(4.530736777188,0.708748688464,2.351072162308
    ));
#5272 = CARTESIAN_POINT('',(4.531430493987,0.706328874704,2.362456490983
    ));
#5273 = CARTESIAN_POINT('',(4.532116993983,0.703893041415,2.373916185615
    ));
#5274 = CARTESIAN_POINT('',(4.53346186663,0.699036694321,2.396763502377)
  );
#5275 = CARTESIAN_POINT('',(4.534120526676,0.696616810106,2.408148162516
    ));
#5276 = CARTESIAN_POINT('',(4.534771834181,0.694181034144,2.419607587444
    ));
#5277 = CARTESIAN_POINT('',(4.536046837719,0.689324673051,2.442454970066
    ));
#5278 = CARTESIAN_POINT('',(4.53667082411,0.686904706661,2.453840016811)
  );
#5279 = CARTESIAN_POINT('',(4.53728731453,0.684468996804,2.465299130741)
  );
#5280 = CARTESIAN_POINT('',(4.538493182533,0.67961261797,2.488146596824)
  );
#5281 = CARTESIAN_POINT('',(4.539082853213,0.677192555215,2.499532096932
    ));
#5282 = CARTESIAN_POINT('',(4.539664876734,0.674756922283,2.510990848958
    ));
#5283 = CARTESIAN_POINT('',(4.540802293564,0.669900521543,2.533838418102
    ));
#5284 = CARTESIAN_POINT('',(4.541357982362,0.667480345451,2.545224451414
    ));
#5285 = CARTESIAN_POINT('',(4.541905865071,0.665044802583,2.556682779723
    ));
#5286 = CARTESIAN_POINT('',(4.54297546796,0.66018837531,2.579530473698)
  );
#5287 = CARTESIAN_POINT('',(4.54349748552,0.657768065798,2.590917134701)
  );
#5288 = CARTESIAN_POINT('',(4.544011530446,0.655332628757,2.602374965137
    ));
#5289 = CARTESIAN_POINT('',(4.545013911384,0.650476169835,2.625222808007
    ));
#5290 = CARTESIAN_POINT('',(4.545502545984,0.648055703366,2.636610207432
    ));
#5291 = CARTESIAN_POINT('',(4.545983034067,0.645620390865,2.64806745195)
  );
#5292 = CARTESIAN_POINT('',(4.546918741515,0.640763894688,2.670915470094
    ));
#5293 = CARTESIAN_POINT('',(4.547374259786,0.638343243943,2.682303736473
    ));
#5294 = CARTESIAN_POINT('',(4.547821450773,0.635908077994,2.693760291517
    ));
#5295 = CARTESIAN_POINT('',(4.548690991222,0.631051538489,2.716608513501
    ));
#5296 = CARTESIAN_POINT('',(4.549113638758,0.628630672067,2.727997794563
    ));
#5297 = CARTESIAN_POINT('',(4.549527772061,0.626195678326,2.739453539431
    ));
#5298 = CARTESIAN_POINT('',(4.550331611426,0.621339089031,2.762301995656
    ));
#5299 = CARTESIAN_POINT('',(4.550721613297,0.618917971229,2.773692459367
    ));
#5300 = CARTESIAN_POINT('',(4.551102908798,0.616483179322,2.785147254684
    ));
#5301 = CARTESIAN_POINT('',(4.551841473684,0.611626533526,2.807995976726
    ));
#5302 = CARTESIAN_POINT('',(4.552199034853,0.609205124242,2.81938781175)
  );
#5303 = CARTESIAN_POINT('',(4.552547693676,0.606770568034,2.83084149819)
  );
#5304 = CARTESIAN_POINT('',(4.553221372509,0.601913859003,2.85369051773)
  );
#5305 = CARTESIAN_POINT('',(4.553546678159,0.599492113826,2.865083933008
    ));
#5306 = CARTESIAN_POINT('',(4.553862883417,0.597057831594,2.876536330492
    ));
#5307 = CARTESIAN_POINT('',(4.554472027457,0.592201052906,2.899385677745
    ));
#5308 = CARTESIAN_POINT('',(4.554765243235,0.589778923466,2.910780900835
    ));
#5309 = CARTESIAN_POINT('',(4.555049160754,0.587344957907,2.922231808488
    ));
#5310 = CARTESIAN_POINT('',(4.555594085007,0.582488103904,2.945081510067
    ));
#5311 = CARTESIAN_POINT('',(4.555855357209,0.580065538575,2.956478783859
    ));
#5312 = CARTESIAN_POINT('',(4.556107136226,0.577631936579,2.967927981082
    ));
#5313 = CARTESIAN_POINT('',(4.556588120266,0.572775002947,2.99077805729)
  );
#5314 = CARTESIAN_POINT('',(4.556817575979,0.570351947956,3.002177634756
    ));
#5315 = CARTESIAN_POINT('',(4.557037349815,0.567918760056,3.01362488381)
  );
#5316 = CARTESIAN_POINT('',(4.557454638532,0.563061744495,3.036475345463
    ));
#5317 = CARTESIAN_POINT('',(4.557652385772,0.560638145511,3.047877482217
    ));
#5318 = CARTESIAN_POINT('',(4.557840272457,0.558205424932,3.059322532699
    ));
#5319 = CARTESIAN_POINT('',(4.558194076753,0.553348327874,3.082173377761
    ));
#5320 = CARTESIAN_POINT('',(4.55836020463,0.550924132049,3.093578322432)
  );
#5321 = CARTESIAN_POINT('',(4.558516307464,0.548491933287,3.105020917961
    ));
#5322 = CARTESIAN_POINT('',(4.558806804905,0.543634758563,3.127872128414
    ));
#5323 = CARTESIAN_POINT('',(4.558941383861,0.541209916965,3.139280111208
    ));
#5324 = CARTESIAN_POINT('',(4.559065791873,0.538778293878,3.150719998397
    ));
#5325 = CARTESIAN_POINT('',(4.559289364462,0.534001445917,3.173193301142
    ));
#5326 = CARTESIAN_POINT('',(4.559389347551,0.531656709793,3.184224417312
    ));
#5327 = CARTESIAN_POINT('',(4.559479713778,0.529306845248,3.195279660803
    ));
#5328 = CARTESIAN_POINT('',(4.559643309223,0.524531015986,3.217748170946
    ));
#5329 = CARTESIAN_POINT('',(4.559715977255,0.522104789354,3.229162669811
    ));
#5330 = CARTESIAN_POINT('',(4.559778258107,0.519674441603,3.240596557019
    ));
#5331 = CARTESIAN_POINT('',(4.559881673858,0.514817097121,3.263448566119
    ));
#5332 = CARTESIAN_POINT('',(4.559922896137,0.512390127828,3.274866558929
    ));
#5333 = CARTESIAN_POINT('',(4.559953664448,0.509960487816,3.286297116485
    ));
#5334 = CARTESIAN_POINT('',(4.559994160514,0.505103118425,3.309149242777
    ));
#5335 = CARTESIAN_POINT('',(4.560003938104,0.502675397106,3.320570773588
    ));
#5336 = CARTESIAN_POINT('',(4.560003227463,0.500246491538,3.331997875857
    ));
#5337 = CARTESIAN_POINT('',(4.559980823682,0.49538911742,3.354850024389)
  );
#5338 = CARTESIAN_POINT('',(4.559959141833,0.492960648212,3.366275073744
    ));
#5339 = CARTESIAN_POINT('',(4.559926971124,0.490532491387,3.37769865345)
  );
#5340 = CARTESIAN_POINT('',(4.559841656474,0.485675133035,3.400550727806
    ));
#5341 = CARTESIAN_POINT('',(4.559788485318,0.483245933163,3.411979214666
    ));
#5342 = CARTESIAN_POINT('',(4.559724858065,0.480818526053,3.423399267246
    ));
#5343 = CARTESIAN_POINT('',(4.559576590602,0.475961202735,3.446251176778
    ));
#5344 = CARTESIAN_POINT('',(4.559491885731,0.473531301133,3.457682965016
    ));
#5345 = CARTESIAN_POINT('',(4.55939678937,0.471104631472,3.469099548169)
  );
#5346 = CARTESIAN_POINT('',(4.559185496001,0.466247359896,3.491951214278
    ));
#5347 = CARTESIAN_POINT('',(4.559069198868,0.463816795086,3.503386122664
    ));
#5348 = CARTESIAN_POINT('',(4.558942604012,0.461390838462,3.514799351241
    ));
#5349 = CARTESIAN_POINT('',(4.558668180126,0.456533631832,3.537650711804
    ));
#5350 = CARTESIAN_POINT('',(4.55852021822,0.454102449372,3.549088526007)
  );
#5351 = CARTESIAN_POINT('',(4.558362078002,0.451677171116,3.560498563111
    ));
#5352 = CARTESIAN_POINT('',(4.558024386988,0.446820038677,3.583349574633
    ));
#5353 = CARTESIAN_POINT('',(4.557844673802,0.444388288514,3.594790059667
    ));
#5354 = CARTESIAN_POINT('',(4.557654923327,0.441963646102,3.606197105365
    ));
#5355 = CARTESIAN_POINT('',(4.557179430408,0.436206135645,3.633284062415
    ));
#5356 = CARTESIAN_POINT('',(4.556884708632,0.432880166482,3.64893151708)
  );
#5357 = CARTESIAN_POINT('',(4.556571593687,0.42956992391,3.664504983956)
  );
#5358 = CARTESIAN_POINT('',(4.55624057783,0.426276356577,3.68));
#5359 = ORIENTED_EDGE('',*,*,#5360,.F.);
#5360 = EDGE_CURVE('',#4262,#5255,#5361,.T.);
#5361 = LINE('',#5362,#5363);
#5362 = CARTESIAN_POINT('',(6.586276356577,0.426276356577,3.68));
#5363 = VECTOR('',#5364,1.);
#5364 = DIRECTION('',(-1.,-4.440892098501E-16,0.));
#5365 = B_SPLINE_SURFACE_WITH_KNOTS('',1,1,(
    (#5366,#5367)
    ,(#5368,#5369
    )),.UNSPECIFIED.,.F.,.F.,.F.,(2,2),(2,2),(0.,6.2),(0.,1.),
  .PIECEWISE_BEZIER_KNOTS.);
#5366 = CARTESIAN_POINT('',(6.91,0.75,2.157));
#5367 = CARTESIAN_POINT('',(6.586276356577,0.426276356577,3.68));
#5368 = CARTESIAN_POINT('',(0.71,0.75,2.157));
#5369 = CARTESIAN_POINT('',(1.033723643423,0.426276356577,3.68));
#5370 = ADVANCED_FACE('',(#5371),#5416,.T.);
#5371 = FACE_BOUND('',#5372,.T.);
#5372 = EDGE_LOOP('',(#5373,#5374,#5380,#5381,#5387,#5388,#5394,#5395,
    #5401,#5402,#5409,#5415));
#5373 = ORIENTED_EDGE('',*,*,#3546,.T.);
#5374 = ORIENTED_EDGE('',*,*,#5375,.T.);
#5375 = EDGE_CURVE('',#3539,#3857,#5376,.T.);
#5376 = LINE('',#5377,#5378);
#5377 = CARTESIAN_POINT('',(0.71,0.75,2.157));
#5378 = VECTOR('',#5379,1.);
#5379 = DIRECTION('',(4.440892098501E-16,-1.,0.));
#5380 = ORIENTED_EDGE('',*,*,#3873,.T.);
#5381 = ORIENTED_EDGE('',*,*,#5382,.T.);
#5382 = EDGE_CURVE('',#3866,#4185,#5383,.T.);
#5383 = LINE('',#5384,#5385);
#5384 = CARTESIAN_POINT('',(0.71,0.75,2.157));
#5385 = VECTOR('',#5386,1.);
#5386 = DIRECTION('',(4.440892098501E-16,-1.,0.));
#5387 = ORIENTED_EDGE('',*,*,#4201,.T.);
#5388 = ORIENTED_EDGE('',*,*,#5389,.T.);
#5389 = EDGE_CURVE('',#4194,#4004,#5390,.T.);
#5390 = LINE('',#5391,#5392);
#5391 = CARTESIAN_POINT('',(0.71,0.75,2.157));
#5392 = VECTOR('',#5393,1.);
#5393 = DIRECTION('',(4.440892098501E-16,-1.,0.));
#5394 = ORIENTED_EDGE('',*,*,#4020,.T.);
#5395 = ORIENTED_EDGE('',*,*,#5396,.T.);
#5396 = EDGE_CURVE('',#4013,#3677,#5397,.T.);
#5397 = LINE('',#5398,#5399);
#5398 = CARTESIAN_POINT('',(0.71,0.75,2.157));
#5399 = VECTOR('',#5400,1.);
#5400 = DIRECTION('',(4.440892098501E-16,-1.,0.));
#5401 = ORIENTED_EDGE('',*,*,#3692,.T.);
#5402 = ORIENTED_EDGE('',*,*,#5403,.T.);
#5403 = EDGE_CURVE('',#3686,#5404,#5406,.T.);
#5404 = VERTEX_POINT('',#5405);
#5405 = CARTESIAN_POINT('',(1.033723643423,-8.046276356577,3.68));
#5406 = B_SPLINE_CURVE_WITH_KNOTS('',1,(#5407,#5408),.UNSPECIFIED.,.F.,
  .F.,(2,2),(0.,1.),.PIECEWISE_BEZIER_KNOTS.);
#5407 = CARTESIAN_POINT('',(0.71,-8.37,2.157));
#5408 = CARTESIAN_POINT('',(1.033723643423,-8.046276356577,3.68));
#5409 = ORIENTED_EDGE('',*,*,#5410,.F.);
#5410 = EDGE_CURVE('',#5028,#5404,#5411,.T.);
#5411 = LINE('',#5412,#5413);
#5412 = CARTESIAN_POINT('',(1.033723643423,0.426276356577,3.68));
#5413 = VECTOR('',#5414,1.);
#5414 = DIRECTION('',(4.440892098501E-16,-1.,0.));
#5415 = ORIENTED_EDGE('',*,*,#5027,.F.);
#5416 = B_SPLINE_SURFACE_WITH_KNOTS('',1,1,(
    (#5417,#5418)
    ,(#5419,#5420
    )),.UNSPECIFIED.,.F.,.F.,.F.,(2,2),(2,2),(0.,9.12),(0.,1.),
  .PIECEWISE_BEZIER_KNOTS.);
#5417 = CARTESIAN_POINT('',(0.71,0.75,2.157));
#5418 = CARTESIAN_POINT('',(1.033723643423,0.426276356577,3.68));
#5419 = CARTESIAN_POINT('',(0.71,-8.37,2.157));
#5420 = CARTESIAN_POINT('',(1.033723643423,-8.046276356577,3.68));
#5421 = ADVANCED_FACE('',(#5422),#5435,.T.);
#5422 = FACE_BOUND('',#5423,.T.);
#5423 = EDGE_LOOP('',(#5424,#5425,#5426,#5427,#5428,#5434));
#5424 = ORIENTED_EDGE('',*,*,#3856,.F.);
#5425 = ORIENTED_EDGE('',*,*,#5375,.F.);
#5426 = ORIENTED_EDGE('',*,*,#3538,.F.);
#5427 = ORIENTED_EDGE('',*,*,#3560,.F.);
#5428 = ORIENTED_EDGE('',*,*,#5429,.F.);
#5429 = EDGE_CURVE('',#3707,#3561,#5430,.T.);
#5430 = LINE('',#5431,#5432);
#5431 = CARTESIAN_POINT('',(0.254,-0.762,2.157));
#5432 = VECTOR('',#5433,1.);
#5433 = DIRECTION('',(-4.440892098501E-16,1.,0.));
#5434 = ORIENTED_EDGE('',*,*,#3750,.F.);
#5435 = PLANE('',#5436);
#5436 = AXIS2_PLACEMENT_3D('',#5437,#5438,#5439);
#5437 = CARTESIAN_POINT('',(3.81,-0.762,2.157));
#5438 = DIRECTION('',(0.,0.,1.));
#5439 = DIRECTION('',(-4.440892098501E-16,1.,0.));
#5440 = ADVANCED_FACE('',(#5441),#5484,.T.);
#5441 = FACE_BOUND('',#5442,.T.);
#5442 = EDGE_LOOP('',(#5443,#5444,#5445,#5446,#5454,#5462,#5470,#5478));
#5443 = ORIENTED_EDGE('',*,*,#3593,.F.);
#5444 = ORIENTED_EDGE('',*,*,#3764,.T.);
#5445 = ORIENTED_EDGE('',*,*,#3733,.F.);
#5446 = ORIENTED_EDGE('',*,*,#5447,.F.);
#5447 = EDGE_CURVE('',#5448,#3726,#5450,.T.);
#5448 = VERTEX_POINT('',#5449);
#5449 = CARTESIAN_POINT('',(0.127,-0.2285,0.));
#5450 = LINE('',#5451,#5452);
#5451 = CARTESIAN_POINT('',(0.127,-0.2285,0.));
#5452 = VECTOR('',#5453,1.);
#5453 = DIRECTION('',(4.440892098501E-16,-1.,0.));
#5454 = ORIENTED_EDGE('',*,*,#5455,.F.);
#5455 = EDGE_CURVE('',#5456,#5448,#5458,.T.);
#5456 = VERTEX_POINT('',#5457);
#5457 = CARTESIAN_POINT('',(0.127,-0.2285,-2.843));
#5458 = LINE('',#5459,#5460);
#5459 = CARTESIAN_POINT('',(0.127,-0.2285,-2.843));
#5460 = VECTOR('',#5461,1.);
#5461 = DIRECTION('',(0.,0.,1.));
#5462 = ORIENTED_EDGE('',*,*,#5463,.F.);
#5463 = EDGE_CURVE('',#5464,#5456,#5466,.T.);
#5464 = VERTEX_POINT('',#5465);
#5465 = CARTESIAN_POINT('',(0.127,-0.11425,-3.3));
#5466 = LINE('',#5467,#5468);
#5467 = CARTESIAN_POINT('',(0.127,-0.11425,-3.3));
#5468 = VECTOR('',#5469,1.);
#5469 = DIRECTION('',(1.077074540829E-16,-0.242535625036,0.970142500145)
  );
#5470 = ORIENTED_EDGE('',*,*,#5471,.F.);
#5471 = EDGE_CURVE('',#5472,#5464,#5474,.T.);
#5472 = VERTEX_POINT('',#5473);
#5473 = CARTESIAN_POINT('',(0.127,0.11425,-3.3));
#5474 = LINE('',#5475,#5476);
#5475 = CARTESIAN_POINT('',(0.127,0.11425,-3.3));
#5476 = VECTOR('',#5477,1.);
#5477 = DIRECTION('',(4.440892098501E-16,-1.,0.));
#5478 = ORIENTED_EDGE('',*,*,#5479,.F.);
#5479 = EDGE_CURVE('',#3586,#5472,#5480,.T.);
#5480 = LINE('',#5481,#5482);
#5481 = CARTESIAN_POINT('',(0.127,0.2285,-2.843));
#5482 = VECTOR('',#5483,1.);
#5483 = DIRECTION('',(1.077074540829E-16,-0.242535625036,-0.970142500145
    ));
#5484 = PLANE('',#5485);
#5485 = AXIS2_PLACEMENT_3D('',#5486,#5487,#5488);
#5486 = CARTESIAN_POINT('',(0.127,0.2285,2.157));
#5487 = DIRECTION('',(1.,4.440892098501E-16,0.));
#5488 = DIRECTION('',(0.,0.,-1.));
#5489 = ADVANCED_FACE('',(#5490),#5508,.T.);
#5490 = FACE_BOUND('',#5491,.T.);
#5491 = EDGE_LOOP('',(#5492,#5493,#5494,#5502));
#5492 = ORIENTED_EDGE('',*,*,#3585,.T.);
#5493 = ORIENTED_EDGE('',*,*,#5479,.T.);
#5494 = ORIENTED_EDGE('',*,*,#5495,.F.);
#5495 = EDGE_CURVE('',#5496,#5472,#5498,.T.);
#5496 = VERTEX_POINT('',#5497);
#5497 = CARTESIAN_POINT('',(-0.127,0.11425,-3.3));
#5498 = LINE('',#5499,#5500);
#5499 = CARTESIAN_POINT('',(-0.127,0.11425,-3.3));
#5500 = VECTOR('',#5501,1.);
#5501 = DIRECTION('',(1.,4.440892098501E-16,0.));
#5502 = ORIENTED_EDGE('',*,*,#5503,.F.);
#5503 = EDGE_CURVE('',#3578,#5496,#5504,.T.);
#5504 = LINE('',#5505,#5506);
#5505 = CARTESIAN_POINT('',(-0.127,0.2285,-2.843));
#5506 = VECTOR('',#5507,1.);
#5507 = DIRECTION('',(1.077074540829E-16,-0.242535625036,-0.970142500145
    ));
#5508 = PLANE('',#5509);
#5509 = AXIS2_PLACEMENT_3D('',#5510,#5511,#5512);
#5510 = CARTESIAN_POINT('',(-0.127,0.2285,-2.843));
#5511 = DIRECTION('',(-4.308298163317E-16,0.970142500145,-0.242535625036
    ));
#5512 = DIRECTION('',(1.077074540829E-16,-0.242535625036,-0.970142500145
    ));
#5513 = ADVANCED_FACE('',(#5514),#5555,.F.);
#5514 = FACE_BOUND('',#5515,.F.);
#5515 = EDGE_LOOP('',(#5516,#5517,#5523,#5524,#5532,#5540,#5548,#5554));
#5516 = ORIENTED_EDGE('',*,*,#3577,.F.);
#5517 = ORIENTED_EDGE('',*,*,#5518,.F.);
#5518 = EDGE_CURVE('',#3709,#3569,#5519,.T.);
#5519 = LINE('',#5520,#5521);
#5520 = CARTESIAN_POINT('',(-0.127,-0.762,1.776));
#5521 = VECTOR('',#5522,1.);
#5522 = DIRECTION('',(-4.440892098501E-16,1.,0.));
#5523 = ORIENTED_EDGE('',*,*,#3717,.F.);
#5524 = ORIENTED_EDGE('',*,*,#5525,.F.);
#5525 = EDGE_CURVE('',#5526,#3718,#5528,.T.);
#5526 = VERTEX_POINT('',#5527);
#5527 = CARTESIAN_POINT('',(-0.127,-0.2285,0.));
#5528 = LINE('',#5529,#5530);
#5529 = CARTESIAN_POINT('',(-0.127,-0.2285,0.));
#5530 = VECTOR('',#5531,1.);
#5531 = DIRECTION('',(4.440892098501E-16,-1.,0.));
#5532 = ORIENTED_EDGE('',*,*,#5533,.F.);
#5533 = EDGE_CURVE('',#5534,#5526,#5536,.T.);
#5534 = VERTEX_POINT('',#5535);
#5535 = CARTESIAN_POINT('',(-0.127,-0.2285,-2.843));
#5536 = LINE('',#5537,#5538);
#5537 = CARTESIAN_POINT('',(-0.127,-0.2285,-2.843));
#5538 = VECTOR('',#5539,1.);
#5539 = DIRECTION('',(0.,0.,1.));
#5540 = ORIENTED_EDGE('',*,*,#5541,.F.);
#5541 = EDGE_CURVE('',#5542,#5534,#5544,.T.);
#5542 = VERTEX_POINT('',#5543);
#5543 = CARTESIAN_POINT('',(-0.127,-0.11425,-3.3));
#5544 = LINE('',#5545,#5546);
#5545 = CARTESIAN_POINT('',(-0.127,-0.11425,-3.3));
#5546 = VECTOR('',#5547,1.);
#5547 = DIRECTION('',(1.077074540829E-16,-0.242535625036,0.970142500145)
  );
#5548 = ORIENTED_EDGE('',*,*,#5549,.F.);
#5549 = EDGE_CURVE('',#5496,#5542,#5550,.T.);
#5550 = LINE('',#5551,#5552);
#5551 = CARTESIAN_POINT('',(-0.127,0.11425,-3.3));
#5552 = VECTOR('',#5553,1.);
#5553 = DIRECTION('',(4.440892098501E-16,-1.,0.));
#5554 = ORIENTED_EDGE('',*,*,#5503,.F.);
#5555 = PLANE('',#5556);
#5556 = AXIS2_PLACEMENT_3D('',#5557,#5558,#5559);
#5557 = CARTESIAN_POINT('',(-0.127,0.2285,2.157));
#5558 = DIRECTION('',(1.,4.440892098501E-16,0.));
#5559 = DIRECTION('',(0.,0.,-1.));
#5560 = ADVANCED_FACE('',(#5561),#5567,.T.);
#5561 = FACE_BOUND('',#5562,.T.);
#5562 = EDGE_LOOP('',(#5563,#5564,#5565,#5566));
#5563 = ORIENTED_EDGE('',*,*,#5429,.T.);
#5564 = ORIENTED_EDGE('',*,*,#3568,.T.);
#5565 = ORIENTED_EDGE('',*,*,#5518,.F.);
#5566 = ORIENTED_EDGE('',*,*,#3706,.F.);
#5567 = CYLINDRICAL_SURFACE('',#5568,0.381);
#5568 = AXIS2_PLACEMENT_3D('',#5569,#5570,#5571);
#5569 = CARTESIAN_POINT('',(0.254,-0.762,1.776));
#5570 = DIRECTION('',(-4.440892098501E-16,1.,0.));
#5571 = DIRECTION('',(0.,0.,1.));
#5572 = ADVANCED_FACE('',(#5573),#5621,.T.);
#5573 = FACE_BOUND('',#5574,.T.);
#5574 = EDGE_LOOP('',(#5575,#5576,#5582,#5583,#5591,#5599,#5607,#5615));
#5575 = ORIENTED_EDGE('',*,*,#3618,.F.);
#5576 = ORIENTED_EDGE('',*,*,#5577,.T.);
#5577 = EDGE_CURVE('',#3619,#3790,#5578,.T.);
#5578 = LINE('',#5579,#5580);
#5579 = CARTESIAN_POINT('',(-0.127,-7.8485,1.776));
#5580 = VECTOR('',#5581,1.);
#5581 = DIRECTION('',(-4.440892098501E-16,1.,0.));
#5582 = ORIENTED_EDGE('',*,*,#3798,.F.);
#5583 = ORIENTED_EDGE('',*,*,#5584,.F.);
#5584 = EDGE_CURVE('',#5585,#3799,#5587,.T.);
#5585 = VERTEX_POINT('',#5586);
#5586 = CARTESIAN_POINT('',(-0.127,-7.3915,0.));
#5587 = LINE('',#5588,#5589);
#5588 = CARTESIAN_POINT('',(-0.127,-7.3915,0.));
#5589 = VECTOR('',#5590,1.);
#5590 = DIRECTION('',(-4.440892098501E-16,1.,0.));
#5591 = ORIENTED_EDGE('',*,*,#5592,.F.);
#5592 = EDGE_CURVE('',#5593,#5585,#5595,.T.);
#5593 = VERTEX_POINT('',#5594);
#5594 = CARTESIAN_POINT('',(-0.127,-7.3915,-2.843));
#5595 = LINE('',#5596,#5597);
#5596 = CARTESIAN_POINT('',(-0.127,-7.3915,-2.843));
#5597 = VECTOR('',#5598,1.);
#5598 = DIRECTION('',(0.,0.,1.));
#5599 = ORIENTED_EDGE('',*,*,#5600,.F.);
#5600 = EDGE_CURVE('',#5601,#5593,#5603,.T.);
#5601 = VERTEX_POINT('',#5602);
#5602 = CARTESIAN_POINT('',(-0.127,-7.50575,-3.3));
#5603 = LINE('',#5604,#5605);
#5604 = CARTESIAN_POINT('',(-0.127,-7.50575,-3.3));
#5605 = VECTOR('',#5606,1.);
#5606 = DIRECTION('',(-1.077074540829E-16,0.242535625036,0.970142500145)
  );
#5607 = ORIENTED_EDGE('',*,*,#5608,.F.);
#5608 = EDGE_CURVE('',#5609,#5601,#5611,.T.);
#5609 = VERTEX_POINT('',#5610);
#5610 = CARTESIAN_POINT('',(-0.127,-7.73425,-3.3));
#5611 = LINE('',#5612,#5613);
#5612 = CARTESIAN_POINT('',(-0.127,-7.73425,-3.3));
#5613 = VECTOR('',#5614,1.);
#5614 = DIRECTION('',(-4.440892098501E-16,1.,0.));
#5615 = ORIENTED_EDGE('',*,*,#5616,.F.);
#5616 = EDGE_CURVE('',#3621,#5609,#5617,.T.);
#5617 = LINE('',#5618,#5619);
#5618 = CARTESIAN_POINT('',(-0.127,-7.8485,-2.843));
#5619 = VECTOR('',#5620,1.);
#5620 = DIRECTION('',(-1.077074540829E-16,0.242535625036,-0.970142500145
    ));
#5621 = PLANE('',#5622);
#5622 = AXIS2_PLACEMENT_3D('',#5623,#5624,#5625);
#5623 = CARTESIAN_POINT('',(-0.127,-7.8485,2.157));
#5624 = DIRECTION('',(-1.,-4.440892098501E-16,0.));
#5625 = DIRECTION('',(0.,0.,1.));
#5626 = ADVANCED_FACE('',(#5627),#5645,.F.);
#5627 = FACE_BOUND('',#5628,.F.);
#5628 = EDGE_LOOP('',(#5629,#5630,#5638,#5644));
#5629 = ORIENTED_EDGE('',*,*,#3662,.T.);
#5630 = ORIENTED_EDGE('',*,*,#5631,.T.);
#5631 = EDGE_CURVE('',#3655,#5632,#5634,.T.);
#5632 = VERTEX_POINT('',#5633);
#5633 = CARTESIAN_POINT('',(0.127,-7.73425,-3.3));
#5634 = LINE('',#5635,#5636);
#5635 = CARTESIAN_POINT('',(0.127,-7.8485,-2.843));
#5636 = VECTOR('',#5637,1.);
#5637 = DIRECTION('',(-1.077074540829E-16,0.242535625036,-0.970142500145
    ));
#5638 = ORIENTED_EDGE('',*,*,#5639,.F.);
#5639 = EDGE_CURVE('',#5609,#5632,#5640,.T.);
#5640 = LINE('',#5641,#5642);
#5641 = CARTESIAN_POINT('',(-0.127,-7.73425,-3.3));
#5642 = VECTOR('',#5643,1.);
#5643 = DIRECTION('',(1.,4.440892098501E-16,0.));
#5644 = ORIENTED_EDGE('',*,*,#5616,.F.);
#5645 = PLANE('',#5646);
#5646 = AXIS2_PLACEMENT_3D('',#5647,#5648,#5649);
#5647 = CARTESIAN_POINT('',(-0.127,-7.8485,-2.843));
#5648 = DIRECTION('',(-4.308298163317E-16,0.970142500145,0.242535625036)
  );
#5649 = DIRECTION('',(-1.077074540829E-16,0.242535625036,-0.970142500145
    ));
#5650 = ADVANCED_FACE('',(#5651),#5687,.F.);
#5651 = FACE_BOUND('',#5652,.F.);
#5652 = EDGE_LOOP('',(#5653,#5654,#5655,#5656,#5664,#5672,#5680,#5686));
#5653 = ORIENTED_EDGE('',*,*,#3654,.F.);
#5654 = ORIENTED_EDGE('',*,*,#3842,.T.);
#5655 = ORIENTED_EDGE('',*,*,#3814,.F.);
#5656 = ORIENTED_EDGE('',*,*,#5657,.F.);
#5657 = EDGE_CURVE('',#5658,#3807,#5660,.T.);
#5658 = VERTEX_POINT('',#5659);
#5659 = CARTESIAN_POINT('',(0.127,-7.3915,0.));
#5660 = LINE('',#5661,#5662);
#5661 = CARTESIAN_POINT('',(0.127,-7.3915,0.));
#5662 = VECTOR('',#5663,1.);
#5663 = DIRECTION('',(-4.440892098501E-16,1.,0.));
#5664 = ORIENTED_EDGE('',*,*,#5665,.F.);
#5665 = EDGE_CURVE('',#5666,#5658,#5668,.T.);
#5666 = VERTEX_POINT('',#5667);
#5667 = CARTESIAN_POINT('',(0.127,-7.3915,-2.843));
#5668 = LINE('',#5669,#5670);
#5669 = CARTESIAN_POINT('',(0.127,-7.3915,-2.843));
#5670 = VECTOR('',#5671,1.);
#5671 = DIRECTION('',(0.,0.,1.));
#5672 = ORIENTED_EDGE('',*,*,#5673,.F.);
#5673 = EDGE_CURVE('',#5674,#5666,#5676,.T.);
#5674 = VERTEX_POINT('',#5675);
#5675 = CARTESIAN_POINT('',(0.127,-7.50575,-3.3));
#5676 = LINE('',#5677,#5678);
#5677 = CARTESIAN_POINT('',(0.127,-7.50575,-3.3));
#5678 = VECTOR('',#5679,1.);
#5679 = DIRECTION('',(-1.077074540829E-16,0.242535625036,0.970142500145)
  );
#5680 = ORIENTED_EDGE('',*,*,#5681,.F.);
#5681 = EDGE_CURVE('',#5632,#5674,#5682,.T.);
#5682 = LINE('',#5683,#5684);
#5683 = CARTESIAN_POINT('',(0.127,-7.73425,-3.3));
#5684 = VECTOR('',#5685,1.);
#5685 = DIRECTION('',(-4.440892098501E-16,1.,0.));
#5686 = ORIENTED_EDGE('',*,*,#5631,.F.);
#5687 = PLANE('',#5688);
#5688 = AXIS2_PLACEMENT_3D('',#5689,#5690,#5691);
#5689 = CARTESIAN_POINT('',(0.127,-7.8485,2.157));
#5690 = DIRECTION('',(-1.,-4.440892098501E-16,0.));
#5691 = DIRECTION('',(0.,0.,1.));
#5692 = ADVANCED_FACE('',(#5693),#5706,.T.);
#5693 = FACE_BOUND('',#5694,.T.);
#5694 = EDGE_LOOP('',(#5695,#5696,#5697,#5698,#5699,#5705));
#5695 = ORIENTED_EDGE('',*,*,#3676,.F.);
#5696 = ORIENTED_EDGE('',*,*,#5396,.F.);
#5697 = ORIENTED_EDGE('',*,*,#4012,.F.);
#5698 = ORIENTED_EDGE('',*,*,#3781,.F.);
#5699 = ORIENTED_EDGE('',*,*,#5700,.F.);
#5700 = EDGE_CURVE('',#3629,#3782,#5701,.T.);
#5701 = LINE('',#5702,#5703);
#5702 = CARTESIAN_POINT('',(0.254,-7.8485,2.157));
#5703 = VECTOR('',#5704,1.);
#5704 = DIRECTION('',(-4.440892098501E-16,1.,0.));
#5705 = ORIENTED_EDGE('',*,*,#3637,.F.);
#5706 = PLANE('',#5707);
#5707 = AXIS2_PLACEMENT_3D('',#5708,#5709,#5710);
#5708 = CARTESIAN_POINT('',(3.81,-7.8485,2.157));
#5709 = DIRECTION('',(0.,0.,1.));
#5710 = DIRECTION('',(-4.440892098501E-16,1.,0.));
#5711 = ADVANCED_FACE('',(#5712),#5718,.T.);
#5712 = FACE_BOUND('',#5713,.T.);
#5713 = EDGE_LOOP('',(#5714,#5715,#5716,#5717));
#5714 = ORIENTED_EDGE('',*,*,#3628,.T.);
#5715 = ORIENTED_EDGE('',*,*,#5700,.T.);
#5716 = ORIENTED_EDGE('',*,*,#3789,.F.);
#5717 = ORIENTED_EDGE('',*,*,#5577,.F.);
#5718 = CYLINDRICAL_SURFACE('',#5719,0.381);
#5719 = AXIS2_PLACEMENT_3D('',#5720,#5721,#5722);
#5720 = CARTESIAN_POINT('',(0.254,-7.8485,1.776));
#5721 = DIRECTION('',(-4.440892098501E-16,1.,0.));
#5722 = DIRECTION('',(-1.,-4.440892098501E-16,0.));
#5723 = ADVANCED_FACE('',(#5724),#5735,.T.);
#5724 = FACE_BOUND('',#5725,.T.);
#5725 = EDGE_LOOP('',(#5726,#5732,#5733,#5734));
#5726 = ORIENTED_EDGE('',*,*,#5727,.T.);
#5727 = EDGE_CURVE('',#5526,#5448,#5728,.T.);
#5728 = LINE('',#5729,#5730);
#5729 = CARTESIAN_POINT('',(-0.127,-0.2285,0.));
#5730 = VECTOR('',#5731,1.);
#5731 = DIRECTION('',(1.,4.440892098501E-16,0.));
#5732 = ORIENTED_EDGE('',*,*,#5447,.T.);
#5733 = ORIENTED_EDGE('',*,*,#3725,.F.);
#5734 = ORIENTED_EDGE('',*,*,#5525,.F.);
#5735 = PLANE('',#5736);
#5736 = AXIS2_PLACEMENT_3D('',#5737,#5738,#5739);
#5737 = CARTESIAN_POINT('',(-0.127,-0.2285,0.));
#5738 = DIRECTION('',(0.,0.,-1.));
#5739 = DIRECTION('',(4.440892098501E-16,-1.,0.));
#5740 = ADVANCED_FACE('',(#5741),#5752,.F.);
#5741 = FACE_BOUND('',#5742,.F.);
#5742 = EDGE_LOOP('',(#5743,#5749,#5750,#5751));
#5743 = ORIENTED_EDGE('',*,*,#5744,.T.);
#5744 = EDGE_CURVE('',#5585,#5658,#5745,.T.);
#5745 = LINE('',#5746,#5747);
#5746 = CARTESIAN_POINT('',(-0.127,-7.3915,0.));
#5747 = VECTOR('',#5748,1.);
#5748 = DIRECTION('',(1.,4.440892098501E-16,0.));
#5749 = ORIENTED_EDGE('',*,*,#5657,.T.);
#5750 = ORIENTED_EDGE('',*,*,#3806,.F.);
#5751 = ORIENTED_EDGE('',*,*,#5584,.F.);
#5752 = PLANE('',#5753);
#5753 = AXIS2_PLACEMENT_3D('',#5754,#5755,#5756);
#5754 = CARTESIAN_POINT('',(-0.127,-7.3915,0.));
#5755 = DIRECTION('',(0.,0.,1.));
#5756 = DIRECTION('',(-4.440892098501E-16,1.,0.));
#5757 = ADVANCED_FACE('',(#5758),#5771,.T.);
#5758 = FACE_BOUND('',#5759,.T.);
#5759 = EDGE_LOOP('',(#5760,#5761,#5762,#5763,#5764,#5770));
#5760 = ORIENTED_EDGE('',*,*,#4184,.F.);
#5761 = ORIENTED_EDGE('',*,*,#5382,.F.);
#5762 = ORIENTED_EDGE('',*,*,#3865,.F.);
#5763 = ORIENTED_EDGE('',*,*,#3898,.F.);
#5764 = ORIENTED_EDGE('',*,*,#5765,.F.);
#5765 = EDGE_CURVE('',#4035,#3888,#5766,.T.);
#5766 = LINE('',#5767,#5768);
#5767 = CARTESIAN_POINT('',(0.254,-3.302,2.157));
#5768 = VECTOR('',#5769,1.);
#5769 = DIRECTION('',(-4.440892098501E-16,1.,0.));
#5770 = ORIENTED_EDGE('',*,*,#4045,.F.);
#5771 = PLANE('',#5772);
#5772 = AXIS2_PLACEMENT_3D('',#5773,#5774,#5775);
#5773 = CARTESIAN_POINT('',(3.683,-3.302,2.157));
#5774 = DIRECTION('',(0.,0.,1.));
#5775 = DIRECTION('',(-4.440892098501E-16,1.,0.));
#5776 = ADVANCED_FACE('',(#5777),#5788,.T.);
#5777 = FACE_BOUND('',#5778,.T.);
#5778 = EDGE_LOOP('',(#5779,#5780,#5781,#5787));
#5779 = ORIENTED_EDGE('',*,*,#5765,.T.);
#5780 = ORIENTED_EDGE('',*,*,#3887,.T.);
#5781 = ORIENTED_EDGE('',*,*,#5782,.F.);
#5782 = EDGE_CURVE('',#4037,#3890,#5783,.T.);
#5783 = LINE('',#5784,#5785);
#5784 = CARTESIAN_POINT('',(-0.127,-3.302,1.776));
#5785 = VECTOR('',#5786,1.);
#5786 = DIRECTION('',(-4.440892098501E-16,1.,0.));
#5787 = ORIENTED_EDGE('',*,*,#4034,.F.);
#5788 = CYLINDRICAL_SURFACE('',#5789,0.381);
#5789 = AXIS2_PLACEMENT_3D('',#5790,#5791,#5792);
#5790 = CARTESIAN_POINT('',(0.254,-3.302,1.776));
#5791 = DIRECTION('',(-4.440892098501E-16,1.,0.));
#5792 = DIRECTION('',(0.,0.,1.));
#5793 = ADVANCED_FACE('',(#5794),#5853,.F.);
#5794 = FACE_BOUND('',#5795,.F.);
#5795 = EDGE_LOOP('',(#5796,#5797,#5798,#5799,#5807,#5815,#5823,#5831,
    #5839,#5847));
#5796 = ORIENTED_EDGE('',*,*,#3931,.F.);
#5797 = ORIENTED_EDGE('',*,*,#5782,.F.);
#5798 = ORIENTED_EDGE('',*,*,#4078,.F.);
#5799 = ORIENTED_EDGE('',*,*,#5800,.F.);
#5800 = EDGE_CURVE('',#5801,#4071,#5803,.T.);
#5801 = VERTEX_POINT('',#5802);
#5802 = CARTESIAN_POINT('',(-0.127,-2.7685,0.));
#5803 = LINE('',#5804,#5805);
#5804 = CARTESIAN_POINT('',(-0.127,-2.7685,0.));
#5805 = VECTOR('',#5806,1.);
#5806 = DIRECTION('',(4.440892098501E-16,-1.,0.));
#5807 = ORIENTED_EDGE('',*,*,#5808,.F.);
#5808 = EDGE_CURVE('',#5809,#5801,#5811,.T.);
#5809 = VERTEX_POINT('',#5810);
#5810 = CARTESIAN_POINT('',(-0.127,-2.7685,-2.843));
#5811 = LINE('',#5812,#5813);
#5812 = CARTESIAN_POINT('',(-0.127,-2.7685,-2.843));
#5813 = VECTOR('',#5814,1.);
#5814 = DIRECTION('',(0.,0.,1.));
#5815 = ORIENTED_EDGE('',*,*,#5816,.F.);
#5816 = EDGE_CURVE('',#5817,#5809,#5819,.T.);
#5817 = VERTEX_POINT('',#5818);
#5818 = CARTESIAN_POINT('',(-0.127,-2.65425,-3.3));
#5819 = LINE('',#5820,#5821);
#5820 = CARTESIAN_POINT('',(-0.127,-2.65425,-3.3));
#5821 = VECTOR('',#5822,1.);
#5822 = DIRECTION('',(1.077074540829E-16,-0.242535625036,0.970142500145)
  );
#5823 = ORIENTED_EDGE('',*,*,#5824,.F.);
#5824 = EDGE_CURVE('',#5825,#5817,#5827,.T.);
#5825 = VERTEX_POINT('',#5826);
#5826 = CARTESIAN_POINT('',(-0.127,-2.42575,-3.3));
#5827 = LINE('',#5828,#5829);
#5828 = CARTESIAN_POINT('',(-0.127,-2.42575,-3.3));
#5829 = VECTOR('',#5830,1.);
#5830 = DIRECTION('',(4.440892098501E-16,-1.,0.));
#5831 = ORIENTED_EDGE('',*,*,#5832,.F.);
#5832 = EDGE_CURVE('',#5833,#5825,#5835,.T.);
#5833 = VERTEX_POINT('',#5834);
#5834 = CARTESIAN_POINT('',(-0.127,-2.3115,-2.843));
#5835 = LINE('',#5836,#5837);
#5836 = CARTESIAN_POINT('',(-0.127,-2.3115,-2.843));
#5837 = VECTOR('',#5838,1.);
#5838 = DIRECTION('',(1.077074540829E-16,-0.242535625036,-0.970142500145
    ));
#5839 = ORIENTED_EDGE('',*,*,#5840,.F.);
#5840 = EDGE_CURVE('',#5841,#5833,#5843,.T.);
#5841 = VERTEX_POINT('',#5842);
#5842 = CARTESIAN_POINT('',(-0.127,-2.3115,0.));
#5843 = LINE('',#5844,#5845);
#5844 = CARTESIAN_POINT('',(-0.127,-2.3115,0.));
#5845 = VECTOR('',#5846,1.);
#5846 = DIRECTION('',(-0.,0.,-1.));
#5847 = ORIENTED_EDGE('',*,*,#5848,.F.);
#5848 = EDGE_CURVE('',#3924,#5841,#5849,.T.);
#5849 = LINE('',#5850,#5851);
#5850 = CARTESIAN_POINT('',(-0.127,-1.778,0.));
#5851 = VECTOR('',#5852,1.);
#5852 = DIRECTION('',(4.440892098501E-16,-1.,0.));
#5853 = PLANE('',#5854);
#5854 = AXIS2_PLACEMENT_3D('',#5855,#5856,#5857);
#5855 = CARTESIAN_POINT('',(-0.127,-1.778,2.157));
#5856 = DIRECTION('',(1.,4.440892098501E-16,0.));
#5857 = DIRECTION('',(0.,0.,-1.));
#5858 = ADVANCED_FACE('',(#5859),#5877,.T.);
#5859 = FACE_BOUND('',#5860,.T.);
#5860 = EDGE_LOOP('',(#5861,#5862,#5870,#5876));
#5861 = ORIENTED_EDGE('',*,*,#3923,.T.);
#5862 = ORIENTED_EDGE('',*,*,#5863,.T.);
#5863 = EDGE_CURVE('',#3916,#5864,#5866,.T.);
#5864 = VERTEX_POINT('',#5865);
#5865 = CARTESIAN_POINT('',(0.127,-2.3115,0.));
#5866 = LINE('',#5867,#5868);
#5867 = CARTESIAN_POINT('',(0.127,-1.778,0.));
#5868 = VECTOR('',#5869,1.);
#5869 = DIRECTION('',(4.440892098501E-16,-1.,0.));
#5870 = ORIENTED_EDGE('',*,*,#5871,.F.);
#5871 = EDGE_CURVE('',#5841,#5864,#5872,.T.);
#5872 = LINE('',#5873,#5874);
#5873 = CARTESIAN_POINT('',(-0.127,-2.3115,0.));
#5874 = VECTOR('',#5875,1.);
#5875 = DIRECTION('',(1.,4.440892098501E-16,0.));
#5876 = ORIENTED_EDGE('',*,*,#5848,.F.);
#5877 = PLANE('',#5878);
#5878 = AXIS2_PLACEMENT_3D('',#5879,#5880,#5881);
#5879 = CARTESIAN_POINT('',(-0.127,-1.778,0.));
#5880 = DIRECTION('',(0.,0.,-1.));
#5881 = DIRECTION('',(4.440892098501E-16,-1.,0.));
#5882 = ADVANCED_FACE('',(#5883),#5935,.T.);
#5883 = FACE_BOUND('',#5884,.T.);
#5884 = EDGE_LOOP('',(#5885,#5886,#5887,#5888,#5896,#5904,#5912,#5920,
    #5928,#5934));
#5885 = ORIENTED_EDGE('',*,*,#3915,.F.);
#5886 = ORIENTED_EDGE('',*,*,#4092,.T.);
#5887 = ORIENTED_EDGE('',*,*,#4062,.F.);
#5888 = ORIENTED_EDGE('',*,*,#5889,.F.);
#5889 = EDGE_CURVE('',#5890,#4063,#5892,.T.);
#5890 = VERTEX_POINT('',#5891);
#5891 = CARTESIAN_POINT('',(0.127,-2.7685,0.));
#5892 = LINE('',#5893,#5894);
#5893 = CARTESIAN_POINT('',(0.127,-2.7685,0.));
#5894 = VECTOR('',#5895,1.);
#5895 = DIRECTION('',(4.440892098501E-16,-1.,0.));
#5896 = ORIENTED_EDGE('',*,*,#5897,.F.);
#5897 = EDGE_CURVE('',#5898,#5890,#5900,.T.);
#5898 = VERTEX_POINT('',#5899);
#5899 = CARTESIAN_POINT('',(0.127,-2.7685,-2.843));
#5900 = LINE('',#5901,#5902);
#5901 = CARTESIAN_POINT('',(0.127,-2.7685,-2.843));
#5902 = VECTOR('',#5903,1.);
#5903 = DIRECTION('',(0.,0.,1.));
#5904 = ORIENTED_EDGE('',*,*,#5905,.F.);
#5905 = EDGE_CURVE('',#5906,#5898,#5908,.T.);
#5906 = VERTEX_POINT('',#5907);
#5907 = CARTESIAN_POINT('',(0.127,-2.65425,-3.3));
#5908 = LINE('',#5909,#5910);
#5909 = CARTESIAN_POINT('',(0.127,-2.65425,-3.3));
#5910 = VECTOR('',#5911,1.);
#5911 = DIRECTION('',(1.077074540829E-16,-0.242535625036,0.970142500145)
  );
#5912 = ORIENTED_EDGE('',*,*,#5913,.F.);
#5913 = EDGE_CURVE('',#5914,#5906,#5916,.T.);
#5914 = VERTEX_POINT('',#5915);
#5915 = CARTESIAN_POINT('',(0.127,-2.42575,-3.3));
#5916 = LINE('',#5917,#5918);
#5917 = CARTESIAN_POINT('',(0.127,-2.42575,-3.3));
#5918 = VECTOR('',#5919,1.);
#5919 = DIRECTION('',(4.440892098501E-16,-1.,0.));
#5920 = ORIENTED_EDGE('',*,*,#5921,.F.);
#5921 = EDGE_CURVE('',#5922,#5914,#5924,.T.);
#5922 = VERTEX_POINT('',#5923);
#5923 = CARTESIAN_POINT('',(0.127,-2.3115,-2.843));
#5924 = LINE('',#5925,#5926);
#5925 = CARTESIAN_POINT('',(0.127,-2.3115,-2.843));
#5926 = VECTOR('',#5927,1.);
#5927 = DIRECTION('',(1.077074540829E-16,-0.242535625036,-0.970142500145
    ));
#5928 = ORIENTED_EDGE('',*,*,#5929,.F.);
#5929 = EDGE_CURVE('',#5864,#5922,#5930,.T.);
#5930 = LINE('',#5931,#5932);
#5931 = CARTESIAN_POINT('',(0.127,-2.3115,0.));
#5932 = VECTOR('',#5933,1.);
#5933 = DIRECTION('',(-0.,0.,-1.));
#5934 = ORIENTED_EDGE('',*,*,#5863,.F.);
#5935 = PLANE('',#5936);
#5936 = AXIS2_PLACEMENT_3D('',#5937,#5938,#5939);
#5937 = CARTESIAN_POINT('',(0.127,-1.778,2.157));
#5938 = DIRECTION('',(1.,4.440892098501E-16,0.));
#5939 = DIRECTION('',(0.,0.,-1.));
#5940 = ADVANCED_FACE('',(#5941),#5957,.T.);
#5941 = FACE_BOUND('',#5942,.T.);
#5942 = EDGE_LOOP('',(#5943,#5949,#5950,#5956));
#5943 = ORIENTED_EDGE('',*,*,#5944,.T.);
#5944 = EDGE_CURVE('',#3946,#4110,#5945,.T.);
#5945 = LINE('',#5946,#5947);
#5946 = CARTESIAN_POINT('',(0.254,-5.842,2.157));
#5947 = VECTOR('',#5948,1.);
#5948 = DIRECTION('',(-4.440892098501E-16,1.,0.));
#5949 = ORIENTED_EDGE('',*,*,#4109,.T.);
#5950 = ORIENTED_EDGE('',*,*,#5951,.F.);
#5951 = EDGE_CURVE('',#3948,#4112,#5952,.T.);
#5952 = LINE('',#5953,#5954);
#5953 = CARTESIAN_POINT('',(-0.127,-5.842,1.776));
#5954 = VECTOR('',#5955,1.);
#5955 = DIRECTION('',(-4.440892098501E-16,1.,0.));
#5956 = ORIENTED_EDGE('',*,*,#3945,.F.);
#5957 = CYLINDRICAL_SURFACE('',#5958,0.381);
#5958 = AXIS2_PLACEMENT_3D('',#5959,#5960,#5961);
#5959 = CARTESIAN_POINT('',(0.254,-5.842,1.776));
#5960 = DIRECTION('',(-4.440892098501E-16,1.,0.));
#5961 = DIRECTION('',(0.,0.,1.));
#5962 = ADVANCED_FACE('',(#5963),#6022,.F.);
#5963 = FACE_BOUND('',#5964,.F.);
#5964 = EDGE_LOOP('',(#5965,#5966,#5967,#5968,#5976,#5984,#5992,#6000,
    #6008,#6016));
#5965 = ORIENTED_EDGE('',*,*,#4153,.F.);
#5966 = ORIENTED_EDGE('',*,*,#5951,.F.);
#5967 = ORIENTED_EDGE('',*,*,#3989,.F.);
#5968 = ORIENTED_EDGE('',*,*,#5969,.F.);
#5969 = EDGE_CURVE('',#5970,#3982,#5972,.T.);
#5970 = VERTEX_POINT('',#5971);
#5971 = CARTESIAN_POINT('',(-0.127,-5.3085,0.));
#5972 = LINE('',#5973,#5974);
#5973 = CARTESIAN_POINT('',(-0.127,-5.3085,0.));
#5974 = VECTOR('',#5975,1.);
#5975 = DIRECTION('',(4.440892098501E-16,-1.,0.));
#5976 = ORIENTED_EDGE('',*,*,#5977,.F.);
#5977 = EDGE_CURVE('',#5978,#5970,#5980,.T.);
#5978 = VERTEX_POINT('',#5979);
#5979 = CARTESIAN_POINT('',(-0.127,-5.3085,-2.843));
#5980 = LINE('',#5981,#5982);
#5981 = CARTESIAN_POINT('',(-0.127,-5.3085,-2.843));
#5982 = VECTOR('',#5983,1.);
#5983 = DIRECTION('',(0.,0.,1.));
#5984 = ORIENTED_EDGE('',*,*,#5985,.F.);
#5985 = EDGE_CURVE('',#5986,#5978,#5988,.T.);
#5986 = VERTEX_POINT('',#5987);
#5987 = CARTESIAN_POINT('',(-0.127,-5.19425,-3.3));
#5988 = LINE('',#5989,#5990);
#5989 = CARTESIAN_POINT('',(-0.127,-5.19425,-3.3));
#5990 = VECTOR('',#5991,1.);
#5991 = DIRECTION('',(1.077074540829E-16,-0.242535625036,0.970142500145)
  );
#5992 = ORIENTED_EDGE('',*,*,#5993,.F.);
#5993 = EDGE_CURVE('',#5994,#5986,#5996,.T.);
#5994 = VERTEX_POINT('',#5995);
#5995 = CARTESIAN_POINT('',(-0.127,-4.96575,-3.3));
#5996 = LINE('',#5997,#5998);
#5997 = CARTESIAN_POINT('',(-0.127,-4.96575,-3.3));
#5998 = VECTOR('',#5999,1.);
#5999 = DIRECTION('',(4.440892098501E-16,-1.,0.));
#6000 = ORIENTED_EDGE('',*,*,#6001,.F.);
#6001 = EDGE_CURVE('',#6002,#5994,#6004,.T.);
#6002 = VERTEX_POINT('',#6003);
#6003 = CARTESIAN_POINT('',(-0.127,-4.8515,-2.843));
#6004 = LINE('',#6005,#6006);
#6005 = CARTESIAN_POINT('',(-0.127,-4.8515,-2.843));
#6006 = VECTOR('',#6007,1.);
#6007 = DIRECTION('',(1.077074540829E-16,-0.242535625036,-0.970142500145
    ));
#6008 = ORIENTED_EDGE('',*,*,#6009,.F.);
#6009 = EDGE_CURVE('',#6010,#6002,#6012,.T.);
#6010 = VERTEX_POINT('',#6011);
#6011 = CARTESIAN_POINT('',(-0.127,-4.8515,0.));
#6012 = LINE('',#6013,#6014);
#6013 = CARTESIAN_POINT('',(-0.127,-4.8515,0.));
#6014 = VECTOR('',#6015,1.);
#6015 = DIRECTION('',(-0.,0.,-1.));
#6016 = ORIENTED_EDGE('',*,*,#6017,.F.);
#6017 = EDGE_CURVE('',#4146,#6010,#6018,.T.);
#6018 = LINE('',#6019,#6020);
#6019 = CARTESIAN_POINT('',(-0.127,-4.318,0.));
#6020 = VECTOR('',#6021,1.);
#6021 = DIRECTION('',(4.440892098501E-16,-1.,0.));
#6022 = PLANE('',#6023);
#6023 = AXIS2_PLACEMENT_3D('',#6024,#6025,#6026);
#6024 = CARTESIAN_POINT('',(-0.127,-4.318,2.157));
#6025 = DIRECTION('',(1.,4.440892098501E-16,0.));
#6026 = DIRECTION('',(0.,0.,-1.));
#6027 = ADVANCED_FACE('',(#6028),#6046,.T.);
#6028 = FACE_BOUND('',#6029,.T.);
#6029 = EDGE_LOOP('',(#6030,#6038,#6044,#6045));
#6030 = ORIENTED_EDGE('',*,*,#6031,.T.);
#6031 = EDGE_CURVE('',#5970,#6032,#6034,.T.);
#6032 = VERTEX_POINT('',#6033);
#6033 = CARTESIAN_POINT('',(0.127,-5.3085,0.));
#6034 = LINE('',#6035,#6036);
#6035 = CARTESIAN_POINT('',(-0.127,-5.3085,0.));
#6036 = VECTOR('',#6037,1.);
#6037 = DIRECTION('',(1.,4.440892098501E-16,0.));
#6038 = ORIENTED_EDGE('',*,*,#6039,.T.);
#6039 = EDGE_CURVE('',#6032,#3974,#6040,.T.);
#6040 = LINE('',#6041,#6042);
#6041 = CARTESIAN_POINT('',(0.127,-5.3085,0.));
#6042 = VECTOR('',#6043,1.);
#6043 = DIRECTION('',(4.440892098501E-16,-1.,0.));
#6044 = ORIENTED_EDGE('',*,*,#3981,.F.);
#6045 = ORIENTED_EDGE('',*,*,#5969,.F.);
#6046 = PLANE('',#6047);
#6047 = AXIS2_PLACEMENT_3D('',#6048,#6049,#6050);
#6048 = CARTESIAN_POINT('',(-0.127,-5.3085,0.));
#6049 = DIRECTION('',(0.,0.,-1.));
#6050 = DIRECTION('',(4.440892098501E-16,-1.,0.));
#6051 = ADVANCED_FACE('',(#6052),#6104,.T.);
#6052 = FACE_BOUND('',#6053,.T.);
#6053 = EDGE_LOOP('',(#6054,#6055,#6056,#6057,#6058,#6066,#6074,#6082,
    #6090,#6098));
#6054 = ORIENTED_EDGE('',*,*,#4137,.F.);
#6055 = ORIENTED_EDGE('',*,*,#4167,.T.);
#6056 = ORIENTED_EDGE('',*,*,#3973,.F.);
#6057 = ORIENTED_EDGE('',*,*,#6039,.F.);
#6058 = ORIENTED_EDGE('',*,*,#6059,.F.);
#6059 = EDGE_CURVE('',#6060,#6032,#6062,.T.);
#6060 = VERTEX_POINT('',#6061);
#6061 = CARTESIAN_POINT('',(0.127,-5.3085,-2.843));
#6062 = LINE('',#6063,#6064);
#6063 = CARTESIAN_POINT('',(0.127,-5.3085,-2.843));
#6064 = VECTOR('',#6065,1.);
#6065 = DIRECTION('',(0.,0.,1.));
#6066 = ORIENTED_EDGE('',*,*,#6067,.F.);
#6067 = EDGE_CURVE('',#6068,#6060,#6070,.T.);
#6068 = VERTEX_POINT('',#6069);
#6069 = CARTESIAN_POINT('',(0.127,-5.19425,-3.3));
#6070 = LINE('',#6071,#6072);
#6071 = CARTESIAN_POINT('',(0.127,-5.19425,-3.3));
#6072 = VECTOR('',#6073,1.);
#6073 = DIRECTION('',(1.077074540829E-16,-0.242535625036,0.970142500145)
  );
#6074 = ORIENTED_EDGE('',*,*,#6075,.F.);
#6075 = EDGE_CURVE('',#6076,#6068,#6078,.T.);
#6076 = VERTEX_POINT('',#6077);
#6077 = CARTESIAN_POINT('',(0.127,-4.96575,-3.3));
#6078 = LINE('',#6079,#6080);
#6079 = CARTESIAN_POINT('',(0.127,-4.96575,-3.3));
#6080 = VECTOR('',#6081,1.);
#6081 = DIRECTION('',(4.440892098501E-16,-1.,0.));
#6082 = ORIENTED_EDGE('',*,*,#6083,.F.);
#6083 = EDGE_CURVE('',#6084,#6076,#6086,.T.);
#6084 = VERTEX_POINT('',#6085);
#6085 = CARTESIAN_POINT('',(0.127,-4.8515,-2.843));
#6086 = LINE('',#6087,#6088);
#6087 = CARTESIAN_POINT('',(0.127,-4.8515,-2.843));
#6088 = VECTOR('',#6089,1.);
#6089 = DIRECTION('',(1.077074540829E-16,-0.242535625036,-0.970142500145
    ));
#6090 = ORIENTED_EDGE('',*,*,#6091,.F.);
#6091 = EDGE_CURVE('',#6092,#6084,#6094,.T.);
#6092 = VERTEX_POINT('',#6093);
#6093 = CARTESIAN_POINT('',(0.127,-4.8515,0.));
#6094 = LINE('',#6095,#6096);
#6095 = CARTESIAN_POINT('',(0.127,-4.8515,0.));
#6096 = VECTOR('',#6097,1.);
#6097 = DIRECTION('',(-0.,0.,-1.));
#6098 = ORIENTED_EDGE('',*,*,#6099,.F.);
#6099 = EDGE_CURVE('',#4138,#6092,#6100,.T.);
#6100 = LINE('',#6101,#6102);
#6101 = CARTESIAN_POINT('',(0.127,-4.318,0.));
#6102 = VECTOR('',#6103,1.);
#6103 = DIRECTION('',(4.440892098501E-16,-1.,0.));
#6104 = PLANE('',#6105);
#6105 = AXIS2_PLACEMENT_3D('',#6106,#6107,#6108);
#6106 = CARTESIAN_POINT('',(0.127,-4.318,2.157));
#6107 = DIRECTION('',(1.,4.440892098501E-16,0.));
#6108 = DIRECTION('',(0.,0.,-1.));
#6109 = ADVANCED_FACE('',(#6110),#6118,.T.);
#6110 = FACE_BOUND('',#6111,.T.);
#6111 = EDGE_LOOP('',(#6112,#6113,#6114,#6115,#6116,#6117));
#6112 = ORIENTED_EDGE('',*,*,#4003,.F.);
#6113 = ORIENTED_EDGE('',*,*,#5389,.F.);
#6114 = ORIENTED_EDGE('',*,*,#4193,.F.);
#6115 = ORIENTED_EDGE('',*,*,#4120,.F.);
#6116 = ORIENTED_EDGE('',*,*,#5944,.F.);
#6117 = ORIENTED_EDGE('',*,*,#3956,.F.);
#6118 = PLANE('',#6119);
#6119 = AXIS2_PLACEMENT_3D('',#6120,#6121,#6122);
#6120 = CARTESIAN_POINT('',(3.683,-5.842,2.157));
#6121 = DIRECTION('',(0.,0.,1.));
#6122 = DIRECTION('',(-4.440892098501E-16,1.,0.));
#6123 = ADVANCED_FACE('',(#6124),#6135,.T.);
#6124 = FACE_BOUND('',#6125,.T.);
#6125 = EDGE_LOOP('',(#6126,#6132,#6133,#6134));
#6126 = ORIENTED_EDGE('',*,*,#6127,.T.);
#6127 = EDGE_CURVE('',#5801,#5890,#6128,.T.);
#6128 = LINE('',#6129,#6130);
#6129 = CARTESIAN_POINT('',(-0.127,-2.7685,0.));
#6130 = VECTOR('',#6131,1.);
#6131 = DIRECTION('',(1.,4.440892098501E-16,0.));
#6132 = ORIENTED_EDGE('',*,*,#5889,.T.);
#6133 = ORIENTED_EDGE('',*,*,#4070,.F.);
#6134 = ORIENTED_EDGE('',*,*,#5800,.F.);
#6135 = PLANE('',#6136);
#6136 = AXIS2_PLACEMENT_3D('',#6137,#6138,#6139);
#6137 = CARTESIAN_POINT('',(-0.127,-2.7685,0.));
#6138 = DIRECTION('',(0.,0.,-1.));
#6139 = DIRECTION('',(4.440892098501E-16,-1.,0.));
#6140 = ADVANCED_FACE('',(#6141),#6152,.T.);
#6141 = FACE_BOUND('',#6142,.T.);
#6142 = EDGE_LOOP('',(#6143,#6144,#6145,#6151));
#6143 = ORIENTED_EDGE('',*,*,#4145,.T.);
#6144 = ORIENTED_EDGE('',*,*,#6099,.T.);
#6145 = ORIENTED_EDGE('',*,*,#6146,.F.);
#6146 = EDGE_CURVE('',#6010,#6092,#6147,.T.);
#6147 = LINE('',#6148,#6149);
#6148 = CARTESIAN_POINT('',(-0.127,-4.8515,0.));
#6149 = VECTOR('',#6150,1.);
#6150 = DIRECTION('',(1.,4.440892098501E-16,0.));
#6151 = ORIENTED_EDGE('',*,*,#6017,.F.);
#6152 = PLANE('',#6153);
#6153 = AXIS2_PLACEMENT_3D('',#6154,#6155,#6156);
#6154 = CARTESIAN_POINT('',(-0.127,-4.318,0.));
#6155 = DIRECTION('',(0.,0.,-1.));
#6156 = DIRECTION('',(4.440892098501E-16,-1.,0.));
#6157 = ADVANCED_FACE('',(#6158),#6169,.T.);
#6158 = FACE_BOUND('',#6159,.T.);
#6159 = EDGE_LOOP('',(#6160,#6161,#6162,#6168));
#6160 = ORIENTED_EDGE('',*,*,#4217,.T.);
#6161 = ORIENTED_EDGE('',*,*,#4276,.T.);
#6162 = ORIENTED_EDGE('',*,*,#6163,.F.);
#6163 = EDGE_CURVE('',#5404,#4269,#6164,.T.);
#6164 = LINE('',#6165,#6166);
#6165 = CARTESIAN_POINT('',(1.033723643423,-8.046276356577,3.68));
#6166 = VECTOR('',#6167,1.);
#6167 = DIRECTION('',(1.,4.440892098501E-16,0.));
#6168 = ORIENTED_EDGE('',*,*,#5403,.F.);
#6169 = B_SPLINE_SURFACE_WITH_KNOTS('',1,1,(
    (#6170,#6171)
    ,(#6172,#6173
    )),.UNSPECIFIED.,.F.,.F.,.F.,(2,2),(2,2),(0.,6.2),(0.,1.),
  .PIECEWISE_BEZIER_KNOTS.);
#6170 = CARTESIAN_POINT('',(0.71,-8.37,2.157));
#6171 = CARTESIAN_POINT('',(1.033723643423,-8.046276356577,3.68));
#6172 = CARTESIAN_POINT('',(6.91,-8.37,2.157));
#6173 = CARTESIAN_POINT('',(6.586276356577,-8.046276356577,3.68));
#6174 = ADVANCED_FACE('',(#6175),#6198,.F.);
#6175 = FACE_BOUND('',#6176,.F.);
#6176 = EDGE_LOOP('',(#6177,#6178,#6179,#6180,#6181,#6190,#6197));
#6177 = ORIENTED_EDGE('',*,*,#4268,.F.);
#6178 = ORIENTED_EDGE('',*,*,#6163,.F.);
#6179 = ORIENTED_EDGE('',*,*,#5410,.F.);
#6180 = ORIENTED_EDGE('',*,*,#5034,.F.);
#6181 = ORIENTED_EDGE('',*,*,#6182,.F.);
#6182 = EDGE_CURVE('',#6183,#5035,#6185,.T.);
#6183 = VERTEX_POINT('',#6184);
#6184 = CARTESIAN_POINT('',(3.81,-0.248723643423,3.68));
#6185 = CIRCLE('',#6186,0.75);
#6186 = AXIS2_PLACEMENT_3D('',#6187,#6188,#6189);
#6187 = CARTESIAN_POINT('',(3.81,0.501276356577,3.68));
#6188 = DIRECTION('',(0.,-0.,-1.));
#6189 = DIRECTION('',(4.440892098501E-16,-1.,0.));
#6190 = ORIENTED_EDGE('',*,*,#6191,.F.);
#6191 = EDGE_CURVE('',#5255,#6183,#6192,.T.);
#6192 = CIRCLE('',#6193,0.75);
#6193 = AXIS2_PLACEMENT_3D('',#6194,#6195,#6196);
#6194 = CARTESIAN_POINT('',(3.81,0.501276356577,3.68));
#6195 = DIRECTION('',(0.,-0.,-1.));
#6196 = DIRECTION('',(4.440892098501E-16,-1.,0.));
#6197 = ORIENTED_EDGE('',*,*,#5360,.F.);
#6198 = PLANE('',#6199);
#6199 = AXIS2_PLACEMENT_3D('',#6200,#6201,#6202);
#6200 = CARTESIAN_POINT('',(6.586276356577,-8.046276356577,3.68));
#6201 = DIRECTION('',(-0.,0.,-1.));
#6202 = DIRECTION('',(-0.548134684942,0.836390080742,0.));
#6203 = ADVANCED_FACE('',(#6204),#6215,.T.);
#6204 = FACE_BOUND('',#6205,.T.);
#6205 = EDGE_LOOP('',(#6206,#6207,#6208,#6214));
#6206 = ORIENTED_EDGE('',*,*,#4359,.T.);
#6207 = ORIENTED_EDGE('',*,*,#4335,.T.);
#6208 = ORIENTED_EDGE('',*,*,#6209,.F.);
#6209 = EDGE_CURVE('',#4406,#4328,#6210,.T.);
#6210 = LINE('',#6211,#6212);
#6211 = CARTESIAN_POINT('',(7.747,-7.50575,-3.3));
#6212 = VECTOR('',#6213,1.);
#6213 = DIRECTION('',(-1.,-3.216245299353E-16,0.));
#6214 = ORIENTED_EDGE('',*,*,#4413,.F.);
#6215 = PLANE('',#6216);
#6216 = AXIS2_PLACEMENT_3D('',#6217,#6218,#6219);
#6217 = CARTESIAN_POINT('',(7.747,-7.73425,-3.3));
#6218 = DIRECTION('',(-0.,0.,-1.));
#6219 = DIRECTION('',(-3.216245299353E-16,1.,0.));
#6220 = ADVANCED_FACE('',(#6221),#6232,.T.);
#6221 = FACE_BOUND('',#6222,.T.);
#6222 = EDGE_LOOP('',(#6223,#6224,#6225,#6231));
#6223 = ORIENTED_EDGE('',*,*,#6209,.T.);
#6224 = ORIENTED_EDGE('',*,*,#4327,.T.);
#6225 = ORIENTED_EDGE('',*,*,#6226,.F.);
#6226 = EDGE_CURVE('',#4398,#4320,#6227,.T.);
#6227 = LINE('',#6228,#6229);
#6228 = CARTESIAN_POINT('',(7.747,-7.3915,-2.843));
#6229 = VECTOR('',#6230,1.);
#6230 = DIRECTION('',(-1.,-3.216245299353E-16,0.));
#6231 = ORIENTED_EDGE('',*,*,#4405,.F.);
#6232 = PLANE('',#6233);
#6233 = AXIS2_PLACEMENT_3D('',#6234,#6235,#6236);
#6234 = CARTESIAN_POINT('',(7.747,-7.50575,-3.3));
#6235 = DIRECTION('',(-3.120216255796E-16,0.970142500145,-0.242535625036
    ));
#6236 = DIRECTION('',(-7.800540639491E-17,0.242535625036,0.970142500145)
  );
#6237 = ADVANCED_FACE('',(#6238),#6244,.T.);
#6238 = FACE_BOUND('',#6239,.T.);
#6239 = EDGE_LOOP('',(#6240,#6241,#6242,#6243));
#6240 = ORIENTED_EDGE('',*,*,#6226,.T.);
#6241 = ORIENTED_EDGE('',*,*,#4319,.T.);
#6242 = ORIENTED_EDGE('',*,*,#4591,.F.);
#6243 = ORIENTED_EDGE('',*,*,#4397,.F.);
#6244 = PLANE('',#6245);
#6245 = AXIS2_PLACEMENT_3D('',#6246,#6247,#6248);
#6246 = CARTESIAN_POINT('',(7.747,-7.3915,-2.843));
#6247 = DIRECTION('',(-3.216245299353E-16,1.,0.));
#6248 = DIRECTION('',(0.,0.,1.));
#6249 = ADVANCED_FACE('',(#6250),#6261,.F.);
#6250 = FACE_BOUND('',#6251,.F.);
#6251 = EDGE_LOOP('',(#6252,#6253,#6254,#6260));
#6252 = ORIENTED_EDGE('',*,*,#4534,.T.);
#6253 = ORIENTED_EDGE('',*,*,#4576,.T.);
#6254 = ORIENTED_EDGE('',*,*,#6255,.F.);
#6255 = EDGE_CURVE('',#4496,#4569,#6256,.T.);
#6256 = LINE('',#6257,#6258);
#6257 = CARTESIAN_POINT('',(7.747,-0.11425,-3.3));
#6258 = VECTOR('',#6259,1.);
#6259 = DIRECTION('',(-1.,-3.216245299353E-16,0.));
#6260 = ORIENTED_EDGE('',*,*,#4503,.F.);
#6261 = PLANE('',#6262);
#6262 = AXIS2_PLACEMENT_3D('',#6263,#6264,#6265);
#6263 = CARTESIAN_POINT('',(7.747,0.11425,-3.3));
#6264 = DIRECTION('',(0.,0.,1.));
#6265 = DIRECTION('',(3.216245299353E-16,-1.,0.));
#6266 = ADVANCED_FACE('',(#6267),#6278,.F.);
#6267 = FACE_BOUND('',#6268,.F.);
#6268 = EDGE_LOOP('',(#6269,#6270,#6271,#6277));
#6269 = ORIENTED_EDGE('',*,*,#6255,.T.);
#6270 = ORIENTED_EDGE('',*,*,#4568,.T.);
#6271 = ORIENTED_EDGE('',*,*,#6272,.F.);
#6272 = EDGE_CURVE('',#4488,#4561,#6273,.T.);
#6273 = LINE('',#6274,#6275);
#6274 = CARTESIAN_POINT('',(7.747,-0.2285,-2.843));
#6275 = VECTOR('',#6276,1.);
#6276 = DIRECTION('',(-1.,-3.216245299353E-16,0.));
#6277 = ORIENTED_EDGE('',*,*,#4495,.F.);
#6278 = PLANE('',#6279);
#6279 = AXIS2_PLACEMENT_3D('',#6280,#6281,#6282);
#6280 = CARTESIAN_POINT('',(7.747,-0.11425,-3.3));
#6281 = DIRECTION('',(-3.120216255796E-16,0.970142500145,0.242535625036)
  );
#6282 = DIRECTION('',(7.800540639491E-17,-0.242535625036,0.970142500145)
  );
#6283 = ADVANCED_FACE('',(#6284),#6290,.F.);
#6284 = FACE_BOUND('',#6285,.F.);
#6285 = EDGE_LOOP('',(#6286,#6287,#6288,#6289));
#6286 = ORIENTED_EDGE('',*,*,#6272,.T.);
#6287 = ORIENTED_EDGE('',*,*,#4560,.T.);
#6288 = ORIENTED_EDGE('',*,*,#4608,.F.);
#6289 = ORIENTED_EDGE('',*,*,#4487,.F.);
#6290 = PLANE('',#6291);
#6291 = AXIS2_PLACEMENT_3D('',#6292,#6293,#6294);
#6292 = CARTESIAN_POINT('',(7.747,-0.2285,-2.843));
#6293 = DIRECTION('',(-3.216245299353E-16,1.,0.));
#6294 = DIRECTION('',(0.,0.,1.));
#6295 = ADVANCED_FACE('',(#6296),#6307,.T.);
#6296 = FACE_BOUND('',#6297,.T.);
#6297 = EDGE_LOOP('',(#6298,#6299,#6300,#6306));
#6298 = ORIENTED_EDGE('',*,*,#4711,.T.);
#6299 = ORIENTED_EDGE('',*,*,#4687,.T.);
#6300 = ORIENTED_EDGE('',*,*,#6301,.F.);
#6301 = EDGE_CURVE('',#4774,#4680,#6302,.T.);
#6302 = LINE('',#6303,#6304);
#6303 = CARTESIAN_POINT('',(7.747,-5.3085,-2.843));
#6304 = VECTOR('',#6305,1.);
#6305 = DIRECTION('',(-1.,-3.216245299353E-16,0.));
#6306 = ORIENTED_EDGE('',*,*,#4781,.F.);
#6307 = PLANE('',#6308);
#6308 = AXIS2_PLACEMENT_3D('',#6309,#6310,#6311);
#6309 = CARTESIAN_POINT('',(7.747,-5.3085,0.));
#6310 = DIRECTION('',(3.216245299353E-16,-1.,0.));
#6311 = DIRECTION('',(0.,0.,-1.));
#6312 = ADVANCED_FACE('',(#6313),#6324,.T.);
#6313 = FACE_BOUND('',#6314,.T.);
#6314 = EDGE_LOOP('',(#6315,#6316,#6317,#6323));
#6315 = ORIENTED_EDGE('',*,*,#6301,.T.);
#6316 = ORIENTED_EDGE('',*,*,#4679,.T.);
#6317 = ORIENTED_EDGE('',*,*,#6318,.F.);
#6318 = EDGE_CURVE('',#4766,#4672,#6319,.T.);
#6319 = LINE('',#6320,#6321);
#6320 = CARTESIAN_POINT('',(7.747,-5.19425,-3.3));
#6321 = VECTOR('',#6322,1.);
#6322 = DIRECTION('',(-1.,-3.216245299353E-16,0.));
#6323 = ORIENTED_EDGE('',*,*,#4773,.F.);
#6324 = PLANE('',#6325);
#6325 = AXIS2_PLACEMENT_3D('',#6326,#6327,#6328);
#6326 = CARTESIAN_POINT('',(7.747,-5.3085,-2.843));
#6327 = DIRECTION('',(3.120216255796E-16,-0.970142500145,-0.242535625036
    ));
#6328 = DIRECTION('',(-7.800540639491E-17,0.242535625036,-0.970142500145
    ));
#6329 = ADVANCED_FACE('',(#6330),#6341,.T.);
#6330 = FACE_BOUND('',#6331,.T.);
#6331 = EDGE_LOOP('',(#6332,#6338,#6339,#6340));
#6332 = ORIENTED_EDGE('',*,*,#6333,.T.);
#6333 = EDGE_CURVE('',#4750,#4656,#6334,.T.);
#6334 = LINE('',#6335,#6336);
#6335 = CARTESIAN_POINT('',(7.747,-4.8515,-2.843));
#6336 = VECTOR('',#6337,1.);
#6337 = DIRECTION('',(-1.,-3.216245299353E-16,0.));
#6338 = ORIENTED_EDGE('',*,*,#4655,.T.);
#6339 = ORIENTED_EDGE('',*,*,#4991,.F.);
#6340 = ORIENTED_EDGE('',*,*,#4749,.F.);
#6341 = PLANE('',#6342);
#6342 = AXIS2_PLACEMENT_3D('',#6343,#6344,#6345);
#6343 = CARTESIAN_POINT('',(7.747,-4.8515,-2.843));
#6344 = DIRECTION('',(-3.216245299353E-16,1.,0.));
#6345 = DIRECTION('',(0.,0.,1.));
#6346 = ADVANCED_FACE('',(#6347),#6358,.T.);
#6347 = FACE_BOUND('',#6348,.T.);
#6348 = EDGE_LOOP('',(#6349,#6350,#6351,#6357));
#6349 = ORIENTED_EDGE('',*,*,#6318,.T.);
#6350 = ORIENTED_EDGE('',*,*,#4671,.T.);
#6351 = ORIENTED_EDGE('',*,*,#6352,.F.);
#6352 = EDGE_CURVE('',#4758,#4664,#6353,.T.);
#6353 = LINE('',#6354,#6355);
#6354 = CARTESIAN_POINT('',(7.747,-4.96575,-3.3));
#6355 = VECTOR('',#6356,1.);
#6356 = DIRECTION('',(-1.,-3.216245299353E-16,0.));
#6357 = ORIENTED_EDGE('',*,*,#4765,.F.);
#6358 = PLANE('',#6359);
#6359 = AXIS2_PLACEMENT_3D('',#6360,#6361,#6362);
#6360 = CARTESIAN_POINT('',(7.747,-5.19425,-3.3));
#6361 = DIRECTION('',(-0.,0.,-1.));
#6362 = DIRECTION('',(-3.216245299353E-16,1.,0.));
#6363 = ADVANCED_FACE('',(#6364),#6370,.T.);
#6364 = FACE_BOUND('',#6365,.T.);
#6365 = EDGE_LOOP('',(#6366,#6367,#6368,#6369));
#6366 = ORIENTED_EDGE('',*,*,#6352,.T.);
#6367 = ORIENTED_EDGE('',*,*,#4663,.T.);
#6368 = ORIENTED_EDGE('',*,*,#6333,.F.);
#6369 = ORIENTED_EDGE('',*,*,#4757,.F.);
#6370 = PLANE('',#6371);
#6371 = AXIS2_PLACEMENT_3D('',#6372,#6373,#6374);
#6372 = CARTESIAN_POINT('',(7.747,-4.96575,-3.3));
#6373 = DIRECTION('',(-3.120216255796E-16,0.970142500145,-0.242535625036
    ));
#6374 = DIRECTION('',(-7.800540639491E-17,0.242535625036,0.970142500145)
  );
#6375 = ADVANCED_FACE('',(#6376),#6387,.T.);
#6376 = FACE_BOUND('',#6377,.T.);
#6377 = EDGE_LOOP('',(#6378,#6379,#6380,#6386));
#6378 = ORIENTED_EDGE('',*,*,#5010,.T.);
#6379 = ORIENTED_EDGE('',*,*,#4851,.T.);
#6380 = ORIENTED_EDGE('',*,*,#6381,.F.);
#6381 = EDGE_CURVE('',#4931,#4844,#6382,.T.);
#6382 = LINE('',#6383,#6384);
#6383 = CARTESIAN_POINT('',(7.747,-2.7685,-2.843));
#6384 = VECTOR('',#6385,1.);
#6385 = DIRECTION('',(-1.,-3.216245299353E-16,0.));
#6386 = ORIENTED_EDGE('',*,*,#4938,.F.);
#6387 = PLANE('',#6388);
#6388 = AXIS2_PLACEMENT_3D('',#6389,#6390,#6391);
#6389 = CARTESIAN_POINT('',(7.747,-2.7685,0.));
#6390 = DIRECTION('',(3.216245299353E-16,-1.,0.));
#6391 = DIRECTION('',(0.,0.,-1.));
#6392 = ADVANCED_FACE('',(#6393),#6404,.T.);
#6393 = FACE_BOUND('',#6394,.T.);
#6394 = EDGE_LOOP('',(#6395,#6396,#6397,#6403));
#6395 = ORIENTED_EDGE('',*,*,#6381,.T.);
#6396 = ORIENTED_EDGE('',*,*,#4843,.T.);
#6397 = ORIENTED_EDGE('',*,*,#6398,.F.);
#6398 = EDGE_CURVE('',#4923,#4836,#6399,.T.);
#6399 = LINE('',#6400,#6401);
#6400 = CARTESIAN_POINT('',(7.747,-2.65425,-3.3));
#6401 = VECTOR('',#6402,1.);
#6402 = DIRECTION('',(-1.,-3.216245299353E-16,0.));
#6403 = ORIENTED_EDGE('',*,*,#4930,.F.);
#6404 = PLANE('',#6405);
#6405 = AXIS2_PLACEMENT_3D('',#6406,#6407,#6408);
#6406 = CARTESIAN_POINT('',(7.747,-2.7685,-2.843));
#6407 = DIRECTION('',(3.120216255796E-16,-0.970142500145,-0.242535625036
    ));
#6408 = DIRECTION('',(-7.800540639491E-17,0.242535625036,-0.970142500145
    ));
#6409 = ADVANCED_FACE('',(#6410),#6421,.T.);
#6410 = FACE_BOUND('',#6411,.T.);
#6411 = EDGE_LOOP('',(#6412,#6418,#6419,#6420));
#6412 = ORIENTED_EDGE('',*,*,#6413,.T.);
#6413 = EDGE_CURVE('',#4907,#4820,#6414,.T.);
#6414 = LINE('',#6415,#6416);
#6415 = CARTESIAN_POINT('',(7.747,-2.3115,-2.843));
#6416 = VECTOR('',#6417,1.);
#6417 = DIRECTION('',(-1.,-3.216245299353E-16,0.));
#6418 = ORIENTED_EDGE('',*,*,#4819,.T.);
#6419 = ORIENTED_EDGE('',*,*,#4873,.F.);
#6420 = ORIENTED_EDGE('',*,*,#4906,.F.);
#6421 = PLANE('',#6422);
#6422 = AXIS2_PLACEMENT_3D('',#6423,#6424,#6425);
#6423 = CARTESIAN_POINT('',(7.747,-2.3115,-2.843));
#6424 = DIRECTION('',(-3.216245299353E-16,1.,0.));
#6425 = DIRECTION('',(0.,0.,1.));
#6426 = ADVANCED_FACE('',(#6427),#6438,.T.);
#6427 = FACE_BOUND('',#6428,.T.);
#6428 = EDGE_LOOP('',(#6429,#6430,#6431,#6437));
#6429 = ORIENTED_EDGE('',*,*,#6398,.T.);
#6430 = ORIENTED_EDGE('',*,*,#4835,.T.);
#6431 = ORIENTED_EDGE('',*,*,#6432,.F.);
#6432 = EDGE_CURVE('',#4915,#4828,#6433,.T.);
#6433 = LINE('',#6434,#6435);
#6434 = CARTESIAN_POINT('',(7.747,-2.42575,-3.3));
#6435 = VECTOR('',#6436,1.);
#6436 = DIRECTION('',(-1.,-3.216245299353E-16,0.));
#6437 = ORIENTED_EDGE('',*,*,#4922,.F.);
#6438 = PLANE('',#6439);
#6439 = AXIS2_PLACEMENT_3D('',#6440,#6441,#6442);
#6440 = CARTESIAN_POINT('',(7.747,-2.65425,-3.3));
#6441 = DIRECTION('',(-0.,0.,-1.));
#6442 = DIRECTION('',(-3.216245299353E-16,1.,0.));
#6443 = ADVANCED_FACE('',(#6444),#6450,.T.);
#6444 = FACE_BOUND('',#6445,.T.);
#6445 = EDGE_LOOP('',(#6446,#6447,#6448,#6449));
#6446 = ORIENTED_EDGE('',*,*,#6432,.T.);
#6447 = ORIENTED_EDGE('',*,*,#4827,.T.);
#6448 = ORIENTED_EDGE('',*,*,#6413,.F.);
#6449 = ORIENTED_EDGE('',*,*,#4914,.F.);
#6450 = PLANE('',#6451);
#6451 = AXIS2_PLACEMENT_3D('',#6452,#6453,#6454);
#6452 = CARTESIAN_POINT('',(7.747,-2.42575,-3.3));
#6453 = DIRECTION('',(-3.120216255796E-16,0.970142500145,-0.242535625036
    ));
#6454 = DIRECTION('',(-7.800540639491E-17,0.242535625036,0.970142500145)
  );
#6455 = ADVANCED_FACE('',(#6456),#6478,.F.);
#6456 = FACE_BOUND('',#6457,.F.);
#6457 = EDGE_LOOP('',(#6458,#6459,#6468,#6475,#6476,#6477));
#6458 = ORIENTED_EDGE('',*,*,#5042,.F.);
#6459 = ORIENTED_EDGE('',*,*,#6460,.F.);
#6460 = EDGE_CURVE('',#6461,#5043,#6463,.T.);
#6461 = VERTEX_POINT('',#6462);
#6462 = CARTESIAN_POINT('',(3.81,-0.248723643423,3.18));
#6463 = CIRCLE('',#6464,0.75);
#6464 = AXIS2_PLACEMENT_3D('',#6465,#6466,#6467);
#6465 = CARTESIAN_POINT('',(3.81,0.501276356577,3.18));
#6466 = DIRECTION('',(0.,-0.,-1.));
#6467 = DIRECTION('',(4.440892098501E-16,-1.,0.));
#6468 = ORIENTED_EDGE('',*,*,#6469,.F.);
#6469 = EDGE_CURVE('',#5149,#6461,#6470,.T.);
#6470 = CIRCLE('',#6471,0.75);
#6471 = AXIS2_PLACEMENT_3D('',#6472,#6473,#6474);
#6472 = CARTESIAN_POINT('',(3.81,0.501276356577,3.18));
#6473 = DIRECTION('',(0.,-0.,-1.));
#6474 = DIRECTION('',(4.440892098501E-16,-1.,0.));
#6475 = ORIENTED_EDGE('',*,*,#5254,.T.);
#6476 = ORIENTED_EDGE('',*,*,#6191,.T.);
#6477 = ORIENTED_EDGE('',*,*,#6182,.T.);
#6478 = CYLINDRICAL_SURFACE('',#6479,0.75);
#6479 = AXIS2_PLACEMENT_3D('',#6480,#6481,#6482);
#6480 = CARTESIAN_POINT('',(3.81,0.501276356577,3.68));
#6481 = DIRECTION('',(-0.,0.,-1.));
#6482 = DIRECTION('',(4.440892098501E-16,-1.,-0.));
#6483 = ADVANCED_FACE('',(#6484),#6489,.F.);
#6484 = FACE_BOUND('',#6485,.F.);
#6485 = EDGE_LOOP('',(#6486,#6487,#6488));
#6486 = ORIENTED_EDGE('',*,*,#6469,.T.);
#6487 = ORIENTED_EDGE('',*,*,#6460,.T.);
#6488 = ORIENTED_EDGE('',*,*,#5148,.T.);
#6489 = PLANE('',#6490);
#6490 = AXIS2_PLACEMENT_3D('',#6491,#6492,#6493);
#6491 = CARTESIAN_POINT('',(3.81,0.501276356577,3.18));
#6492 = DIRECTION('',(-0.,0.,-1.));
#6493 = DIRECTION('',(4.440892098501E-16,-1.,-0.));
#6494 = ADVANCED_FACE('',(#6495),#6506,.T.);
#6495 = FACE_BOUND('',#6496,.T.);
#6496 = EDGE_LOOP('',(#6497,#6498,#6499,#6505));
#6497 = ORIENTED_EDGE('',*,*,#5495,.T.);
#6498 = ORIENTED_EDGE('',*,*,#5471,.T.);
#6499 = ORIENTED_EDGE('',*,*,#6500,.F.);
#6500 = EDGE_CURVE('',#5542,#5464,#6501,.T.);
#6501 = LINE('',#6502,#6503);
#6502 = CARTESIAN_POINT('',(-0.127,-0.11425,-3.3));
#6503 = VECTOR('',#6504,1.);
#6504 = DIRECTION('',(1.,4.440892098501E-16,0.));
#6505 = ORIENTED_EDGE('',*,*,#5549,.F.);
#6506 = PLANE('',#6507);
#6507 = AXIS2_PLACEMENT_3D('',#6508,#6509,#6510);
#6508 = CARTESIAN_POINT('',(-0.127,0.11425,-3.3));
#6509 = DIRECTION('',(0.,0.,-1.));
#6510 = DIRECTION('',(4.440892098501E-16,-1.,0.));
#6511 = ADVANCED_FACE('',(#6512),#6523,.T.);
#6512 = FACE_BOUND('',#6513,.T.);
#6513 = EDGE_LOOP('',(#6514,#6515,#6516,#6522));
#6514 = ORIENTED_EDGE('',*,*,#6500,.T.);
#6515 = ORIENTED_EDGE('',*,*,#5463,.T.);
#6516 = ORIENTED_EDGE('',*,*,#6517,.F.);
#6517 = EDGE_CURVE('',#5534,#5456,#6518,.T.);
#6518 = LINE('',#6519,#6520);
#6519 = CARTESIAN_POINT('',(-0.127,-0.2285,-2.843));
#6520 = VECTOR('',#6521,1.);
#6521 = DIRECTION('',(1.,4.440892098501E-16,0.));
#6522 = ORIENTED_EDGE('',*,*,#5541,.F.);
#6523 = PLANE('',#6524);
#6524 = AXIS2_PLACEMENT_3D('',#6525,#6526,#6527);
#6525 = CARTESIAN_POINT('',(-0.127,-0.11425,-3.3));
#6526 = DIRECTION('',(4.308298163317E-16,-0.970142500145,-0.242535625036
    ));
#6527 = DIRECTION('',(1.077074540829E-16,-0.242535625036,0.970142500145)
  );
#6528 = ADVANCED_FACE('',(#6529),#6535,.T.);
#6529 = FACE_BOUND('',#6530,.T.);
#6530 = EDGE_LOOP('',(#6531,#6532,#6533,#6534));
#6531 = ORIENTED_EDGE('',*,*,#6517,.T.);
#6532 = ORIENTED_EDGE('',*,*,#5455,.T.);
#6533 = ORIENTED_EDGE('',*,*,#5727,.F.);
#6534 = ORIENTED_EDGE('',*,*,#5533,.F.);
#6535 = PLANE('',#6536);
#6536 = AXIS2_PLACEMENT_3D('',#6537,#6538,#6539);
#6537 = CARTESIAN_POINT('',(-0.127,-0.2285,-2.843));
#6538 = DIRECTION('',(4.440892098501E-16,-1.,0.));
#6539 = DIRECTION('',(0.,0.,1.));
#6540 = ADVANCED_FACE('',(#6541),#6552,.F.);
#6541 = FACE_BOUND('',#6542,.F.);
#6542 = EDGE_LOOP('',(#6543,#6544,#6545,#6551));
#6543 = ORIENTED_EDGE('',*,*,#5639,.T.);
#6544 = ORIENTED_EDGE('',*,*,#5681,.T.);
#6545 = ORIENTED_EDGE('',*,*,#6546,.F.);
#6546 = EDGE_CURVE('',#5601,#5674,#6547,.T.);
#6547 = LINE('',#6548,#6549);
#6548 = CARTESIAN_POINT('',(-0.127,-7.50575,-3.3));
#6549 = VECTOR('',#6550,1.);
#6550 = DIRECTION('',(1.,4.440892098501E-16,0.));
#6551 = ORIENTED_EDGE('',*,*,#5608,.F.);
#6552 = PLANE('',#6553);
#6553 = AXIS2_PLACEMENT_3D('',#6554,#6555,#6556);
#6554 = CARTESIAN_POINT('',(-0.127,-7.73425,-3.3));
#6555 = DIRECTION('',(0.,0.,1.));
#6556 = DIRECTION('',(-4.440892098501E-16,1.,0.));
#6557 = ADVANCED_FACE('',(#6558),#6569,.F.);
#6558 = FACE_BOUND('',#6559,.F.);
#6559 = EDGE_LOOP('',(#6560,#6561,#6562,#6568));
#6560 = ORIENTED_EDGE('',*,*,#6546,.T.);
#6561 = ORIENTED_EDGE('',*,*,#5673,.T.);
#6562 = ORIENTED_EDGE('',*,*,#6563,.F.);
#6563 = EDGE_CURVE('',#5593,#5666,#6564,.T.);
#6564 = LINE('',#6565,#6566);
#6565 = CARTESIAN_POINT('',(-0.127,-7.3915,-2.843));
#6566 = VECTOR('',#6567,1.);
#6567 = DIRECTION('',(1.,4.440892098501E-16,0.));
#6568 = ORIENTED_EDGE('',*,*,#5600,.F.);
#6569 = PLANE('',#6570);
#6570 = AXIS2_PLACEMENT_3D('',#6571,#6572,#6573);
#6571 = CARTESIAN_POINT('',(-0.127,-7.50575,-3.3));
#6572 = DIRECTION('',(4.308298163317E-16,-0.970142500145,0.242535625036)
  );
#6573 = DIRECTION('',(-1.077074540829E-16,0.242535625036,0.970142500145)
  );
#6574 = ADVANCED_FACE('',(#6575),#6581,.F.);
#6575 = FACE_BOUND('',#6576,.F.);
#6576 = EDGE_LOOP('',(#6577,#6578,#6579,#6580));
#6577 = ORIENTED_EDGE('',*,*,#6563,.T.);
#6578 = ORIENTED_EDGE('',*,*,#5665,.T.);
#6579 = ORIENTED_EDGE('',*,*,#5744,.F.);
#6580 = ORIENTED_EDGE('',*,*,#5592,.F.);
#6581 = PLANE('',#6582);
#6582 = AXIS2_PLACEMENT_3D('',#6583,#6584,#6585);
#6583 = CARTESIAN_POINT('',(-0.127,-7.3915,-2.843));
#6584 = DIRECTION('',(4.440892098501E-16,-1.,0.));
#6585 = DIRECTION('',(0.,0.,1.));
#6586 = ADVANCED_FACE('',(#6587),#6598,.T.);
#6587 = FACE_BOUND('',#6588,.T.);
#6588 = EDGE_LOOP('',(#6589,#6590,#6591,#6597));
#6589 = ORIENTED_EDGE('',*,*,#5871,.T.);
#6590 = ORIENTED_EDGE('',*,*,#5929,.T.);
#6591 = ORIENTED_EDGE('',*,*,#6592,.F.);
#6592 = EDGE_CURVE('',#5833,#5922,#6593,.T.);
#6593 = LINE('',#6594,#6595);
#6594 = CARTESIAN_POINT('',(-0.127,-2.3115,-2.843));
#6595 = VECTOR('',#6596,1.);
#6596 = DIRECTION('',(1.,4.440892098501E-16,0.));
#6597 = ORIENTED_EDGE('',*,*,#5840,.F.);
#6598 = PLANE('',#6599);
#6599 = AXIS2_PLACEMENT_3D('',#6600,#6601,#6602);
#6600 = CARTESIAN_POINT('',(-0.127,-2.3115,0.));
#6601 = DIRECTION('',(-4.440892098501E-16,1.,0.));
#6602 = DIRECTION('',(0.,0.,-1.));
#6603 = ADVANCED_FACE('',(#6604),#6615,.T.);
#6604 = FACE_BOUND('',#6605,.T.);
#6605 = EDGE_LOOP('',(#6606,#6607,#6608,#6614));
#6606 = ORIENTED_EDGE('',*,*,#6592,.T.);
#6607 = ORIENTED_EDGE('',*,*,#5921,.T.);
#6608 = ORIENTED_EDGE('',*,*,#6609,.F.);
#6609 = EDGE_CURVE('',#5825,#5914,#6610,.T.);
#6610 = LINE('',#6611,#6612);
#6611 = CARTESIAN_POINT('',(-0.127,-2.42575,-3.3));
#6612 = VECTOR('',#6613,1.);
#6613 = DIRECTION('',(1.,4.440892098501E-16,0.));
#6614 = ORIENTED_EDGE('',*,*,#5832,.F.);
#6615 = PLANE('',#6616);
#6616 = AXIS2_PLACEMENT_3D('',#6617,#6618,#6619);
#6617 = CARTESIAN_POINT('',(-0.127,-2.3115,-2.843));
#6618 = DIRECTION('',(-4.308298163317E-16,0.970142500145,-0.242535625036
    ));
#6619 = DIRECTION('',(1.077074540829E-16,-0.242535625036,-0.970142500145
    ));
#6620 = ADVANCED_FACE('',(#6621),#6632,.T.);
#6621 = FACE_BOUND('',#6622,.T.);
#6622 = EDGE_LOOP('',(#6623,#6629,#6630,#6631));
#6623 = ORIENTED_EDGE('',*,*,#6624,.T.);
#6624 = EDGE_CURVE('',#5809,#5898,#6625,.T.);
#6625 = LINE('',#6626,#6627);
#6626 = CARTESIAN_POINT('',(-0.127,-2.7685,-2.843));
#6627 = VECTOR('',#6628,1.);
#6628 = DIRECTION('',(1.,4.440892098501E-16,0.));
#6629 = ORIENTED_EDGE('',*,*,#5897,.T.);
#6630 = ORIENTED_EDGE('',*,*,#6127,.F.);
#6631 = ORIENTED_EDGE('',*,*,#5808,.F.);
#6632 = PLANE('',#6633);
#6633 = AXIS2_PLACEMENT_3D('',#6634,#6635,#6636);
#6634 = CARTESIAN_POINT('',(-0.127,-2.7685,-2.843));
#6635 = DIRECTION('',(4.440892098501E-16,-1.,0.));
#6636 = DIRECTION('',(0.,0.,1.));
#6637 = ADVANCED_FACE('',(#6638),#6649,.T.);
#6638 = FACE_BOUND('',#6639,.T.);
#6639 = EDGE_LOOP('',(#6640,#6641,#6642,#6648));
#6640 = ORIENTED_EDGE('',*,*,#6609,.T.);
#6641 = ORIENTED_EDGE('',*,*,#5913,.T.);
#6642 = ORIENTED_EDGE('',*,*,#6643,.F.);
#6643 = EDGE_CURVE('',#5817,#5906,#6644,.T.);
#6644 = LINE('',#6645,#6646);
#6645 = CARTESIAN_POINT('',(-0.127,-2.65425,-3.3));
#6646 = VECTOR('',#6647,1.);
#6647 = DIRECTION('',(1.,4.440892098501E-16,0.));
#6648 = ORIENTED_EDGE('',*,*,#5824,.F.);
#6649 = PLANE('',#6650);
#6650 = AXIS2_PLACEMENT_3D('',#6651,#6652,#6653);
#6651 = CARTESIAN_POINT('',(-0.127,-2.42575,-3.3));
#6652 = DIRECTION('',(0.,0.,-1.));
#6653 = DIRECTION('',(4.440892098501E-16,-1.,0.));
#6654 = ADVANCED_FACE('',(#6655),#6661,.T.);
#6655 = FACE_BOUND('',#6656,.T.);
#6656 = EDGE_LOOP('',(#6657,#6658,#6659,#6660));
#6657 = ORIENTED_EDGE('',*,*,#6643,.T.);
#6658 = ORIENTED_EDGE('',*,*,#5905,.T.);
#6659 = ORIENTED_EDGE('',*,*,#6624,.F.);
#6660 = ORIENTED_EDGE('',*,*,#5816,.F.);
#6661 = PLANE('',#6662);
#6662 = AXIS2_PLACEMENT_3D('',#6663,#6664,#6665);
#6663 = CARTESIAN_POINT('',(-0.127,-2.65425,-3.3));
#6664 = DIRECTION('',(4.308298163317E-16,-0.970142500145,-0.242535625036
    ));
#6665 = DIRECTION('',(1.077074540829E-16,-0.242535625036,0.970142500145)
  );
#6666 = ADVANCED_FACE('',(#6667),#6678,.T.);
#6667 = FACE_BOUND('',#6668,.T.);
#6668 = EDGE_LOOP('',(#6669,#6670,#6671,#6677));
#6669 = ORIENTED_EDGE('',*,*,#6146,.T.);
#6670 = ORIENTED_EDGE('',*,*,#6091,.T.);
#6671 = ORIENTED_EDGE('',*,*,#6672,.F.);
#6672 = EDGE_CURVE('',#6002,#6084,#6673,.T.);
#6673 = LINE('',#6674,#6675);
#6674 = CARTESIAN_POINT('',(-0.127,-4.8515,-2.843));
#6675 = VECTOR('',#6676,1.);
#6676 = DIRECTION('',(1.,4.440892098501E-16,0.));
#6677 = ORIENTED_EDGE('',*,*,#6009,.F.);
#6678 = PLANE('',#6679);
#6679 = AXIS2_PLACEMENT_3D('',#6680,#6681,#6682);
#6680 = CARTESIAN_POINT('',(-0.127,-4.8515,0.));
#6681 = DIRECTION('',(-4.440892098501E-16,1.,0.));
#6682 = DIRECTION('',(0.,0.,-1.));
#6683 = ADVANCED_FACE('',(#6684),#6695,.T.);
#6684 = FACE_BOUND('',#6685,.T.);
#6685 = EDGE_LOOP('',(#6686,#6687,#6688,#6694));
#6686 = ORIENTED_EDGE('',*,*,#6672,.T.);
#6687 = ORIENTED_EDGE('',*,*,#6083,.T.);
#6688 = ORIENTED_EDGE('',*,*,#6689,.F.);
#6689 = EDGE_CURVE('',#5994,#6076,#6690,.T.);
#6690 = LINE('',#6691,#6692);
#6691 = CARTESIAN_POINT('',(-0.127,-4.96575,-3.3));
#6692 = VECTOR('',#6693,1.);
#6693 = DIRECTION('',(1.,4.440892098501E-16,0.));
#6694 = ORIENTED_EDGE('',*,*,#6001,.F.);
#6695 = PLANE('',#6696);
#6696 = AXIS2_PLACEMENT_3D('',#6697,#6698,#6699);
#6697 = CARTESIAN_POINT('',(-0.127,-4.8515,-2.843));
#6698 = DIRECTION('',(-4.308298163317E-16,0.970142500145,-0.242535625036
    ));
#6699 = DIRECTION('',(1.077074540829E-16,-0.242535625036,-0.970142500145
    ));
#6700 = ADVANCED_FACE('',(#6701),#6712,.T.);
#6701 = FACE_BOUND('',#6702,.T.);
#6702 = EDGE_LOOP('',(#6703,#6709,#6710,#6711));
#6703 = ORIENTED_EDGE('',*,*,#6704,.T.);
#6704 = EDGE_CURVE('',#5978,#6060,#6705,.T.);
#6705 = LINE('',#6706,#6707);
#6706 = CARTESIAN_POINT('',(-0.127,-5.3085,-2.843));
#6707 = VECTOR('',#6708,1.);
#6708 = DIRECTION('',(1.,4.440892098501E-16,0.));
#6709 = ORIENTED_EDGE('',*,*,#6059,.T.);
#6710 = ORIENTED_EDGE('',*,*,#6031,.F.);
#6711 = ORIENTED_EDGE('',*,*,#5977,.F.);
#6712 = PLANE('',#6713);
#6713 = AXIS2_PLACEMENT_3D('',#6714,#6715,#6716);
#6714 = CARTESIAN_POINT('',(-0.127,-5.3085,-2.843));
#6715 = DIRECTION('',(4.440892098501E-16,-1.,0.));
#6716 = DIRECTION('',(0.,0.,1.));
#6717 = ADVANCED_FACE('',(#6718),#6729,.T.);
#6718 = FACE_BOUND('',#6719,.T.);
#6719 = EDGE_LOOP('',(#6720,#6721,#6722,#6728));
#6720 = ORIENTED_EDGE('',*,*,#6689,.T.);
#6721 = ORIENTED_EDGE('',*,*,#6075,.T.);
#6722 = ORIENTED_EDGE('',*,*,#6723,.F.);
#6723 = EDGE_CURVE('',#5986,#6068,#6724,.T.);
#6724 = LINE('',#6725,#6726);
#6725 = CARTESIAN_POINT('',(-0.127,-5.19425,-3.3));
#6726 = VECTOR('',#6727,1.);
#6727 = DIRECTION('',(1.,4.440892098501E-16,0.));
#6728 = ORIENTED_EDGE('',*,*,#5993,.F.);
#6729 = PLANE('',#6730);
#6730 = AXIS2_PLACEMENT_3D('',#6731,#6732,#6733);
#6731 = CARTESIAN_POINT('',(-0.127,-4.96575,-3.3));
#6732 = DIRECTION('',(0.,0.,-1.));
#6733 = DIRECTION('',(4.440892098501E-16,-1.,0.));
#6734 = ADVANCED_FACE('',(#6735),#6741,.T.);
#6735 = FACE_BOUND('',#6736,.T.);
#6736 = EDGE_LOOP('',(#6737,#6738,#6739,#6740));
#6737 = ORIENTED_EDGE('',*,*,#6723,.T.);
#6738 = ORIENTED_EDGE('',*,*,#6067,.T.);
#6739 = ORIENTED_EDGE('',*,*,#6704,.F.);
#6740 = ORIENTED_EDGE('',*,*,#5985,.F.);
#6741 = PLANE('',#6742);
#6742 = AXIS2_PLACEMENT_3D('',#6743,#6744,#6745);
#6743 = CARTESIAN_POINT('',(-0.127,-5.19425,-3.3));
#6744 = DIRECTION('',(4.308298163317E-16,-0.970142500145,-0.242535625036
    ));
#6745 = DIRECTION('',(1.077074540829E-16,-0.242535625036,0.970142500145)
  );
#6746 = ( GEOMETRIC_REPRESENTATION_CONTEXT(3) 
GLOBAL_UNCERTAINTY_ASSIGNED_CONTEXT((#6750)) 
GLOBAL_UNIT_ASSIGNED_CONTEXT((#6747,#6748,#6749)) REPRESENTATION_CONTEXT
('Context #1','3D Context with UNIT and UNCERTAINTY') );
#6747 = ( LENGTH_UNIT() NAMED_UNIT(*) SI_UNIT(.MILLI.,.METRE.) );
#6748 = ( NAMED_UNIT(*) PLANE_ANGLE_UNIT() SI_UNIT($,.RADIAN.) );
#6749 = ( NAMED_UNIT(*) SI_UNIT($,.STERADIAN.) SOLID_ANGLE_UNIT() );
#6750 = UNCERTAINTY_MEASURE_WITH_UNIT(LENGTH_MEASURE(1.E-06),#6747,
  'distance_accuracy_value','confusion accuracy');
#6751 = CONTEXT_DEPENDENT_SHAPE_REPRESENTATION(#6752,#6754);
#6752 = ( REPRESENTATION_RELATIONSHIP('','',#1973,#1950) 
REPRESENTATION_RELATIONSHIP_WITH_TRANSFORMATION(#6753) 
SHAPE_REPRESENTATION_RELATIONSHIP() );
#6753 = ITEM_DEFINED_TRANSFORMATION('','',#11,#1951);
#6754 = PRODUCT_DEFINITION_SHAPE('Placement','Placement of an item',
  #6755);
#6755 = NEXT_ASSEMBLY_USAGE_OCCURRENCE('3','=>[0:1:1:5]','',#1945,#1968,
  $);
#6756 = PRODUCT_RELATED_PRODUCT_CATEGORY('part',$,(#1970));
#6757 = CONTEXT_DEPENDENT_SHAPE_REPRESENTATION(#6758,#6760);
#6758 = ( REPRESENTATION_RELATIONSHIP('','',#84,#10) 
REPRESENTATION_RELATIONSHIP_WITH_TRANSFORMATION(#6759) 
SHAPE_REPRESENTATION_RELATIONSHIP() );
#6759 = ITEM_DEFINED_TRANSFORMATION('','',#11,#23);
#6760 = PRODUCT_DEFINITION_SHAPE('Placement','Placement of an item',
  #6761);
#6761 = NEXT_ASSEMBLY_USAGE_OCCURRENCE('5','C1','',#5,#79,$);
#6762 = SHAPE_DEFINITION_REPRESENTATION(#6763,#6769);
#6763 = PRODUCT_DEFINITION_SHAPE('','',#6764);
#6764 = PRODUCT_DEFINITION('design','',#6765,#6768);
#6765 = PRODUCT_DEFINITION_FORMATION('','',#6766);
#6766 = PRODUCT('PinHeader_1x02_P2.54mm_Vertical',
  'PinHeader_1x02_P2.54mm_Vertical','',(#6767));
#6767 = PRODUCT_CONTEXT('',#2,'mechanical');
#6768 = PRODUCT_DEFINITION_CONTEXT('part definition',#2,'design');
#6769 = SHAPE_REPRESENTATION('',(#11,#6770),#6774);
#6770 = AXIS2_PLACEMENT_3D('',#6771,#6772,#6773);
#6771 = CARTESIAN_POINT('',(0.,0.,0.));
#6772 = DIRECTION('',(0.,0.,1.));
#6773 = DIRECTION('',(1.,0.,-0.));
#6774 = ( GEOMETRIC_REPRESENTATION_CONTEXT(3) 
GLOBAL_UNCERTAINTY_ASSIGNED_CONTEXT((#6778)) 
GLOBAL_UNIT_ASSIGNED_CONTEXT((#6775,#6776,#6777)) REPRESENTATION_CONTEXT
('Context #1','3D Context with UNIT and UNCERTAINTY') );
#6775 = ( LENGTH_UNIT() NAMED_UNIT(*) SI_UNIT(.MILLI.,.METRE.) );
#6776 = ( NAMED_UNIT(*) PLANE_ANGLE_UNIT() SI_UNIT($,.RADIAN.) );
#6777 = ( NAMED_UNIT(*) SI_UNIT($,.STERADIAN.) SOLID_ANGLE_UNIT() );
#6778 = UNCERTAINTY_MEASURE_WITH_UNIT(LENGTH_MEASURE(1.E-07),#6775,
  'distance_accuracy_value','confusion accuracy');
#6779 = CONTEXT_DEPENDENT_SHAPE_REPRESENTATION(#6780,#6782);
#6780 = ( REPRESENTATION_RELATIONSHIP('','',#6769,#10) 
REPRESENTATION_RELATIONSHIP_WITH_TRANSFORMATION(#6781) 
SHAPE_REPRESENTATION_RELATIONSHIP() );
#6781 = ITEM_DEFINED_TRANSFORMATION('','',#11,#27);
#6782 = PRODUCT_DEFINITION_SHAPE('Placement','Placement of an item',
  #6783);
#6783 = NEXT_ASSEMBLY_USAGE_OCCURRENCE('7','SW1','',#5,#6764,$);
#6784 = PRODUCT_RELATED_PRODUCT_CATEGORY('part',$,(#6766));
#6785 = SHAPE_DEFINITION_REPRESENTATION(#6786,#6792);
#6786 = PRODUCT_DEFINITION_SHAPE('','',#6787);
#6787 = PRODUCT_DEFINITION('design','',#6788,#6791);
#6788 = PRODUCT_DEFINITION_FORMATION('','',#6789);
#6789 = PRODUCT('PinHeader_1x02_P254mm_Vertical',
  'PinHeader_1x02_P254mm_Vertical','',(#6790));
#6790 = PRODUCT_CONTEXT('',#2,'mechanical');
#6791 = PRODUCT_DEFINITION_CONTEXT('part definition',#2,'design');
#6792 = ADVANCED_BREP_SHAPE_REPRESENTATION('',(#11,#6793),#8225);
#6793 = MANIFOLD_SOLID_BREP('',#6794);
#6794 = CLOSED_SHELL('',(#6795,#6835,#6866,#6897,#7062,#7227,#7244,#7261
    ,#7278,#7295,#7312,#7329,#7346,#7363,#7380,#7397,#7409,#7440,#7464,
    #7488,#7505,#7536,#7560,#7584,#7601,#7632,#7656,#7680,#7697,#7728,
    #7752,#7776,#7793,#7824,#7848,#7872,#7889,#7920,#7944,#7968,#7985,
    #8016,#8040,#8064,#8081,#8112,#8136,#8160,#8177,#8189,#8201,#8213));
#6795 = ADVANCED_FACE('',(#6796),#6830,.F.);
#6796 = FACE_BOUND('',#6797,.F.);
#6797 = EDGE_LOOP('',(#6798,#6808,#6816,#6824));
#6798 = ORIENTED_EDGE('',*,*,#6799,.T.);
#6799 = EDGE_CURVE('',#6800,#6802,#6804,.T.);
#6800 = VERTEX_POINT('',#6801);
#6801 = CARTESIAN_POINT('',(-1.016,1.27,0.));
#6802 = VERTEX_POINT('',#6803);
#6803 = CARTESIAN_POINT('',(-1.016,1.27,2.54));
#6804 = LINE('',#6805,#6806);
#6805 = CARTESIAN_POINT('',(-1.016,1.27,0.));
#6806 = VECTOR('',#6807,1.);
#6807 = DIRECTION('',(0.,0.,1.));
#6808 = ORIENTED_EDGE('',*,*,#6809,.T.);
#6809 = EDGE_CURVE('',#6802,#6810,#6812,.T.);
#6810 = VERTEX_POINT('',#6811);
#6811 = CARTESIAN_POINT('',(-1.27,1.016,2.54));
#6812 = LINE('',#6813,#6814);
#6813 = CARTESIAN_POINT('',(-1.016,1.27,2.54));
#6814 = VECTOR('',#6815,1.);
#6815 = DIRECTION('',(-0.707106781187,-0.707106781187,0.));
#6816 = ORIENTED_EDGE('',*,*,#6817,.F.);
#6817 = EDGE_CURVE('',#6818,#6810,#6820,.T.);
#6818 = VERTEX_POINT('',#6819);
#6819 = CARTESIAN_POINT('',(-1.27,1.016,0.));
#6820 = LINE('',#6821,#6822);
#6821 = CARTESIAN_POINT('',(-1.27,1.016,0.));
#6822 = VECTOR('',#6823,1.);
#6823 = DIRECTION('',(0.,0.,1.));
#6824 = ORIENTED_EDGE('',*,*,#6825,.F.);
#6825 = EDGE_CURVE('',#6800,#6818,#6826,.T.);
#6826 = LINE('',#6827,#6828);
#6827 = CARTESIAN_POINT('',(-1.016,1.27,0.));
#6828 = VECTOR('',#6829,1.);
#6829 = DIRECTION('',(-0.707106781187,-0.707106781187,0.));
#6830 = PLANE('',#6831);
#6831 = AXIS2_PLACEMENT_3D('',#6832,#6833,#6834);
#6832 = CARTESIAN_POINT('',(-1.016,1.27,0.));
#6833 = DIRECTION('',(0.707106781187,-0.707106781187,0.));
#6834 = DIRECTION('',(-0.707106781187,-0.707106781187,0.));
#6835 = ADVANCED_FACE('',(#6836),#6861,.F.);
#6836 = FACE_BOUND('',#6837,.F.);
#6837 = EDGE_LOOP('',(#6838,#6848,#6854,#6855));
#6838 = ORIENTED_EDGE('',*,*,#6839,.T.);
#6839 = EDGE_CURVE('',#6840,#6842,#6844,.T.);
#6840 = VERTEX_POINT('',#6841);
#6841 = CARTESIAN_POINT('',(1.016,1.27,0.));
#6842 = VERTEX_POINT('',#6843);
#6843 = CARTESIAN_POINT('',(1.016,1.27,2.54));
#6844 = LINE('',#6845,#6846);
#6845 = CARTESIAN_POINT('',(1.016,1.27,0.));
#6846 = VECTOR('',#6847,1.);
#6847 = DIRECTION('',(0.,0.,1.));
#6848 = ORIENTED_EDGE('',*,*,#6849,.T.);
#6849 = EDGE_CURVE('',#6842,#6802,#6850,.T.);
#6850 = LINE('',#6851,#6852);
#6851 = CARTESIAN_POINT('',(1.016,1.27,2.54));
#6852 = VECTOR('',#6853,1.);
#6853 = DIRECTION('',(-1.,0.,0.));
#6854 = ORIENTED_EDGE('',*,*,#6799,.F.);
#6855 = ORIENTED_EDGE('',*,*,#6856,.F.);
#6856 = EDGE_CURVE('',#6840,#6800,#6857,.T.);
#6857 = LINE('',#6858,#6859);
#6858 = CARTESIAN_POINT('',(1.016,1.27,0.));
#6859 = VECTOR('',#6860,1.);
#6860 = DIRECTION('',(-1.,0.,0.));
#6861 = PLANE('',#6862);
#6862 = AXIS2_PLACEMENT_3D('',#6863,#6864,#6865);
#6863 = CARTESIAN_POINT('',(1.016,1.27,0.));
#6864 = DIRECTION('',(0.,-1.,0.));
#6865 = DIRECTION('',(-1.,0.,0.));
#6866 = ADVANCED_FACE('',(#6867),#6892,.F.);
#6867 = FACE_BOUND('',#6868,.F.);
#6868 = EDGE_LOOP('',(#6869,#6870,#6878,#6886));
#6869 = ORIENTED_EDGE('',*,*,#6817,.T.);
#6870 = ORIENTED_EDGE('',*,*,#6871,.T.);
#6871 = EDGE_CURVE('',#6810,#6872,#6874,.T.);
#6872 = VERTEX_POINT('',#6873);
#6873 = CARTESIAN_POINT('',(-1.27,-1.016,2.54));
#6874 = LINE('',#6875,#6876);
#6875 = CARTESIAN_POINT('',(-1.27,1.016,2.54));
#6876 = VECTOR('',#6877,1.);
#6877 = DIRECTION('',(0.,-1.,0.));
#6878 = ORIENTED_EDGE('',*,*,#6879,.F.);
#6879 = EDGE_CURVE('',#6880,#6872,#6882,.T.);
#6880 = VERTEX_POINT('',#6881);
#6881 = CARTESIAN_POINT('',(-1.27,-1.016,0.));
#6882 = LINE('',#6883,#6884);
#6883 = CARTESIAN_POINT('',(-1.27,-1.016,0.));
#6884 = VECTOR('',#6885,1.);
#6885 = DIRECTION('',(0.,0.,1.));
#6886 = ORIENTED_EDGE('',*,*,#6887,.F.);
#6887 = EDGE_CURVE('',#6818,#6880,#6888,.T.);
#6888 = LINE('',#6889,#6890);
#6889 = CARTESIAN_POINT('',(-1.27,1.016,0.));
#6890 = VECTOR('',#6891,1.);
#6891 = DIRECTION('',(0.,-1.,0.));
#6892 = PLANE('',#6893);
#6893 = AXIS2_PLACEMENT_3D('',#6894,#6895,#6896);
#6894 = CARTESIAN_POINT('',(-1.27,1.016,0.));
#6895 = DIRECTION('',(1.,0.,0.));
#6896 = DIRECTION('',(0.,-1.,0.));
#6897 = ADVANCED_FACE('',(#6898,#6989,#7023),#7057,.F.);
#6898 = FACE_BOUND('',#6899,.F.);
#6899 = EDGE_LOOP('',(#6900,#6901,#6902,#6910,#6918,#6926,#6934,#6942,
    #6950,#6958,#6966,#6974,#6982,#6988));
#6900 = ORIENTED_EDGE('',*,*,#6825,.T.);
#6901 = ORIENTED_EDGE('',*,*,#6887,.T.);
#6902 = ORIENTED_EDGE('',*,*,#6903,.T.);
#6903 = EDGE_CURVE('',#6880,#6904,#6906,.T.);
#6904 = VERTEX_POINT('',#6905);
#6905 = CARTESIAN_POINT('',(-1.016,-1.27,0.));
#6906 = LINE('',#6907,#6908);
#6907 = CARTESIAN_POINT('',(-1.27,-1.016,0.));
#6908 = VECTOR('',#6909,1.);
#6909 = DIRECTION('',(0.707106781187,-0.707106781187,0.));
#6910 = ORIENTED_EDGE('',*,*,#6911,.T.);
#6911 = EDGE_CURVE('',#6904,#6912,#6914,.T.);
#6912 = VERTEX_POINT('',#6913);
#6913 = CARTESIAN_POINT('',(-1.27,-1.524,0.));
#6914 = LINE('',#6915,#6916);
#6915 = CARTESIAN_POINT('',(-1.016,-1.27,0.));
#6916 = VECTOR('',#6917,1.);
#6917 = DIRECTION('',(-0.707106781187,-0.707106781187,0.));
#6918 = ORIENTED_EDGE('',*,*,#6919,.T.);
#6919 = EDGE_CURVE('',#6912,#6920,#6922,.T.);
#6920 = VERTEX_POINT('',#6921);
#6921 = CARTESIAN_POINT('',(-1.27,-3.556,0.));
#6922 = LINE('',#6923,#6924);
#6923 = CARTESIAN_POINT('',(-1.27,-1.524,0.));
#6924 = VECTOR('',#6925,1.);
#6925 = DIRECTION('',(0.,-1.,0.));
#6926 = ORIENTED_EDGE('',*,*,#6927,.T.);
#6927 = EDGE_CURVE('',#6920,#6928,#6930,.T.);
#6928 = VERTEX_POINT('',#6929);
#6929 = CARTESIAN_POINT('',(-1.016,-3.81,0.));
#6930 = LINE('',#6931,#6932);
#6931 = CARTESIAN_POINT('',(-1.27,-3.556,0.));
#6932 = VECTOR('',#6933,1.);
#6933 = DIRECTION('',(0.707106781187,-0.707106781187,0.));
#6934 = ORIENTED_EDGE('',*,*,#6935,.T.);
#6935 = EDGE_CURVE('',#6928,#6936,#6938,.T.);
#6936 = VERTEX_POINT('',#6937);
#6937 = CARTESIAN_POINT('',(1.016,-3.81,0.));
#6938 = LINE('',#6939,#6940);
#6939 = CARTESIAN_POINT('',(-1.016,-3.81,0.));
#6940 = VECTOR('',#6941,1.);
#6941 = DIRECTION('',(1.,0.,0.));
#6942 = ORIENTED_EDGE('',*,*,#6943,.T.);
#6943 = EDGE_CURVE('',#6936,#6944,#6946,.T.);
#6944 = VERTEX_POINT('',#6945);
#6945 = CARTESIAN_POINT('',(1.27,-3.556,0.));
#6946 = LINE('',#6947,#6948);
#6947 = CARTESIAN_POINT('',(1.016,-3.81,0.));
#6948 = VECTOR('',#6949,1.);
#6949 = DIRECTION('',(0.707106781187,0.707106781187,0.));
#6950 = ORIENTED_EDGE('',*,*,#6951,.T.);
#6951 = EDGE_CURVE('',#6944,#6952,#6954,.T.);
#6952 = VERTEX_POINT('',#6953);
#6953 = CARTESIAN_POINT('',(1.27,-1.524,0.));
#6954 = LINE('',#6955,#6956);
#6955 = CARTESIAN_POINT('',(1.27,-3.556,0.));
#6956 = VECTOR('',#6957,1.);
#6957 = DIRECTION('',(0.,1.,0.));
#6958 = ORIENTED_EDGE('',*,*,#6959,.T.);
#6959 = EDGE_CURVE('',#6952,#6960,#6962,.T.);
#6960 = VERTEX_POINT('',#6961);
#6961 = CARTESIAN_POINT('',(1.016,-1.27,0.));
#6962 = LINE('',#6963,#6964);
#6963 = CARTESIAN_POINT('',(1.27,-1.524,0.));
#6964 = VECTOR('',#6965,1.);
#6965 = DIRECTION('',(-0.707106781187,0.707106781187,0.));
#6966 = ORIENTED_EDGE('',*,*,#6967,.T.);
#6967 = EDGE_CURVE('',#6960,#6968,#6970,.T.);
#6968 = VERTEX_POINT('',#6969);
#6969 = CARTESIAN_POINT('',(1.27,-1.016,0.));
#6970 = LINE('',#6971,#6972);
#6971 = CARTESIAN_POINT('',(1.016,-1.27,0.));
#6972 = VECTOR('',#6973,1.);
#6973 = DIRECTION('',(0.707106781187,0.707106781187,0.));
#6974 = ORIENTED_EDGE('',*,*,#6975,.T.);
#6975 = EDGE_CURVE('',#6968,#6976,#6978,.T.);
#6976 = VERTEX_POINT('',#6977);
#6977 = CARTESIAN_POINT('',(1.27,1.016,0.));
#6978 = LINE('',#6979,#6980);
#6979 = CARTESIAN_POINT('',(1.27,-1.016,0.));
#6980 = VECTOR('',#6981,1.);
#6981 = DIRECTION('',(0.,1.,0.));
#6982 = ORIENTED_EDGE('',*,*,#6983,.T.);
#6983 = EDGE_CURVE('',#6976,#6840,#6984,.T.);
#6984 = LINE('',#6985,#6986);
#6985 = CARTESIAN_POINT('',(1.27,1.016,0.));
#6986 = VECTOR('',#6987,1.);
#6987 = DIRECTION('',(-0.707106781187,0.707106781187,0.));
#6988 = ORIENTED_EDGE('',*,*,#6856,.T.);
#6989 = FACE_BOUND('',#6990,.F.);
#6990 = EDGE_LOOP('',(#6991,#7001,#7009,#7017));
#6991 = ORIENTED_EDGE('',*,*,#6992,.T.);
#6992 = EDGE_CURVE('',#6993,#6995,#6997,.T.);
#6993 = VERTEX_POINT('',#6994);
#6994 = CARTESIAN_POINT('',(0.32,-0.32,0.));
#6995 = VERTEX_POINT('',#6996);
#6996 = CARTESIAN_POINT('',(-0.32,-0.32,0.));
#6997 = LINE('',#6998,#6999);
#6998 = CARTESIAN_POINT('',(-0.16,-0.32,0.));
#6999 = VECTOR('',#7000,1.);
#7000 = DIRECTION('',(-1.,0.,0.));
#7001 = ORIENTED_EDGE('',*,*,#7002,.T.);
#7002 = EDGE_CURVE('',#6995,#7003,#7005,.T.);
#7003 = VERTEX_POINT('',#7004);
#7004 = CARTESIAN_POINT('',(-0.32,0.32,0.));
#7005 = LINE('',#7006,#7007);
#7006 = CARTESIAN_POINT('',(-0.32,-0.795,0.));
#7007 = VECTOR('',#7008,1.);
#7008 = DIRECTION('',(0.,1.,0.));
#7009 = ORIENTED_EDGE('',*,*,#7010,.F.);
#7010 = EDGE_CURVE('',#7011,#7003,#7013,.T.);
#7011 = VERTEX_POINT('',#7012);
#7012 = CARTESIAN_POINT('',(0.32,0.32,0.));
#7013 = LINE('',#7014,#7015);
#7014 = CARTESIAN_POINT('',(-0.16,0.32,0.));
#7015 = VECTOR('',#7016,1.);
#7016 = DIRECTION('',(-1.,0.,0.));
#7017 = ORIENTED_EDGE('',*,*,#7018,.F.);
#7018 = EDGE_CURVE('',#6993,#7011,#7019,.T.);
#7019 = LINE('',#7020,#7021);
#7020 = CARTESIAN_POINT('',(0.32,-0.795,0.));
#7021 = VECTOR('',#7022,1.);
#7022 = DIRECTION('',(0.,1.,0.));
#7023 = FACE_BOUND('',#7024,.F.);
#7024 = EDGE_LOOP('',(#7025,#7035,#7043,#7051));
#7025 = ORIENTED_EDGE('',*,*,#7026,.T.);
#7026 = EDGE_CURVE('',#7027,#7029,#7031,.T.);
#7027 = VERTEX_POINT('',#7028);
#7028 = CARTESIAN_POINT('',(0.32,-2.86,0.));
#7029 = VERTEX_POINT('',#7030);
#7030 = CARTESIAN_POINT('',(-0.32,-2.86,0.));
#7031 = LINE('',#7032,#7033);
#7032 = CARTESIAN_POINT('',(-0.16,-2.86,0.));
#7033 = VECTOR('',#7034,1.);
#7034 = DIRECTION('',(-1.,0.,0.));
#7035 = ORIENTED_EDGE('',*,*,#7036,.T.);
#7036 = EDGE_CURVE('',#7029,#7037,#7039,.T.);
#7037 = VERTEX_POINT('',#7038);
#7038 = CARTESIAN_POINT('',(-0.32,-2.22,0.));
#7039 = LINE('',#7040,#7041);
#7040 = CARTESIAN_POINT('',(-0.32,-2.065,0.));
#7041 = VECTOR('',#7042,1.);
#7042 = DIRECTION('',(0.,1.,0.));
#7043 = ORIENTED_EDGE('',*,*,#7044,.F.);
#7044 = EDGE_CURVE('',#7045,#7037,#7047,.T.);
#7045 = VERTEX_POINT('',#7046);
#7046 = CARTESIAN_POINT('',(0.32,-2.22,0.));
#7047 = LINE('',#7048,#7049);
#7048 = CARTESIAN_POINT('',(-0.16,-2.22,0.));
#7049 = VECTOR('',#7050,1.);
#7050 = DIRECTION('',(-1.,0.,0.));
#7051 = ORIENTED_EDGE('',*,*,#7052,.F.);
#7052 = EDGE_CURVE('',#7027,#7045,#7053,.T.);
#7053 = LINE('',#7054,#7055);
#7054 = CARTESIAN_POINT('',(0.32,-2.065,0.));
#7055 = VECTOR('',#7056,1.);
#7056 = DIRECTION('',(0.,1.,0.));
#7057 = PLANE('',#7058);
#7058 = AXIS2_PLACEMENT_3D('',#7059,#7060,#7061);
#7059 = CARTESIAN_POINT('',(1.473843703412E-17,-1.27,0.));
#7060 = DIRECTION('',(0.,0.,1.));
#7061 = DIRECTION('',(1.,0.,-0.));
#7062 = ADVANCED_FACE('',(#7063,#7154,#7188),#7222,.T.);
#7063 = FACE_BOUND('',#7064,.T.);
#7064 = EDGE_LOOP('',(#7065,#7066,#7067,#7075,#7083,#7091,#7099,#7107,
    #7115,#7123,#7131,#7139,#7147,#7153));
#7065 = ORIENTED_EDGE('',*,*,#6809,.T.);
#7066 = ORIENTED_EDGE('',*,*,#6871,.T.);
#7067 = ORIENTED_EDGE('',*,*,#7068,.T.);
#7068 = EDGE_CURVE('',#6872,#7069,#7071,.T.);
#7069 = VERTEX_POINT('',#7070);
#7070 = CARTESIAN_POINT('',(-1.016,-1.27,2.54));
#7071 = LINE('',#7072,#7073);
#7072 = CARTESIAN_POINT('',(-1.27,-1.016,2.54));
#7073 = VECTOR('',#7074,1.);
#7074 = DIRECTION('',(0.707106781187,-0.707106781187,0.));
#7075 = ORIENTED_EDGE('',*,*,#7076,.T.);
#7076 = EDGE_CURVE('',#7069,#7077,#7079,.T.);
#7077 = VERTEX_POINT('',#7078);
#7078 = CARTESIAN_POINT('',(-1.27,-1.524,2.54));
#7079 = LINE('',#7080,#7081);
#7080 = CARTESIAN_POINT('',(-1.016,-1.27,2.54));
#7081 = VECTOR('',#7082,1.);
#7082 = DIRECTION('',(-0.707106781187,-0.707106781187,0.));
#7083 = ORIENTED_EDGE('',*,*,#7084,.T.);
#7084 = EDGE_CURVE('',#7077,#7085,#7087,.T.);
#7085 = VERTEX_POINT('',#7086);
#7086 = CARTESIAN_POINT('',(-1.27,-3.556,2.54));
#7087 = LINE('',#7088,#7089);
#7088 = CARTESIAN_POINT('',(-1.27,-1.524,2.54));
#7089 = VECTOR('',#7090,1.);
#7090 = DIRECTION('',(0.,-1.,0.));
#7091 = ORIENTED_EDGE('',*,*,#7092,.T.);
#7092 = EDGE_CURVE('',#7085,#7093,#7095,.T.);
#7093 = VERTEX_POINT('',#7094);
#7094 = CARTESIAN_POINT('',(-1.016,-3.81,2.54));
#7095 = LINE('',#7096,#7097);
#7096 = CARTESIAN_POINT('',(-1.27,-3.556,2.54));
#7097 = VECTOR('',#7098,1.);
#7098 = DIRECTION('',(0.707106781187,-0.707106781187,0.));
#7099 = ORIENTED_EDGE('',*,*,#7100,.T.);
#7100 = EDGE_CURVE('',#7093,#7101,#7103,.T.);
#7101 = VERTEX_POINT('',#7102);
#7102 = CARTESIAN_POINT('',(1.016,-3.81,2.54));
#7103 = LINE('',#7104,#7105);
#7104 = CARTESIAN_POINT('',(-1.016,-3.81,2.54));
#7105 = VECTOR('',#7106,1.);
#7106 = DIRECTION('',(1.,0.,0.));
#7107 = ORIENTED_EDGE('',*,*,#7108,.T.);
#7108 = EDGE_CURVE('',#7101,#7109,#7111,.T.);
#7109 = VERTEX_POINT('',#7110);
#7110 = CARTESIAN_POINT('',(1.27,-3.556,2.54));
#7111 = LINE('',#7112,#7113);
#7112 = CARTESIAN_POINT('',(1.016,-3.81,2.54));
#7113 = VECTOR('',#7114,1.);
#7114 = DIRECTION('',(0.707106781187,0.707106781187,0.));
#7115 = ORIENTED_EDGE('',*,*,#7116,.T.);
#7116 = EDGE_CURVE('',#7109,#7117,#7119,.T.);
#7117 = VERTEX_POINT('',#7118);
#7118 = CARTESIAN_POINT('',(1.27,-1.524,2.54));
#7119 = LINE('',#7120,#7121);
#7120 = CARTESIAN_POINT('',(1.27,-3.556,2.54));
#7121 = VECTOR('',#7122,1.);
#7122 = DIRECTION('',(0.,1.,0.));
#7123 = ORIENTED_EDGE('',*,*,#7124,.T.);
#7124 = EDGE_CURVE('',#7117,#7125,#7127,.T.);
#7125 = VERTEX_POINT('',#7126);
#7126 = CARTESIAN_POINT('',(1.016,-1.27,2.54));
#7127 = LINE('',#7128,#7129);
#7128 = CARTESIAN_POINT('',(1.27,-1.524,2.54));
#7129 = VECTOR('',#7130,1.);
#7130 = DIRECTION('',(-0.707106781187,0.707106781187,0.));
#7131 = ORIENTED_EDGE('',*,*,#7132,.T.);
#7132 = EDGE_CURVE('',#7125,#7133,#7135,.T.);
#7133 = VERTEX_POINT('',#7134);
#7134 = CARTESIAN_POINT('',(1.27,-1.016,2.54));
#7135 = LINE('',#7136,#7137);
#7136 = CARTESIAN_POINT('',(1.016,-1.27,2.54));
#7137 = VECTOR('',#7138,1.);
#7138 = DIRECTION('',(0.707106781187,0.707106781187,0.));
#7139 = ORIENTED_EDGE('',*,*,#7140,.T.);
#7140 = EDGE_CURVE('',#7133,#7141,#7143,.T.);
#7141 = VERTEX_POINT('',#7142);
#7142 = CARTESIAN_POINT('',(1.27,1.016,2.54));
#7143 = LINE('',#7144,#7145);
#7144 = CARTESIAN_POINT('',(1.27,-1.016,2.54));
#7145 = VECTOR('',#7146,1.);
#7146 = DIRECTION('',(0.,1.,0.));
#7147 = ORIENTED_EDGE('',*,*,#7148,.T.);
#7148 = EDGE_CURVE('',#7141,#6842,#7149,.T.);
#7149 = LINE('',#7150,#7151);
#7150 = CARTESIAN_POINT('',(1.27,1.016,2.54));
#7151 = VECTOR('',#7152,1.);
#7152 = DIRECTION('',(-0.707106781187,0.707106781187,0.));
#7153 = ORIENTED_EDGE('',*,*,#6849,.T.);
#7154 = FACE_BOUND('',#7155,.T.);
#7155 = EDGE_LOOP('',(#7156,#7166,#7174,#7182));
#7156 = ORIENTED_EDGE('',*,*,#7157,.T.);
#7157 = EDGE_CURVE('',#7158,#7160,#7162,.T.);
#7158 = VERTEX_POINT('',#7159);
#7159 = CARTESIAN_POINT('',(0.32,-0.32,2.54));
#7160 = VERTEX_POINT('',#7161);
#7161 = CARTESIAN_POINT('',(-0.32,-0.32,2.54));
#7162 = LINE('',#7163,#7164);
#7163 = CARTESIAN_POINT('',(-0.16,-0.32,2.54));
#7164 = VECTOR('',#7165,1.);
#7165 = DIRECTION('',(-1.,0.,0.));
#7166 = ORIENTED_EDGE('',*,*,#7167,.T.);
#7167 = EDGE_CURVE('',#7160,#7168,#7170,.T.);
#7168 = VERTEX_POINT('',#7169);
#7169 = CARTESIAN_POINT('',(-0.32,0.32,2.54));
#7170 = LINE('',#7171,#7172);
#7171 = CARTESIAN_POINT('',(-0.32,-0.795,2.54));
#7172 = VECTOR('',#7173,1.);
#7173 = DIRECTION('',(0.,1.,0.));
#7174 = ORIENTED_EDGE('',*,*,#7175,.F.);
#7175 = EDGE_CURVE('',#7176,#7168,#7178,.T.);
#7176 = VERTEX_POINT('',#7177);
#7177 = CARTESIAN_POINT('',(0.32,0.32,2.54));
#7178 = LINE('',#7179,#7180);
#7179 = CARTESIAN_POINT('',(-0.16,0.32,2.54));
#7180 = VECTOR('',#7181,1.);
#7181 = DIRECTION('',(-1.,0.,0.));
#7182 = ORIENTED_EDGE('',*,*,#7183,.F.);
#7183 = EDGE_CURVE('',#7158,#7176,#7184,.T.);
#7184 = LINE('',#7185,#7186);
#7185 = CARTESIAN_POINT('',(0.32,-0.795,2.54));
#7186 = VECTOR('',#7187,1.);
#7187 = DIRECTION('',(0.,1.,0.));
#7188 = FACE_BOUND('',#7189,.T.);
#7189 = EDGE_LOOP('',(#7190,#7200,#7208,#7216));
#7190 = ORIENTED_EDGE('',*,*,#7191,.T.);
#7191 = EDGE_CURVE('',#7192,#7194,#7196,.T.);
#7192 = VERTEX_POINT('',#7193);
#7193 = CARTESIAN_POINT('',(0.32,-2.86,2.54));
#7194 = VERTEX_POINT('',#7195);
#7195 = CARTESIAN_POINT('',(-0.32,-2.86,2.54));
#7196 = LINE('',#7197,#7198);
#7197 = CARTESIAN_POINT('',(-0.16,-2.86,2.54));
#7198 = VECTOR('',#7199,1.);
#7199 = DIRECTION('',(-1.,0.,0.));
#7200 = ORIENTED_EDGE('',*,*,#7201,.T.);
#7201 = EDGE_CURVE('',#7194,#7202,#7204,.T.);
#7202 = VERTEX_POINT('',#7203);
#7203 = CARTESIAN_POINT('',(-0.32,-2.22,2.54));
#7204 = LINE('',#7205,#7206);
#7205 = CARTESIAN_POINT('',(-0.32,-2.065,2.54));
#7206 = VECTOR('',#7207,1.);
#7207 = DIRECTION('',(0.,1.,0.));
#7208 = ORIENTED_EDGE('',*,*,#7209,.F.);
#7209 = EDGE_CURVE('',#7210,#7202,#7212,.T.);
#7210 = VERTEX_POINT('',#7211);
#7211 = CARTESIAN_POINT('',(0.32,-2.22,2.54));
#7212 = LINE('',#7213,#7214);
#7213 = CARTESIAN_POINT('',(-0.16,-2.22,2.54));
#7214 = VECTOR('',#7215,1.);
#7215 = DIRECTION('',(-1.,0.,0.));
#7216 = ORIENTED_EDGE('',*,*,#7217,.F.);
#7217 = EDGE_CURVE('',#7192,#7210,#7218,.T.);
#7218 = LINE('',#7219,#7220);
#7219 = CARTESIAN_POINT('',(0.32,-2.065,2.54));
#7220 = VECTOR('',#7221,1.);
#7221 = DIRECTION('',(0.,1.,0.));
#7222 = PLANE('',#7223);
#7223 = AXIS2_PLACEMENT_3D('',#7224,#7225,#7226);
#7224 = CARTESIAN_POINT('',(1.473843703412E-17,-1.27,2.54));
#7225 = DIRECTION('',(0.,0.,1.));
#7226 = DIRECTION('',(1.,0.,-0.));
#7227 = ADVANCED_FACE('',(#7228),#7239,.F.);
#7228 = FACE_BOUND('',#7229,.F.);
#7229 = EDGE_LOOP('',(#7230,#7236,#7237,#7238));
#7230 = ORIENTED_EDGE('',*,*,#7231,.T.);
#7231 = EDGE_CURVE('',#6976,#7141,#7232,.T.);
#7232 = LINE('',#7233,#7234);
#7233 = CARTESIAN_POINT('',(1.27,1.016,0.));
#7234 = VECTOR('',#7235,1.);
#7235 = DIRECTION('',(0.,0.,1.));
#7236 = ORIENTED_EDGE('',*,*,#7148,.T.);
#7237 = ORIENTED_EDGE('',*,*,#6839,.F.);
#7238 = ORIENTED_EDGE('',*,*,#6983,.F.);
#7239 = PLANE('',#7240);
#7240 = AXIS2_PLACEMENT_3D('',#7241,#7242,#7243);
#7241 = CARTESIAN_POINT('',(1.27,1.016,0.));
#7242 = DIRECTION('',(-0.707106781187,-0.707106781187,0.));
#7243 = DIRECTION('',(-0.707106781187,0.707106781187,0.));
#7244 = ADVANCED_FACE('',(#7245),#7256,.F.);
#7245 = FACE_BOUND('',#7246,.F.);
#7246 = EDGE_LOOP('',(#7247,#7248,#7249,#7255));
#7247 = ORIENTED_EDGE('',*,*,#6879,.T.);
#7248 = ORIENTED_EDGE('',*,*,#7068,.T.);
#7249 = ORIENTED_EDGE('',*,*,#7250,.F.);
#7250 = EDGE_CURVE('',#6904,#7069,#7251,.T.);
#7251 = LINE('',#7252,#7253);
#7252 = CARTESIAN_POINT('',(-1.016,-1.27,0.));
#7253 = VECTOR('',#7254,1.);
#7254 = DIRECTION('',(0.,0.,1.));
#7255 = ORIENTED_EDGE('',*,*,#6903,.F.);
#7256 = PLANE('',#7257);
#7257 = AXIS2_PLACEMENT_3D('',#7258,#7259,#7260);
#7258 = CARTESIAN_POINT('',(-1.27,-1.016,0.));
#7259 = DIRECTION('',(0.707106781187,0.707106781187,0.));
#7260 = DIRECTION('',(0.707106781187,-0.707106781187,0.));
#7261 = ADVANCED_FACE('',(#7262),#7273,.F.);
#7262 = FACE_BOUND('',#7263,.F.);
#7263 = EDGE_LOOP('',(#7264,#7270,#7271,#7272));
#7264 = ORIENTED_EDGE('',*,*,#7265,.T.);
#7265 = EDGE_CURVE('',#6968,#7133,#7266,.T.);
#7266 = LINE('',#7267,#7268);
#7267 = CARTESIAN_POINT('',(1.27,-1.016,0.));
#7268 = VECTOR('',#7269,1.);
#7269 = DIRECTION('',(0.,0.,1.));
#7270 = ORIENTED_EDGE('',*,*,#7140,.T.);
#7271 = ORIENTED_EDGE('',*,*,#7231,.F.);
#7272 = ORIENTED_EDGE('',*,*,#6975,.F.);
#7273 = PLANE('',#7274);
#7274 = AXIS2_PLACEMENT_3D('',#7275,#7276,#7277);
#7275 = CARTESIAN_POINT('',(1.27,-1.016,0.));
#7276 = DIRECTION('',(-1.,0.,0.));
#7277 = DIRECTION('',(0.,1.,0.));
#7278 = ADVANCED_FACE('',(#7279),#7290,.F.);
#7279 = FACE_BOUND('',#7280,.F.);
#7280 = EDGE_LOOP('',(#7281,#7282,#7283,#7289));
#7281 = ORIENTED_EDGE('',*,*,#7250,.T.);
#7282 = ORIENTED_EDGE('',*,*,#7076,.T.);
#7283 = ORIENTED_EDGE('',*,*,#7284,.F.);
#7284 = EDGE_CURVE('',#6912,#7077,#7285,.T.);
#7285 = LINE('',#7286,#7287);
#7286 = CARTESIAN_POINT('',(-1.27,-1.524,0.));
#7287 = VECTOR('',#7288,1.);
#7288 = DIRECTION('',(0.,0.,1.));
#7289 = ORIENTED_EDGE('',*,*,#6911,.F.);
#7290 = PLANE('',#7291);
#7291 = AXIS2_PLACEMENT_3D('',#7292,#7293,#7294);
#7292 = CARTESIAN_POINT('',(-1.016,-1.27,0.));
#7293 = DIRECTION('',(0.707106781187,-0.707106781187,0.));
#7294 = DIRECTION('',(-0.707106781187,-0.707106781187,0.));
#7295 = ADVANCED_FACE('',(#7296),#7307,.F.);
#7296 = FACE_BOUND('',#7297,.F.);
#7297 = EDGE_LOOP('',(#7298,#7304,#7305,#7306));
#7298 = ORIENTED_EDGE('',*,*,#7299,.T.);
#7299 = EDGE_CURVE('',#6960,#7125,#7300,.T.);
#7300 = LINE('',#7301,#7302);
#7301 = CARTESIAN_POINT('',(1.016,-1.27,0.));
#7302 = VECTOR('',#7303,1.);
#7303 = DIRECTION('',(0.,0.,1.));
#7304 = ORIENTED_EDGE('',*,*,#7132,.T.);
#7305 = ORIENTED_EDGE('',*,*,#7265,.F.);
#7306 = ORIENTED_EDGE('',*,*,#6967,.F.);
#7307 = PLANE('',#7308);
#7308 = AXIS2_PLACEMENT_3D('',#7309,#7310,#7311);
#7309 = CARTESIAN_POINT('',(1.016,-1.27,0.));
#7310 = DIRECTION('',(-0.707106781187,0.707106781187,0.));
#7311 = DIRECTION('',(0.707106781187,0.707106781187,0.));
#7312 = ADVANCED_FACE('',(#7313),#7324,.F.);
#7313 = FACE_BOUND('',#7314,.F.);
#7314 = EDGE_LOOP('',(#7315,#7316,#7317,#7323));
#7315 = ORIENTED_EDGE('',*,*,#7284,.T.);
#7316 = ORIENTED_EDGE('',*,*,#7084,.T.);
#7317 = ORIENTED_EDGE('',*,*,#7318,.F.);
#7318 = EDGE_CURVE('',#6920,#7085,#7319,.T.);
#7319 = LINE('',#7320,#7321);
#7320 = CARTESIAN_POINT('',(-1.27,-3.556,0.));
#7321 = VECTOR('',#7322,1.);
#7322 = DIRECTION('',(0.,0.,1.));
#7323 = ORIENTED_EDGE('',*,*,#6919,.F.);
#7324 = PLANE('',#7325);
#7325 = AXIS2_PLACEMENT_3D('',#7326,#7327,#7328);
#7326 = CARTESIAN_POINT('',(-1.27,-1.524,0.));
#7327 = DIRECTION('',(1.,0.,0.));
#7328 = DIRECTION('',(0.,-1.,0.));
#7329 = ADVANCED_FACE('',(#7330),#7341,.F.);
#7330 = FACE_BOUND('',#7331,.F.);
#7331 = EDGE_LOOP('',(#7332,#7338,#7339,#7340));
#7332 = ORIENTED_EDGE('',*,*,#7333,.T.);
#7333 = EDGE_CURVE('',#6952,#7117,#7334,.T.);
#7334 = LINE('',#7335,#7336);
#7335 = CARTESIAN_POINT('',(1.27,-1.524,0.));
#7336 = VECTOR('',#7337,1.);
#7337 = DIRECTION('',(0.,0.,1.));
#7338 = ORIENTED_EDGE('',*,*,#7124,.T.);
#7339 = ORIENTED_EDGE('',*,*,#7299,.F.);
#7340 = ORIENTED_EDGE('',*,*,#6959,.F.);
#7341 = PLANE('',#7342);
#7342 = AXIS2_PLACEMENT_3D('',#7343,#7344,#7345);
#7343 = CARTESIAN_POINT('',(1.27,-1.524,0.));
#7344 = DIRECTION('',(-0.707106781187,-0.707106781187,0.));
#7345 = DIRECTION('',(-0.707106781187,0.707106781187,0.));
#7346 = ADVANCED_FACE('',(#7347),#7358,.F.);
#7347 = FACE_BOUND('',#7348,.F.);
#7348 = EDGE_LOOP('',(#7349,#7350,#7351,#7357));
#7349 = ORIENTED_EDGE('',*,*,#7318,.T.);
#7350 = ORIENTED_EDGE('',*,*,#7092,.T.);
#7351 = ORIENTED_EDGE('',*,*,#7352,.F.);
#7352 = EDGE_CURVE('',#6928,#7093,#7353,.T.);
#7353 = LINE('',#7354,#7355);
#7354 = CARTESIAN_POINT('',(-1.016,-3.81,0.));
#7355 = VECTOR('',#7356,1.);
#7356 = DIRECTION('',(0.,0.,1.));
#7357 = ORIENTED_EDGE('',*,*,#6927,.F.);
#7358 = PLANE('',#7359);
#7359 = AXIS2_PLACEMENT_3D('',#7360,#7361,#7362);
#7360 = CARTESIAN_POINT('',(-1.27,-3.556,0.));
#7361 = DIRECTION('',(0.707106781187,0.707106781187,0.));
#7362 = DIRECTION('',(0.707106781187,-0.707106781187,0.));
#7363 = ADVANCED_FACE('',(#7364),#7375,.F.);
#7364 = FACE_BOUND('',#7365,.F.);
#7365 = EDGE_LOOP('',(#7366,#7372,#7373,#7374));
#7366 = ORIENTED_EDGE('',*,*,#7367,.T.);
#7367 = EDGE_CURVE('',#6944,#7109,#7368,.T.);
#7368 = LINE('',#7369,#7370);
#7369 = CARTESIAN_POINT('',(1.27,-3.556,0.));
#7370 = VECTOR('',#7371,1.);
#7371 = DIRECTION('',(0.,0.,1.));
#7372 = ORIENTED_EDGE('',*,*,#7116,.T.);
#7373 = ORIENTED_EDGE('',*,*,#7333,.F.);
#7374 = ORIENTED_EDGE('',*,*,#6951,.F.);
#7375 = PLANE('',#7376);
#7376 = AXIS2_PLACEMENT_3D('',#7377,#7378,#7379);
#7377 = CARTESIAN_POINT('',(1.27,-3.556,0.));
#7378 = DIRECTION('',(-1.,0.,0.));
#7379 = DIRECTION('',(0.,1.,0.));
#7380 = ADVANCED_FACE('',(#7381),#7392,.F.);
#7381 = FACE_BOUND('',#7382,.F.);
#7382 = EDGE_LOOP('',(#7383,#7384,#7385,#7391));
#7383 = ORIENTED_EDGE('',*,*,#7352,.T.);
#7384 = ORIENTED_EDGE('',*,*,#7100,.T.);
#7385 = ORIENTED_EDGE('',*,*,#7386,.F.);
#7386 = EDGE_CURVE('',#6936,#7101,#7387,.T.);
#7387 = LINE('',#7388,#7389);
#7388 = CARTESIAN_POINT('',(1.016,-3.81,0.));
#7389 = VECTOR('',#7390,1.);
#7390 = DIRECTION('',(0.,0.,1.));
#7391 = ORIENTED_EDGE('',*,*,#6935,.F.);
#7392 = PLANE('',#7393);
#7393 = AXIS2_PLACEMENT_3D('',#7394,#7395,#7396);
#7394 = CARTESIAN_POINT('',(-1.016,-3.81,0.));
#7395 = DIRECTION('',(0.,1.,0.));
#7396 = DIRECTION('',(1.,0.,0.));
#7397 = ADVANCED_FACE('',(#7398),#7404,.F.);
#7398 = FACE_BOUND('',#7399,.F.);
#7399 = EDGE_LOOP('',(#7400,#7401,#7402,#7403));
#7400 = ORIENTED_EDGE('',*,*,#7386,.T.);
#7401 = ORIENTED_EDGE('',*,*,#7108,.T.);
#7402 = ORIENTED_EDGE('',*,*,#7367,.F.);
#7403 = ORIENTED_EDGE('',*,*,#6943,.F.);
#7404 = PLANE('',#7405);
#7405 = AXIS2_PLACEMENT_3D('',#7406,#7407,#7408);
#7406 = CARTESIAN_POINT('',(1.016,-3.81,0.));
#7407 = DIRECTION('',(-0.707106781187,0.707106781187,0.));
#7408 = DIRECTION('',(0.707106781187,0.707106781187,0.));
#7409 = ADVANCED_FACE('',(#7410),#7435,.F.);
#7410 = FACE_BOUND('',#7411,.F.);
#7411 = EDGE_LOOP('',(#7412,#7420,#7428,#7434));
#7412 = ORIENTED_EDGE('',*,*,#7413,.F.);
#7413 = EDGE_CURVE('',#7414,#6993,#7416,.T.);
#7414 = VERTEX_POINT('',#7415);
#7415 = CARTESIAN_POINT('',(0.32,-0.32,-2.84));
#7416 = LINE('',#7417,#7418);
#7417 = CARTESIAN_POINT('',(0.32,-0.32,-3.));
#7418 = VECTOR('',#7419,1.);
#7419 = DIRECTION('',(0.,0.,1.));
#7420 = ORIENTED_EDGE('',*,*,#7421,.F.);
#7421 = EDGE_CURVE('',#7422,#7414,#7424,.T.);
#7422 = VERTEX_POINT('',#7423);
#7423 = CARTESIAN_POINT('',(-0.32,-0.32,-2.84));
#7424 = LINE('',#7425,#7426);
#7425 = CARTESIAN_POINT('',(-0.32,-0.32,-2.84));
#7426 = VECTOR('',#7427,1.);
#7427 = DIRECTION('',(1.,0.,0.));
#7428 = ORIENTED_EDGE('',*,*,#7429,.T.);
#7429 = EDGE_CURVE('',#7422,#6995,#7430,.T.);
#7430 = LINE('',#7431,#7432);
#7431 = CARTESIAN_POINT('',(-0.32,-0.32,-3.));
#7432 = VECTOR('',#7433,1.);
#7433 = DIRECTION('',(0.,0.,1.));
#7434 = ORIENTED_EDGE('',*,*,#6992,.F.);
#7435 = PLANE('',#7436);
#7436 = AXIS2_PLACEMENT_3D('',#7437,#7438,#7439);
#7437 = CARTESIAN_POINT('',(-0.32,-0.32,-3.));
#7438 = DIRECTION('',(0.,1.,0.));
#7439 = DIRECTION('',(0.,-0.,1.));
#7440 = ADVANCED_FACE('',(#7441),#7459,.T.);
#7441 = FACE_BOUND('',#7442,.T.);
#7442 = EDGE_LOOP('',(#7443,#7444,#7452,#7458));
#7443 = ORIENTED_EDGE('',*,*,#7413,.F.);
#7444 = ORIENTED_EDGE('',*,*,#7445,.T.);
#7445 = EDGE_CURVE('',#7414,#7446,#7448,.T.);
#7446 = VERTEX_POINT('',#7447);
#7447 = CARTESIAN_POINT('',(0.32,0.32,-2.84));
#7448 = LINE('',#7449,#7450);
#7449 = CARTESIAN_POINT('',(0.32,-0.32,-2.84));
#7450 = VECTOR('',#7451,1.);
#7451 = DIRECTION('',(0.,1.,0.));
#7452 = ORIENTED_EDGE('',*,*,#7453,.T.);
#7453 = EDGE_CURVE('',#7446,#7011,#7454,.T.);
#7454 = LINE('',#7455,#7456);
#7455 = CARTESIAN_POINT('',(0.32,0.32,-3.));
#7456 = VECTOR('',#7457,1.);
#7457 = DIRECTION('',(0.,0.,1.));
#7458 = ORIENTED_EDGE('',*,*,#7018,.F.);
#7459 = PLANE('',#7460);
#7460 = AXIS2_PLACEMENT_3D('',#7461,#7462,#7463);
#7461 = CARTESIAN_POINT('',(0.32,-0.32,-3.));
#7462 = DIRECTION('',(1.,0.,0.));
#7463 = DIRECTION('',(0.,0.,1.));
#7464 = ADVANCED_FACE('',(#7465),#7483,.T.);
#7465 = FACE_BOUND('',#7466,.T.);
#7466 = EDGE_LOOP('',(#7467,#7468,#7476,#7482));
#7467 = ORIENTED_EDGE('',*,*,#7453,.F.);
#7468 = ORIENTED_EDGE('',*,*,#7469,.F.);
#7469 = EDGE_CURVE('',#7470,#7446,#7472,.T.);
#7470 = VERTEX_POINT('',#7471);
#7471 = CARTESIAN_POINT('',(-0.32,0.32,-2.84));
#7472 = LINE('',#7473,#7474);
#7473 = CARTESIAN_POINT('',(-0.32,0.32,-2.84));
#7474 = VECTOR('',#7475,1.);
#7475 = DIRECTION('',(1.,0.,0.));
#7476 = ORIENTED_EDGE('',*,*,#7477,.T.);
#7477 = EDGE_CURVE('',#7470,#7003,#7478,.T.);
#7478 = LINE('',#7479,#7480);
#7479 = CARTESIAN_POINT('',(-0.32,0.32,-3.));
#7480 = VECTOR('',#7481,1.);
#7481 = DIRECTION('',(0.,0.,1.));
#7482 = ORIENTED_EDGE('',*,*,#7010,.F.);
#7483 = PLANE('',#7484);
#7484 = AXIS2_PLACEMENT_3D('',#7485,#7486,#7487);
#7485 = CARTESIAN_POINT('',(-0.32,0.32,-3.));
#7486 = DIRECTION('',(0.,1.,0.));
#7487 = DIRECTION('',(0.,-0.,1.));
#7488 = ADVANCED_FACE('',(#7489),#7500,.F.);
#7489 = FACE_BOUND('',#7490,.F.);
#7490 = EDGE_LOOP('',(#7491,#7492,#7498,#7499));
#7491 = ORIENTED_EDGE('',*,*,#7429,.F.);
#7492 = ORIENTED_EDGE('',*,*,#7493,.T.);
#7493 = EDGE_CURVE('',#7422,#7470,#7494,.T.);
#7494 = LINE('',#7495,#7496);
#7495 = CARTESIAN_POINT('',(-0.32,-0.32,-2.84));
#7496 = VECTOR('',#7497,1.);
#7497 = DIRECTION('',(0.,1.,0.));
#7498 = ORIENTED_EDGE('',*,*,#7477,.T.);
#7499 = ORIENTED_EDGE('',*,*,#7002,.F.);
#7500 = PLANE('',#7501);
#7501 = AXIS2_PLACEMENT_3D('',#7502,#7503,#7504);
#7502 = CARTESIAN_POINT('',(-0.32,-0.32,-3.));
#7503 = DIRECTION('',(1.,0.,0.));
#7504 = DIRECTION('',(0.,0.,1.));
#7505 = ADVANCED_FACE('',(#7506),#7531,.F.);
#7506 = FACE_BOUND('',#7507,.F.);
#7507 = EDGE_LOOP('',(#7508,#7516,#7524,#7530));
#7508 = ORIENTED_EDGE('',*,*,#7509,.F.);
#7509 = EDGE_CURVE('',#7510,#7027,#7512,.T.);
#7510 = VERTEX_POINT('',#7511);
#7511 = CARTESIAN_POINT('',(0.32,-2.86,-2.84));
#7512 = LINE('',#7513,#7514);
#7513 = CARTESIAN_POINT('',(0.32,-2.86,-3.));
#7514 = VECTOR('',#7515,1.);
#7515 = DIRECTION('',(0.,0.,1.));
#7516 = ORIENTED_EDGE('',*,*,#7517,.F.);
#7517 = EDGE_CURVE('',#7518,#7510,#7520,.T.);
#7518 = VERTEX_POINT('',#7519);
#7519 = CARTESIAN_POINT('',(-0.32,-2.86,-2.84));
#7520 = LINE('',#7521,#7522);
#7521 = CARTESIAN_POINT('',(-0.32,-2.86,-2.84));
#7522 = VECTOR('',#7523,1.);
#7523 = DIRECTION('',(1.,0.,0.));
#7524 = ORIENTED_EDGE('',*,*,#7525,.T.);
#7525 = EDGE_CURVE('',#7518,#7029,#7526,.T.);
#7526 = LINE('',#7527,#7528);
#7527 = CARTESIAN_POINT('',(-0.32,-2.86,-3.));
#7528 = VECTOR('',#7529,1.);
#7529 = DIRECTION('',(0.,0.,1.));
#7530 = ORIENTED_EDGE('',*,*,#7026,.F.);
#7531 = PLANE('',#7532);
#7532 = AXIS2_PLACEMENT_3D('',#7533,#7534,#7535);
#7533 = CARTESIAN_POINT('',(-0.32,-2.86,-3.));
#7534 = DIRECTION('',(0.,1.,0.));
#7535 = DIRECTION('',(0.,-0.,1.));
#7536 = ADVANCED_FACE('',(#7537),#7555,.T.);
#7537 = FACE_BOUND('',#7538,.T.);
#7538 = EDGE_LOOP('',(#7539,#7540,#7548,#7554));
#7539 = ORIENTED_EDGE('',*,*,#7509,.F.);
#7540 = ORIENTED_EDGE('',*,*,#7541,.T.);
#7541 = EDGE_CURVE('',#7510,#7542,#7544,.T.);
#7542 = VERTEX_POINT('',#7543);
#7543 = CARTESIAN_POINT('',(0.32,-2.22,-2.84));
#7544 = LINE('',#7545,#7546);
#7545 = CARTESIAN_POINT('',(0.32,-2.86,-2.84));
#7546 = VECTOR('',#7547,1.);
#7547 = DIRECTION('',(0.,1.,0.));
#7548 = ORIENTED_EDGE('',*,*,#7549,.T.);
#7549 = EDGE_CURVE('',#7542,#7045,#7550,.T.);
#7550 = LINE('',#7551,#7552);
#7551 = CARTESIAN_POINT('',(0.32,-2.22,-3.));
#7552 = VECTOR('',#7553,1.);
#7553 = DIRECTION('',(0.,0.,1.));
#7554 = ORIENTED_EDGE('',*,*,#7052,.F.);
#7555 = PLANE('',#7556);
#7556 = AXIS2_PLACEMENT_3D('',#7557,#7558,#7559);
#7557 = CARTESIAN_POINT('',(0.32,-2.86,-3.));
#7558 = DIRECTION('',(1.,0.,0.));
#7559 = DIRECTION('',(0.,0.,1.));
#7560 = ADVANCED_FACE('',(#7561),#7579,.T.);
#7561 = FACE_BOUND('',#7562,.T.);
#7562 = EDGE_LOOP('',(#7563,#7564,#7572,#7578));
#7563 = ORIENTED_EDGE('',*,*,#7549,.F.);
#7564 = ORIENTED_EDGE('',*,*,#7565,.F.);
#7565 = EDGE_CURVE('',#7566,#7542,#7568,.T.);
#7566 = VERTEX_POINT('',#7567);
#7567 = CARTESIAN_POINT('',(-0.32,-2.22,-2.84));
#7568 = LINE('',#7569,#7570);
#7569 = CARTESIAN_POINT('',(-0.32,-2.22,-2.84));
#7570 = VECTOR('',#7571,1.);
#7571 = DIRECTION('',(1.,0.,0.));
#7572 = ORIENTED_EDGE('',*,*,#7573,.T.);
#7573 = EDGE_CURVE('',#7566,#7037,#7574,.T.);
#7574 = LINE('',#7575,#7576);
#7575 = CARTESIAN_POINT('',(-0.32,-2.22,-3.));
#7576 = VECTOR('',#7577,1.);
#7577 = DIRECTION('',(0.,0.,1.));
#7578 = ORIENTED_EDGE('',*,*,#7044,.F.);
#7579 = PLANE('',#7580);
#7580 = AXIS2_PLACEMENT_3D('',#7581,#7582,#7583);
#7581 = CARTESIAN_POINT('',(-0.32,-2.22,-3.));
#7582 = DIRECTION('',(0.,1.,0.));
#7583 = DIRECTION('',(0.,-0.,1.));
#7584 = ADVANCED_FACE('',(#7585),#7596,.F.);
#7585 = FACE_BOUND('',#7586,.F.);
#7586 = EDGE_LOOP('',(#7587,#7588,#7594,#7595));
#7587 = ORIENTED_EDGE('',*,*,#7525,.F.);
#7588 = ORIENTED_EDGE('',*,*,#7589,.T.);
#7589 = EDGE_CURVE('',#7518,#7566,#7590,.T.);
#7590 = LINE('',#7591,#7592);
#7591 = CARTESIAN_POINT('',(-0.32,-2.86,-2.84));
#7592 = VECTOR('',#7593,1.);
#7593 = DIRECTION('',(0.,1.,0.));
#7594 = ORIENTED_EDGE('',*,*,#7573,.T.);
#7595 = ORIENTED_EDGE('',*,*,#7036,.F.);
#7596 = PLANE('',#7597);
#7597 = AXIS2_PLACEMENT_3D('',#7598,#7599,#7600);
#7598 = CARTESIAN_POINT('',(-0.32,-2.86,-3.));
#7599 = DIRECTION('',(1.,0.,0.));
#7600 = DIRECTION('',(0.,0.,1.));
#7601 = ADVANCED_FACE('',(#7602),#7627,.F.);
#7602 = FACE_BOUND('',#7603,.F.);
#7603 = EDGE_LOOP('',(#7604,#7612,#7613,#7621));
#7604 = ORIENTED_EDGE('',*,*,#7605,.F.);
#7605 = EDGE_CURVE('',#7158,#7606,#7608,.T.);
#7606 = VERTEX_POINT('',#7607);
#7607 = CARTESIAN_POINT('',(0.32,-0.32,8.38));
#7608 = LINE('',#7609,#7610);
#7609 = CARTESIAN_POINT('',(0.32,-0.32,-3.));
#7610 = VECTOR('',#7611,1.);
#7611 = DIRECTION('',(0.,0.,1.));
#7612 = ORIENTED_EDGE('',*,*,#7157,.T.);
#7613 = ORIENTED_EDGE('',*,*,#7614,.T.);
#7614 = EDGE_CURVE('',#7160,#7615,#7617,.T.);
#7615 = VERTEX_POINT('',#7616);
#7616 = CARTESIAN_POINT('',(-0.32,-0.32,8.38));
#7617 = LINE('',#7618,#7619);
#7618 = CARTESIAN_POINT('',(-0.32,-0.32,-3.));
#7619 = VECTOR('',#7620,1.);
#7620 = DIRECTION('',(0.,0.,1.));
#7621 = ORIENTED_EDGE('',*,*,#7622,.T.);
#7622 = EDGE_CURVE('',#7615,#7606,#7623,.T.);
#7623 = LINE('',#7624,#7625);
#7624 = CARTESIAN_POINT('',(-0.32,-0.32,8.38));
#7625 = VECTOR('',#7626,1.);
#7626 = DIRECTION('',(1.,0.,0.));
#7627 = PLANE('',#7628);
#7628 = AXIS2_PLACEMENT_3D('',#7629,#7630,#7631);
#7629 = CARTESIAN_POINT('',(-0.32,-0.32,-3.));
#7630 = DIRECTION('',(0.,1.,0.));
#7631 = DIRECTION('',(0.,-0.,1.));
#7632 = ADVANCED_FACE('',(#7633),#7651,.T.);
#7633 = FACE_BOUND('',#7634,.T.);
#7634 = EDGE_LOOP('',(#7635,#7636,#7637,#7645));
#7635 = ORIENTED_EDGE('',*,*,#7605,.F.);
#7636 = ORIENTED_EDGE('',*,*,#7183,.T.);
#7637 = ORIENTED_EDGE('',*,*,#7638,.T.);
#7638 = EDGE_CURVE('',#7176,#7639,#7641,.T.);
#7639 = VERTEX_POINT('',#7640);
#7640 = CARTESIAN_POINT('',(0.32,0.32,8.38));
#7641 = LINE('',#7642,#7643);
#7642 = CARTESIAN_POINT('',(0.32,0.32,-3.));
#7643 = VECTOR('',#7644,1.);
#7644 = DIRECTION('',(0.,0.,1.));
#7645 = ORIENTED_EDGE('',*,*,#7646,.F.);
#7646 = EDGE_CURVE('',#7606,#7639,#7647,.T.);
#7647 = LINE('',#7648,#7649);
#7648 = CARTESIAN_POINT('',(0.32,-0.32,8.38));
#7649 = VECTOR('',#7650,1.);
#7650 = DIRECTION('',(0.,1.,0.));
#7651 = PLANE('',#7652);
#7652 = AXIS2_PLACEMENT_3D('',#7653,#7654,#7655);
#7653 = CARTESIAN_POINT('',(0.32,-0.32,-3.));
#7654 = DIRECTION('',(1.,0.,0.));
#7655 = DIRECTION('',(0.,0.,1.));
#7656 = ADVANCED_FACE('',(#7657),#7675,.T.);
#7657 = FACE_BOUND('',#7658,.T.);
#7658 = EDGE_LOOP('',(#7659,#7660,#7661,#7669));
#7659 = ORIENTED_EDGE('',*,*,#7638,.F.);
#7660 = ORIENTED_EDGE('',*,*,#7175,.T.);
#7661 = ORIENTED_EDGE('',*,*,#7662,.T.);
#7662 = EDGE_CURVE('',#7168,#7663,#7665,.T.);
#7663 = VERTEX_POINT('',#7664);
#7664 = CARTESIAN_POINT('',(-0.32,0.32,8.38));
#7665 = LINE('',#7666,#7667);
#7666 = CARTESIAN_POINT('',(-0.32,0.32,-3.));
#7667 = VECTOR('',#7668,1.);
#7668 = DIRECTION('',(0.,0.,1.));
#7669 = ORIENTED_EDGE('',*,*,#7670,.T.);
#7670 = EDGE_CURVE('',#7663,#7639,#7671,.T.);
#7671 = LINE('',#7672,#7673);
#7672 = CARTESIAN_POINT('',(-0.32,0.32,8.38));
#7673 = VECTOR('',#7674,1.);
#7674 = DIRECTION('',(1.,0.,0.));
#7675 = PLANE('',#7676);
#7676 = AXIS2_PLACEMENT_3D('',#7677,#7678,#7679);
#7677 = CARTESIAN_POINT('',(-0.32,0.32,-3.));
#7678 = DIRECTION('',(0.,1.,0.));
#7679 = DIRECTION('',(0.,-0.,1.));
#7680 = ADVANCED_FACE('',(#7681),#7692,.F.);
#7681 = FACE_BOUND('',#7682,.F.);
#7682 = EDGE_LOOP('',(#7683,#7684,#7685,#7686));
#7683 = ORIENTED_EDGE('',*,*,#7614,.F.);
#7684 = ORIENTED_EDGE('',*,*,#7167,.T.);
#7685 = ORIENTED_EDGE('',*,*,#7662,.T.);
#7686 = ORIENTED_EDGE('',*,*,#7687,.F.);
#7687 = EDGE_CURVE('',#7615,#7663,#7688,.T.);
#7688 = LINE('',#7689,#7690);
#7689 = CARTESIAN_POINT('',(-0.32,-0.32,8.38));
#7690 = VECTOR('',#7691,1.);
#7691 = DIRECTION('',(0.,1.,0.));
#7692 = PLANE('',#7693);
#7693 = AXIS2_PLACEMENT_3D('',#7694,#7695,#7696);
#7694 = CARTESIAN_POINT('',(-0.32,-0.32,-3.));
#7695 = DIRECTION('',(1.,0.,0.));
#7696 = DIRECTION('',(0.,0.,1.));
#7697 = ADVANCED_FACE('',(#7698),#7723,.F.);
#7698 = FACE_BOUND('',#7699,.F.);
#7699 = EDGE_LOOP('',(#7700,#7708,#7709,#7717));
#7700 = ORIENTED_EDGE('',*,*,#7701,.F.);
#7701 = EDGE_CURVE('',#7192,#7702,#7704,.T.);
#7702 = VERTEX_POINT('',#7703);
#7703 = CARTESIAN_POINT('',(0.32,-2.86,8.38));
#7704 = LINE('',#7705,#7706);
#7705 = CARTESIAN_POINT('',(0.32,-2.86,-3.));
#7706 = VECTOR('',#7707,1.);
#7707 = DIRECTION('',(0.,0.,1.));
#7708 = ORIENTED_EDGE('',*,*,#7191,.T.);
#7709 = ORIENTED_EDGE('',*,*,#7710,.T.);
#7710 = EDGE_CURVE('',#7194,#7711,#7713,.T.);
#7711 = VERTEX_POINT('',#7712);
#7712 = CARTESIAN_POINT('',(-0.32,-2.86,8.38));
#7713 = LINE('',#7714,#7715);
#7714 = CARTESIAN_POINT('',(-0.32,-2.86,-3.));
#7715 = VECTOR('',#7716,1.);
#7716 = DIRECTION('',(0.,0.,1.));
#7717 = ORIENTED_EDGE('',*,*,#7718,.T.);
#7718 = EDGE_CURVE('',#7711,#7702,#7719,.T.);
#7719 = LINE('',#7720,#7721);
#7720 = CARTESIAN_POINT('',(-0.32,-2.86,8.38));
#7721 = VECTOR('',#7722,1.);
#7722 = DIRECTION('',(1.,0.,0.));
#7723 = PLANE('',#7724);
#7724 = AXIS2_PLACEMENT_3D('',#7725,#7726,#7727);
#7725 = CARTESIAN_POINT('',(-0.32,-2.86,-3.));
#7726 = DIRECTION('',(0.,1.,0.));
#7727 = DIRECTION('',(0.,-0.,1.));
#7728 = ADVANCED_FACE('',(#7729),#7747,.T.);
#7729 = FACE_BOUND('',#7730,.T.);
#7730 = EDGE_LOOP('',(#7731,#7732,#7733,#7741));
#7731 = ORIENTED_EDGE('',*,*,#7701,.F.);
#7732 = ORIENTED_EDGE('',*,*,#7217,.T.);
#7733 = ORIENTED_EDGE('',*,*,#7734,.T.);
#7734 = EDGE_CURVE('',#7210,#7735,#7737,.T.);
#7735 = VERTEX_POINT('',#7736);
#7736 = CARTESIAN_POINT('',(0.32,-2.22,8.38));
#7737 = LINE('',#7738,#7739);
#7738 = CARTESIAN_POINT('',(0.32,-2.22,-3.));
#7739 = VECTOR('',#7740,1.);
#7740 = DIRECTION('',(0.,0.,1.));
#7741 = ORIENTED_EDGE('',*,*,#7742,.F.);
#7742 = EDGE_CURVE('',#7702,#7735,#7743,.T.);
#7743 = LINE('',#7744,#7745);
#7744 = CARTESIAN_POINT('',(0.32,-2.86,8.38));
#7745 = VECTOR('',#7746,1.);
#7746 = DIRECTION('',(0.,1.,0.));
#7747 = PLANE('',#7748);
#7748 = AXIS2_PLACEMENT_3D('',#7749,#7750,#7751);
#7749 = CARTESIAN_POINT('',(0.32,-2.86,-3.));
#7750 = DIRECTION('',(1.,0.,0.));
#7751 = DIRECTION('',(0.,0.,1.));
#7752 = ADVANCED_FACE('',(#7753),#7771,.T.);
#7753 = FACE_BOUND('',#7754,.T.);
#7754 = EDGE_LOOP('',(#7755,#7756,#7757,#7765));
#7755 = ORIENTED_EDGE('',*,*,#7734,.F.);
#7756 = ORIENTED_EDGE('',*,*,#7209,.T.);
#7757 = ORIENTED_EDGE('',*,*,#7758,.T.);
#7758 = EDGE_CURVE('',#7202,#7759,#7761,.T.);
#7759 = VERTEX_POINT('',#7760);
#7760 = CARTESIAN_POINT('',(-0.32,-2.22,8.38));
#7761 = LINE('',#7762,#7763);
#7762 = CARTESIAN_POINT('',(-0.32,-2.22,-3.));
#7763 = VECTOR('',#7764,1.);
#7764 = DIRECTION('',(0.,0.,1.));
#7765 = ORIENTED_EDGE('',*,*,#7766,.T.);
#7766 = EDGE_CURVE('',#7759,#7735,#7767,.T.);
#7767 = LINE('',#7768,#7769);
#7768 = CARTESIAN_POINT('',(-0.32,-2.22,8.38));
#7769 = VECTOR('',#7770,1.);
#7770 = DIRECTION('',(1.,0.,0.));
#7771 = PLANE('',#7772);
#7772 = AXIS2_PLACEMENT_3D('',#7773,#7774,#7775);
#7773 = CARTESIAN_POINT('',(-0.32,-2.22,-3.));
#7774 = DIRECTION('',(0.,1.,0.));
#7775 = DIRECTION('',(0.,-0.,1.));
#7776 = ADVANCED_FACE('',(#7777),#7788,.F.);
#7777 = FACE_BOUND('',#7778,.F.);
#7778 = EDGE_LOOP('',(#7779,#7780,#7781,#7782));
#7779 = ORIENTED_EDGE('',*,*,#7710,.F.);
#7780 = ORIENTED_EDGE('',*,*,#7201,.T.);
#7781 = ORIENTED_EDGE('',*,*,#7758,.T.);
#7782 = ORIENTED_EDGE('',*,*,#7783,.F.);
#7783 = EDGE_CURVE('',#7711,#7759,#7784,.T.);
#7784 = LINE('',#7785,#7786);
#7785 = CARTESIAN_POINT('',(-0.32,-2.86,8.38));
#7786 = VECTOR('',#7787,1.);
#7787 = DIRECTION('',(0.,1.,0.));
#7788 = PLANE('',#7789);
#7789 = AXIS2_PLACEMENT_3D('',#7790,#7791,#7792);
#7790 = CARTESIAN_POINT('',(-0.32,-2.86,-3.));
#7791 = DIRECTION('',(1.,0.,0.));
#7792 = DIRECTION('',(0.,0.,1.));
#7793 = ADVANCED_FACE('',(#7794),#7819,.T.);
#7794 = FACE_BOUND('',#7795,.F.);
#7795 = EDGE_LOOP('',(#7796,#7804,#7805,#7813));
#7796 = ORIENTED_EDGE('',*,*,#7797,.F.);
#7797 = EDGE_CURVE('',#7422,#7798,#7800,.T.);
#7798 = VERTEX_POINT('',#7799);
#7799 = CARTESIAN_POINT('',(-0.16,-0.16,-3.));
#7800 = LINE('',#7801,#7802);
#7801 = CARTESIAN_POINT('',(-0.266666666667,-0.266666666667,
    -2.893333333333));
#7802 = VECTOR('',#7803,1.);
#7803 = DIRECTION('',(0.57735026919,0.57735026919,-0.57735026919));
#7804 = ORIENTED_EDGE('',*,*,#7421,.T.);
#7805 = ORIENTED_EDGE('',*,*,#7806,.T.);
#7806 = EDGE_CURVE('',#7414,#7807,#7809,.T.);
#7807 = VERTEX_POINT('',#7808);
#7808 = CARTESIAN_POINT('',(0.16,-0.16,-3.));
#7809 = LINE('',#7810,#7811);
#7810 = CARTESIAN_POINT('',(0.16,-0.16,-3.));
#7811 = VECTOR('',#7812,1.);
#7812 = DIRECTION('',(-0.57735026919,0.57735026919,-0.57735026919));
#7813 = ORIENTED_EDGE('',*,*,#7814,.F.);
#7814 = EDGE_CURVE('',#7798,#7807,#7815,.T.);
#7815 = LINE('',#7816,#7817);
#7816 = CARTESIAN_POINT('',(-0.32,-0.16,-3.));
#7817 = VECTOR('',#7818,1.);
#7818 = DIRECTION('',(1.,0.,0.));
#7819 = PLANE('',#7820);
#7820 = AXIS2_PLACEMENT_3D('',#7821,#7822,#7823);
#7821 = CARTESIAN_POINT('',(-0.32,-0.24,-2.92));
#7822 = DIRECTION('',(1.735167508357E-18,-0.707106781187,-0.707106781187
    ));
#7823 = DIRECTION('',(-1.,-1.226948711654E-18,-1.226948711654E-18));
#7824 = ADVANCED_FACE('',(#7825),#7843,.F.);
#7825 = FACE_BOUND('',#7826,.F.);
#7826 = EDGE_LOOP('',(#7827,#7828,#7829,#7837));
#7827 = ORIENTED_EDGE('',*,*,#7806,.F.);
#7828 = ORIENTED_EDGE('',*,*,#7445,.T.);
#7829 = ORIENTED_EDGE('',*,*,#7830,.T.);
#7830 = EDGE_CURVE('',#7446,#7831,#7833,.T.);
#7831 = VERTEX_POINT('',#7832);
#7832 = CARTESIAN_POINT('',(0.16,0.16,-3.));
#7833 = LINE('',#7834,#7835);
#7834 = CARTESIAN_POINT('',(5.333333333333E-02,5.333333333333E-02,
    -3.106666666667));
#7835 = VECTOR('',#7836,1.);
#7836 = DIRECTION('',(-0.57735026919,-0.57735026919,-0.57735026919));
#7837 = ORIENTED_EDGE('',*,*,#7838,.F.);
#7838 = EDGE_CURVE('',#7807,#7831,#7839,.T.);
#7839 = LINE('',#7840,#7841);
#7840 = CARTESIAN_POINT('',(0.16,-0.32,-3.));
#7841 = VECTOR('',#7842,1.);
#7842 = DIRECTION('',(0.,1.,0.));
#7843 = PLANE('',#7844);
#7844 = AXIS2_PLACEMENT_3D('',#7845,#7846,#7847);
#7845 = CARTESIAN_POINT('',(0.24,-0.32,-2.92));
#7846 = DIRECTION('',(-0.707106781187,1.735167508357E-18,0.707106781187)
  );
#7847 = DIRECTION('',(1.226948711654E-18,1.,-1.226948711654E-18));
#7848 = ADVANCED_FACE('',(#7849),#7867,.F.);
#7849 = FACE_BOUND('',#7850,.T.);
#7850 = EDGE_LOOP('',(#7851,#7859,#7860,#7861));
#7851 = ORIENTED_EDGE('',*,*,#7852,.F.);
#7852 = EDGE_CURVE('',#7470,#7853,#7855,.T.);
#7853 = VERTEX_POINT('',#7854);
#7854 = CARTESIAN_POINT('',(-0.16,0.16,-3.));
#7855 = LINE('',#7856,#7857);
#7856 = CARTESIAN_POINT('',(-0.16,0.16,-3.));
#7857 = VECTOR('',#7858,1.);
#7858 = DIRECTION('',(0.57735026919,-0.57735026919,-0.57735026919));
#7859 = ORIENTED_EDGE('',*,*,#7469,.T.);
#7860 = ORIENTED_EDGE('',*,*,#7830,.T.);
#7861 = ORIENTED_EDGE('',*,*,#7862,.F.);
#7862 = EDGE_CURVE('',#7853,#7831,#7863,.T.);
#7863 = LINE('',#7864,#7865);
#7864 = CARTESIAN_POINT('',(-0.32,0.16,-3.));
#7865 = VECTOR('',#7866,1.);
#7866 = DIRECTION('',(1.,0.,0.));
#7867 = PLANE('',#7868);
#7868 = AXIS2_PLACEMENT_3D('',#7869,#7870,#7871);
#7869 = CARTESIAN_POINT('',(-0.32,0.24,-2.92));
#7870 = DIRECTION('',(-1.735167508357E-18,-0.707106781187,0.707106781187
    ));
#7871 = DIRECTION('',(-1.,1.226948711654E-18,-1.226948711654E-18));
#7872 = ADVANCED_FACE('',(#7873),#7884,.T.);
#7873 = FACE_BOUND('',#7874,.T.);
#7874 = EDGE_LOOP('',(#7875,#7876,#7877,#7878));
#7875 = ORIENTED_EDGE('',*,*,#7797,.F.);
#7876 = ORIENTED_EDGE('',*,*,#7493,.T.);
#7877 = ORIENTED_EDGE('',*,*,#7852,.T.);
#7878 = ORIENTED_EDGE('',*,*,#7879,.F.);
#7879 = EDGE_CURVE('',#7798,#7853,#7880,.T.);
#7880 = LINE('',#7881,#7882);
#7881 = CARTESIAN_POINT('',(-0.16,-0.32,-3.));
#7882 = VECTOR('',#7883,1.);
#7883 = DIRECTION('',(0.,1.,0.));
#7884 = PLANE('',#7885);
#7885 = AXIS2_PLACEMENT_3D('',#7886,#7887,#7888);
#7886 = CARTESIAN_POINT('',(-0.24,-0.32,-2.92));
#7887 = DIRECTION('',(-0.707106781187,-1.735167508357E-18,
    -0.707106781187));
#7888 = DIRECTION('',(-1.226948711654E-18,1.,-1.226948711654E-18));
#7889 = ADVANCED_FACE('',(#7890),#7915,.T.);
#7890 = FACE_BOUND('',#7891,.F.);
#7891 = EDGE_LOOP('',(#7892,#7900,#7901,#7909));
#7892 = ORIENTED_EDGE('',*,*,#7893,.F.);
#7893 = EDGE_CURVE('',#7518,#7894,#7896,.T.);
#7894 = VERTEX_POINT('',#7895);
#7895 = CARTESIAN_POINT('',(-0.16,-2.7,-3.));
#7896 = LINE('',#7897,#7898);
#7897 = CARTESIAN_POINT('',(-0.266666666667,-2.806666666667,
    -2.893333333333));
#7898 = VECTOR('',#7899,1.);
#7899 = DIRECTION('',(0.57735026919,0.57735026919,-0.57735026919));
#7900 = ORIENTED_EDGE('',*,*,#7517,.T.);
#7901 = ORIENTED_EDGE('',*,*,#7902,.T.);
#7902 = EDGE_CURVE('',#7510,#7903,#7905,.T.);
#7903 = VERTEX_POINT('',#7904);
#7904 = CARTESIAN_POINT('',(0.16,-2.7,-3.));
#7905 = LINE('',#7906,#7907);
#7906 = CARTESIAN_POINT('',(0.16,-2.7,-3.));
#7907 = VECTOR('',#7908,1.);
#7908 = DIRECTION('',(-0.57735026919,0.57735026919,-0.57735026919));
#7909 = ORIENTED_EDGE('',*,*,#7910,.F.);
#7910 = EDGE_CURVE('',#7894,#7903,#7911,.T.);
#7911 = LINE('',#7912,#7913);
#7912 = CARTESIAN_POINT('',(-0.32,-2.7,-3.));
#7913 = VECTOR('',#7914,1.);
#7914 = DIRECTION('',(1.,0.,0.));
#7915 = PLANE('',#7916);
#7916 = AXIS2_PLACEMENT_3D('',#7917,#7918,#7919);
#7917 = CARTESIAN_POINT('',(-0.32,-2.78,-2.92));
#7918 = DIRECTION('',(1.735167508357E-18,-0.707106781187,-0.707106781187
    ));
#7919 = DIRECTION('',(-1.,-1.226948711654E-18,-1.226948711654E-18));
#7920 = ADVANCED_FACE('',(#7921),#7939,.F.);
#7921 = FACE_BOUND('',#7922,.F.);
#7922 = EDGE_LOOP('',(#7923,#7924,#7925,#7933));
#7923 = ORIENTED_EDGE('',*,*,#7902,.F.);
#7924 = ORIENTED_EDGE('',*,*,#7541,.T.);
#7925 = ORIENTED_EDGE('',*,*,#7926,.T.);
#7926 = EDGE_CURVE('',#7542,#7927,#7929,.T.);
#7927 = VERTEX_POINT('',#7928);
#7928 = CARTESIAN_POINT('',(0.16,-2.38,-3.));
#7929 = LINE('',#7930,#7931);
#7930 = CARTESIAN_POINT('',(5.333333333333E-02,-2.486666666667,
    -3.106666666667));
#7931 = VECTOR('',#7932,1.);
#7932 = DIRECTION('',(-0.57735026919,-0.57735026919,-0.57735026919));
#7933 = ORIENTED_EDGE('',*,*,#7934,.F.);
#7934 = EDGE_CURVE('',#7903,#7927,#7935,.T.);
#7935 = LINE('',#7936,#7937);
#7936 = CARTESIAN_POINT('',(0.16,-2.86,-3.));
#7937 = VECTOR('',#7938,1.);
#7938 = DIRECTION('',(0.,1.,0.));
#7939 = PLANE('',#7940);
#7940 = AXIS2_PLACEMENT_3D('',#7941,#7942,#7943);
#7941 = CARTESIAN_POINT('',(0.24,-2.86,-2.92));
#7942 = DIRECTION('',(-0.707106781187,1.735167508357E-18,0.707106781187)
  );
#7943 = DIRECTION('',(1.226948711654E-18,1.,-1.226948711654E-18));
#7944 = ADVANCED_FACE('',(#7945),#7963,.F.);
#7945 = FACE_BOUND('',#7946,.T.);
#7946 = EDGE_LOOP('',(#7947,#7955,#7956,#7957));
#7947 = ORIENTED_EDGE('',*,*,#7948,.F.);
#7948 = EDGE_CURVE('',#7566,#7949,#7951,.T.);
#7949 = VERTEX_POINT('',#7950);
#7950 = CARTESIAN_POINT('',(-0.16,-2.38,-3.));
#7951 = LINE('',#7952,#7953);
#7952 = CARTESIAN_POINT('',(-0.16,-2.38,-3.));
#7953 = VECTOR('',#7954,1.);
#7954 = DIRECTION('',(0.57735026919,-0.57735026919,-0.57735026919));
#7955 = ORIENTED_EDGE('',*,*,#7565,.T.);
#7956 = ORIENTED_EDGE('',*,*,#7926,.T.);
#7957 = ORIENTED_EDGE('',*,*,#7958,.F.);
#7958 = EDGE_CURVE('',#7949,#7927,#7959,.T.);
#7959 = LINE('',#7960,#7961);
#7960 = CARTESIAN_POINT('',(-0.32,-2.38,-3.));
#7961 = VECTOR('',#7962,1.);
#7962 = DIRECTION('',(1.,0.,0.));
#7963 = PLANE('',#7964);
#7964 = AXIS2_PLACEMENT_3D('',#7965,#7966,#7967);
#7965 = CARTESIAN_POINT('',(-0.32,-2.3,-2.92));
#7966 = DIRECTION('',(-1.735167508357E-18,-0.707106781187,0.707106781187
    ));
#7967 = DIRECTION('',(-1.,1.226948711654E-18,-1.226948711654E-18));
#7968 = ADVANCED_FACE('',(#7969),#7980,.T.);
#7969 = FACE_BOUND('',#7970,.T.);
#7970 = EDGE_LOOP('',(#7971,#7972,#7973,#7974));
#7971 = ORIENTED_EDGE('',*,*,#7893,.F.);
#7972 = ORIENTED_EDGE('',*,*,#7589,.T.);
#7973 = ORIENTED_EDGE('',*,*,#7948,.T.);
#7974 = ORIENTED_EDGE('',*,*,#7975,.F.);
#7975 = EDGE_CURVE('',#7894,#7949,#7976,.T.);
#7976 = LINE('',#7977,#7978);
#7977 = CARTESIAN_POINT('',(-0.16,-2.86,-3.));
#7978 = VECTOR('',#7979,1.);
#7979 = DIRECTION('',(0.,1.,0.));
#7980 = PLANE('',#7981);
#7981 = AXIS2_PLACEMENT_3D('',#7982,#7983,#7984);
#7982 = CARTESIAN_POINT('',(-0.24,-2.86,-2.92));
#7983 = DIRECTION('',(-0.707106781187,-1.735167508357E-18,
    -0.707106781187));
#7984 = DIRECTION('',(-1.226948711654E-18,1.,-1.226948711654E-18));
#7985 = ADVANCED_FACE('',(#7986),#8011,.F.);
#7986 = FACE_BOUND('',#7987,.T.);
#7987 = EDGE_LOOP('',(#7988,#7996,#7997,#8005));
#7988 = ORIENTED_EDGE('',*,*,#7989,.F.);
#7989 = EDGE_CURVE('',#7615,#7990,#7992,.T.);
#7990 = VERTEX_POINT('',#7991);
#7991 = CARTESIAN_POINT('',(-0.16,-0.16,8.54));
#7992 = LINE('',#7993,#7994);
#7993 = CARTESIAN_POINT('',(-0.266666666667,-0.266666666667,
    8.433333333333));
#7994 = VECTOR('',#7995,1.);
#7995 = DIRECTION('',(0.57735026919,0.57735026919,0.57735026919));
#7996 = ORIENTED_EDGE('',*,*,#7622,.T.);
#7997 = ORIENTED_EDGE('',*,*,#7998,.T.);
#7998 = EDGE_CURVE('',#7606,#7999,#8001,.T.);
#7999 = VERTEX_POINT('',#8000);
#8000 = CARTESIAN_POINT('',(0.16,-0.16,8.54));
#8001 = LINE('',#8002,#8003);
#8002 = CARTESIAN_POINT('',(0.16,-0.16,8.54));
#8003 = VECTOR('',#8004,1.);
#8004 = DIRECTION('',(-0.57735026919,0.57735026919,0.57735026919));
#8005 = ORIENTED_EDGE('',*,*,#8006,.F.);
#8006 = EDGE_CURVE('',#7990,#7999,#8007,.T.);
#8007 = LINE('',#8008,#8009);
#8008 = CARTESIAN_POINT('',(-0.32,-0.16,8.54));
#8009 = VECTOR('',#8010,1.);
#8010 = DIRECTION('',(1.,0.,0.));
#8011 = PLANE('',#8012);
#8012 = AXIS2_PLACEMENT_3D('',#8013,#8014,#8015);
#8013 = CARTESIAN_POINT('',(-0.32,-0.24,8.46));
#8014 = DIRECTION('',(-1.735167508357E-18,0.707106781187,-0.707106781187
    ));
#8015 = DIRECTION('',(-1.,-1.226948711654E-18,1.226948711654E-18));
#8016 = ADVANCED_FACE('',(#8017),#8035,.T.);
#8017 = FACE_BOUND('',#8018,.T.);
#8018 = EDGE_LOOP('',(#8019,#8020,#8021,#8029));
#8019 = ORIENTED_EDGE('',*,*,#7998,.F.);
#8020 = ORIENTED_EDGE('',*,*,#7646,.T.);
#8021 = ORIENTED_EDGE('',*,*,#8022,.T.);
#8022 = EDGE_CURVE('',#7639,#8023,#8025,.T.);
#8023 = VERTEX_POINT('',#8024);
#8024 = CARTESIAN_POINT('',(0.16,0.16,8.54));
#8025 = LINE('',#8026,#8027);
#8026 = CARTESIAN_POINT('',(5.333333333333E-02,5.333333333333E-02,
    8.646666666667));
#8027 = VECTOR('',#8028,1.);
#8028 = DIRECTION('',(-0.57735026919,-0.57735026919,0.57735026919));
#8029 = ORIENTED_EDGE('',*,*,#8030,.F.);
#8030 = EDGE_CURVE('',#7999,#8023,#8031,.T.);
#8031 = LINE('',#8032,#8033);
#8032 = CARTESIAN_POINT('',(0.16,-0.32,8.54));
#8033 = VECTOR('',#8034,1.);
#8034 = DIRECTION('',(0.,1.,0.));
#8035 = PLANE('',#8036);
#8036 = AXIS2_PLACEMENT_3D('',#8037,#8038,#8039);
#8037 = CARTESIAN_POINT('',(0.24,-0.32,8.46));
#8038 = DIRECTION('',(0.707106781187,-1.735167508357E-18,0.707106781187)
  );
#8039 = DIRECTION('',(1.226948711654E-18,1.,1.226948711654E-18));
#8040 = ADVANCED_FACE('',(#8041),#8059,.T.);
#8041 = FACE_BOUND('',#8042,.F.);
#8042 = EDGE_LOOP('',(#8043,#8051,#8052,#8053));
#8043 = ORIENTED_EDGE('',*,*,#8044,.F.);
#8044 = EDGE_CURVE('',#7663,#8045,#8047,.T.);
#8045 = VERTEX_POINT('',#8046);
#8046 = CARTESIAN_POINT('',(-0.16,0.16,8.54));
#8047 = LINE('',#8048,#8049);
#8048 = CARTESIAN_POINT('',(-0.16,0.16,8.54));
#8049 = VECTOR('',#8050,1.);
#8050 = DIRECTION('',(0.57735026919,-0.57735026919,0.57735026919));
#8051 = ORIENTED_EDGE('',*,*,#7670,.T.);
#8052 = ORIENTED_EDGE('',*,*,#8022,.T.);
#8053 = ORIENTED_EDGE('',*,*,#8054,.F.);
#8054 = EDGE_CURVE('',#8045,#8023,#8055,.T.);
#8055 = LINE('',#8056,#8057);
#8056 = CARTESIAN_POINT('',(-0.32,0.16,8.54));
#8057 = VECTOR('',#8058,1.);
#8058 = DIRECTION('',(1.,0.,0.));
#8059 = PLANE('',#8060);
#8060 = AXIS2_PLACEMENT_3D('',#8061,#8062,#8063);
#8061 = CARTESIAN_POINT('',(-0.32,0.24,8.46));
#8062 = DIRECTION('',(1.735167508357E-18,0.707106781187,0.707106781187)
  );
#8063 = DIRECTION('',(-1.,1.226948711654E-18,1.226948711654E-18));
#8064 = ADVANCED_FACE('',(#8065),#8076,.F.);
#8065 = FACE_BOUND('',#8066,.F.);
#8066 = EDGE_LOOP('',(#8067,#8068,#8069,#8070));
#8067 = ORIENTED_EDGE('',*,*,#7989,.F.);
#8068 = ORIENTED_EDGE('',*,*,#7687,.T.);
#8069 = ORIENTED_EDGE('',*,*,#8044,.T.);
#8070 = ORIENTED_EDGE('',*,*,#8071,.F.);
#8071 = EDGE_CURVE('',#7990,#8045,#8072,.T.);
#8072 = LINE('',#8073,#8074);
#8073 = CARTESIAN_POINT('',(-0.16,-0.32,8.54));
#8074 = VECTOR('',#8075,1.);
#8075 = DIRECTION('',(0.,1.,0.));
#8076 = PLANE('',#8077);
#8077 = AXIS2_PLACEMENT_3D('',#8078,#8079,#8080);
#8078 = CARTESIAN_POINT('',(-0.24,-0.32,8.46));
#8079 = DIRECTION('',(0.707106781187,1.735167508357E-18,-0.707106781187)
  );
#8080 = DIRECTION('',(-1.226948711654E-18,1.,1.226948711654E-18));
#8081 = ADVANCED_FACE('',(#8082),#8107,.F.);
#8082 = FACE_BOUND('',#8083,.T.);
#8083 = EDGE_LOOP('',(#8084,#8092,#8093,#8101));
#8084 = ORIENTED_EDGE('',*,*,#8085,.F.);
#8085 = EDGE_CURVE('',#7711,#8086,#8088,.T.);
#8086 = VERTEX_POINT('',#8087);
#8087 = CARTESIAN_POINT('',(-0.16,-2.7,8.54));
#8088 = LINE('',#8089,#8090);
#8089 = CARTESIAN_POINT('',(-0.266666666667,-2.806666666667,
    8.433333333333));
#8090 = VECTOR('',#8091,1.);
#8091 = DIRECTION('',(0.57735026919,0.57735026919,0.57735026919));
#8092 = ORIENTED_EDGE('',*,*,#7718,.T.);
#8093 = ORIENTED_EDGE('',*,*,#8094,.T.);
#8094 = EDGE_CURVE('',#7702,#8095,#8097,.T.);
#8095 = VERTEX_POINT('',#8096);
#8096 = CARTESIAN_POINT('',(0.16,-2.7,8.54));
#8097 = LINE('',#8098,#8099);
#8098 = CARTESIAN_POINT('',(0.16,-2.7,8.54));
#8099 = VECTOR('',#8100,1.);
#8100 = DIRECTION('',(-0.57735026919,0.57735026919,0.57735026919));
#8101 = ORIENTED_EDGE('',*,*,#8102,.F.);
#8102 = EDGE_CURVE('',#8086,#8095,#8103,.T.);
#8103 = LINE('',#8104,#8105);
#8104 = CARTESIAN_POINT('',(-0.32,-2.7,8.54));
#8105 = VECTOR('',#8106,1.);
#8106 = DIRECTION('',(1.,0.,0.));
#8107 = PLANE('',#8108);
#8108 = AXIS2_PLACEMENT_3D('',#8109,#8110,#8111);
#8109 = CARTESIAN_POINT('',(-0.32,-2.78,8.46));
#8110 = DIRECTION('',(-1.735167508357E-18,0.707106781187,-0.707106781187
    ));
#8111 = DIRECTION('',(-1.,-1.226948711654E-18,1.226948711654E-18));
#8112 = ADVANCED_FACE('',(#8113),#8131,.T.);
#8113 = FACE_BOUND('',#8114,.T.);
#8114 = EDGE_LOOP('',(#8115,#8116,#8117,#8125));
#8115 = ORIENTED_EDGE('',*,*,#8094,.F.);
#8116 = ORIENTED_EDGE('',*,*,#7742,.T.);
#8117 = ORIENTED_EDGE('',*,*,#8118,.T.);
#8118 = EDGE_CURVE('',#7735,#8119,#8121,.T.);
#8119 = VERTEX_POINT('',#8120);
#8120 = CARTESIAN_POINT('',(0.16,-2.38,8.54));
#8121 = LINE('',#8122,#8123);
#8122 = CARTESIAN_POINT('',(5.333333333333E-02,-2.486666666667,
    8.646666666667));
#8123 = VECTOR('',#8124,1.);
#8124 = DIRECTION('',(-0.57735026919,-0.57735026919,0.57735026919));
#8125 = ORIENTED_EDGE('',*,*,#8126,.F.);
#8126 = EDGE_CURVE('',#8095,#8119,#8127,.T.);
#8127 = LINE('',#8128,#8129);
#8128 = CARTESIAN_POINT('',(0.16,-2.86,8.54));
#8129 = VECTOR('',#8130,1.);
#8130 = DIRECTION('',(0.,1.,0.));
#8131 = PLANE('',#8132);
#8132 = AXIS2_PLACEMENT_3D('',#8133,#8134,#8135);
#8133 = CARTESIAN_POINT('',(0.24,-2.86,8.46));
#8134 = DIRECTION('',(0.707106781187,-1.735167508357E-18,0.707106781187)
  );
#8135 = DIRECTION('',(1.226948711654E-18,1.,1.226948711654E-18));
#8136 = ADVANCED_FACE('',(#8137),#8155,.T.);
#8137 = FACE_BOUND('',#8138,.F.);
#8138 = EDGE_LOOP('',(#8139,#8147,#8148,#8149));
#8139 = ORIENTED_EDGE('',*,*,#8140,.F.);
#8140 = EDGE_CURVE('',#7759,#8141,#8143,.T.);
#8141 = VERTEX_POINT('',#8142);
#8142 = CARTESIAN_POINT('',(-0.16,-2.38,8.54));
#8143 = LINE('',#8144,#8145);
#8144 = CARTESIAN_POINT('',(-0.16,-2.38,8.54));
#8145 = VECTOR('',#8146,1.);
#8146 = DIRECTION('',(0.57735026919,-0.57735026919,0.57735026919));
#8147 = ORIENTED_EDGE('',*,*,#7766,.T.);
#8148 = ORIENTED_EDGE('',*,*,#8118,.T.);
#8149 = ORIENTED_EDGE('',*,*,#8150,.F.);
#8150 = EDGE_CURVE('',#8141,#8119,#8151,.T.);
#8151 = LINE('',#8152,#8153);
#8152 = CARTESIAN_POINT('',(-0.32,-2.38,8.54));
#8153 = VECTOR('',#8154,1.);
#8154 = DIRECTION('',(1.,0.,0.));
#8155 = PLANE('',#8156);
#8156 = AXIS2_PLACEMENT_3D('',#8157,#8158,#8159);
#8157 = CARTESIAN_POINT('',(-0.32,-2.3,8.46));
#8158 = DIRECTION('',(1.735167508357E-18,0.707106781187,0.707106781187)
  );
#8159 = DIRECTION('',(-1.,1.226948711654E-18,1.226948711654E-18));
#8160 = ADVANCED_FACE('',(#8161),#8172,.F.);
#8161 = FACE_BOUND('',#8162,.F.);
#8162 = EDGE_LOOP('',(#8163,#8164,#8165,#8166));
#8163 = ORIENTED_EDGE('',*,*,#8085,.F.);
#8164 = ORIENTED_EDGE('',*,*,#7783,.T.);
#8165 = ORIENTED_EDGE('',*,*,#8140,.T.);
#8166 = ORIENTED_EDGE('',*,*,#8167,.F.);
#8167 = EDGE_CURVE('',#8086,#8141,#8168,.T.);
#8168 = LINE('',#8169,#8170);
#8169 = CARTESIAN_POINT('',(-0.16,-2.86,8.54));
#8170 = VECTOR('',#8171,1.);
#8171 = DIRECTION('',(0.,1.,0.));
#8172 = PLANE('',#8173);
#8173 = AXIS2_PLACEMENT_3D('',#8174,#8175,#8176);
#8174 = CARTESIAN_POINT('',(-0.24,-2.86,8.46));
#8175 = DIRECTION('',(0.707106781187,1.735167508357E-18,-0.707106781187)
  );
#8176 = DIRECTION('',(-1.226948711654E-18,1.,1.226948711654E-18));
#8177 = ADVANCED_FACE('',(#8178),#8184,.F.);
#8178 = FACE_BOUND('',#8179,.F.);
#8179 = EDGE_LOOP('',(#8180,#8181,#8182,#8183));
#8180 = ORIENTED_EDGE('',*,*,#7879,.F.);
#8181 = ORIENTED_EDGE('',*,*,#7814,.T.);
#8182 = ORIENTED_EDGE('',*,*,#7838,.T.);
#8183 = ORIENTED_EDGE('',*,*,#7862,.F.);
#8184 = PLANE('',#8185);
#8185 = AXIS2_PLACEMENT_3D('',#8186,#8187,#8188);
#8186 = CARTESIAN_POINT('',(-0.32,-0.32,-3.));
#8187 = DIRECTION('',(0.,0.,1.));
#8188 = DIRECTION('',(1.,0.,-0.));
#8189 = ADVANCED_FACE('',(#8190),#8196,.F.);
#8190 = FACE_BOUND('',#8191,.F.);
#8191 = EDGE_LOOP('',(#8192,#8193,#8194,#8195));
#8192 = ORIENTED_EDGE('',*,*,#7975,.F.);
#8193 = ORIENTED_EDGE('',*,*,#7910,.T.);
#8194 = ORIENTED_EDGE('',*,*,#7934,.T.);
#8195 = ORIENTED_EDGE('',*,*,#7958,.F.);
#8196 = PLANE('',#8197);
#8197 = AXIS2_PLACEMENT_3D('',#8198,#8199,#8200);
#8198 = CARTESIAN_POINT('',(-0.32,-2.86,-3.));
#8199 = DIRECTION('',(0.,0.,1.));
#8200 = DIRECTION('',(1.,0.,-0.));
#8201 = ADVANCED_FACE('',(#8202),#8208,.T.);
#8202 = FACE_BOUND('',#8203,.T.);
#8203 = EDGE_LOOP('',(#8204,#8205,#8206,#8207));
#8204 = ORIENTED_EDGE('',*,*,#8054,.F.);
#8205 = ORIENTED_EDGE('',*,*,#8071,.F.);
#8206 = ORIENTED_EDGE('',*,*,#8006,.T.);
#8207 = ORIENTED_EDGE('',*,*,#8030,.T.);
#8208 = PLANE('',#8209);
#8209 = AXIS2_PLACEMENT_3D('',#8210,#8211,#8212);
#8210 = CARTESIAN_POINT('',(-0.32,-0.32,8.54));
#8211 = DIRECTION('',(0.,0.,1.));
#8212 = DIRECTION('',(1.,0.,-0.));
#8213 = ADVANCED_FACE('',(#8214),#8220,.T.);
#8214 = FACE_BOUND('',#8215,.T.);
#8215 = EDGE_LOOP('',(#8216,#8217,#8218,#8219));
#8216 = ORIENTED_EDGE('',*,*,#8150,.F.);
#8217 = ORIENTED_EDGE('',*,*,#8167,.F.);
#8218 = ORIENTED_EDGE('',*,*,#8102,.T.);
#8219 = ORIENTED_EDGE('',*,*,#8126,.T.);
#8220 = PLANE('',#8221);
#8221 = AXIS2_PLACEMENT_3D('',#8222,#8223,#8224);
#8222 = CARTESIAN_POINT('',(-0.32,-2.86,8.54));
#8223 = DIRECTION('',(0.,0.,1.));
#8224 = DIRECTION('',(1.,0.,-0.));
#8225 = ( GEOMETRIC_REPRESENTATION_CONTEXT(3) 
GLOBAL_UNCERTAINTY_ASSIGNED_CONTEXT((#8229)) 
GLOBAL_UNIT_ASSIGNED_CONTEXT((#8226,#8227,#8228)) REPRESENTATION_CONTEXT
('Context #1','3D Context with UNIT and UNCERTAINTY') );
#8226 = ( LENGTH_UNIT() NAMED_UNIT(*) SI_UNIT(.MILLI.,.METRE.) );
#8227 = ( NAMED_UNIT(*) PLANE_ANGLE_UNIT() SI_UNIT($,.RADIAN.) );
#8228 = ( NAMED_UNIT(*) SI_UNIT($,.STERADIAN.) SOLID_ANGLE_UNIT() );
#8229 = UNCERTAINTY_MEASURE_WITH_UNIT(LENGTH_MEASURE(1.E-07),#8226,
  'distance_accuracy_value','confusion accuracy');
#8230 = CONTEXT_DEPENDENT_SHAPE_REPRESENTATION(#8231,#8233);
#8231 = ( REPRESENTATION_RELATIONSHIP('','',#6792,#6769) 
REPRESENTATION_RELATIONSHIP_WITH_TRANSFORMATION(#8232) 
SHAPE_REPRESENTATION_RELATIONSHIP() );
#8232 = ITEM_DEFINED_TRANSFORMATION('','',#11,#6770);
#8233 = PRODUCT_DEFINITION_SHAPE('Placement','Placement of an item',
  #8234);
#8234 = NEXT_ASSEMBLY_USAGE_OCCURRENCE('6','=>[0:1:1:7]','',#6764,#6787,
  $);
#8235 = PRODUCT_RELATED_PRODUCT_CATEGORY('part',$,(#6789));
#8236 = SHAPE_DEFINITION_REPRESENTATION(#8237,#8243);
#8237 = PRODUCT_DEFINITION_SHAPE('','',#8238);
#8238 = PRODUCT_DEFINITION('design','',#8239,#8242);
#8239 = PRODUCT_DEFINITION_FORMATION('','',#8240);
#8240 = PRODUCT('PinHeader_1x03_P2.54mm_Vertical',
  'PinHeader_1x03_P2.54mm_Vertical','',(#8241));
#8241 = PRODUCT_CONTEXT('',#2,'mechanical');
#8242 = PRODUCT_DEFINITION_CONTEXT('part definition',#2,'design');
#8243 = SHAPE_REPRESENTATION('',(#11,#8244),#8248);
#8244 = AXIS2_PLACEMENT_3D('',#8245,#8246,#8247);
#8245 = CARTESIAN_POINT('',(0.,0.,0.));
#8246 = DIRECTION('',(0.,0.,1.));
#8247 = DIRECTION('',(1.,0.,-0.));
#8248 = ( GEOMETRIC_REPRESENTATION_CONTEXT(3) 
GLOBAL_UNCERTAINTY_ASSIGNED_CONTEXT((#8252)) 
GLOBAL_UNIT_ASSIGNED_CONTEXT((#8249,#8250,#8251)) REPRESENTATION_CONTEXT
('Context #1','3D Context with UNIT and UNCERTAINTY') );
#8249 = ( LENGTH_UNIT() NAMED_UNIT(*) SI_UNIT(.MILLI.,.METRE.) );
#8250 = ( NAMED_UNIT(*) PLANE_ANGLE_UNIT() SI_UNIT($,.RADIAN.) );
#8251 = ( NAMED_UNIT(*) SI_UNIT($,.STERADIAN.) SOLID_ANGLE_UNIT() );
#8252 = UNCERTAINTY_MEASURE_WITH_UNIT(LENGTH_MEASURE(1.E-07),#8249,
  'distance_accuracy_value','confusion accuracy');
#8253 = CONTEXT_DEPENDENT_SHAPE_REPRESENTATION(#8254,#8256);
#8254 = ( REPRESENTATION_RELATIONSHIP('','',#8243,#10) 
REPRESENTATION_RELATIONSHIP_WITH_TRANSFORMATION(#8255) 
SHAPE_REPRESENTATION_RELATIONSHIP() );
#8255 = ITEM_DEFINED_TRANSFORMATION('','',#11,#31);
#8256 = PRODUCT_DEFINITION_SHAPE('Placement','Placement of an item',
  #8257);
#8257 = NEXT_ASSEMBLY_USAGE_OCCURRENCE('9','RV1','',#5,#8238,$);
#8258 = PRODUCT_RELATED_PRODUCT_CATEGORY('part',$,(#8240));
#8259 = SHAPE_DEFINITION_REPRESENTATION(#8260,#8266);
#8260 = PRODUCT_DEFINITION_SHAPE('','',#8261);
#8261 = PRODUCT_DEFINITION('design','',#8262,#8265);
#8262 = PRODUCT_DEFINITION_FORMATION('','',#8263);
#8263 = PRODUCT('PinHeader_1x03_P254mm_Vertical',
  'PinHeader_1x03_P254mm_Vertical','',(#8264));
#8264 = PRODUCT_CONTEXT('',#2,'mechanical');
#8265 = PRODUCT_DEFINITION_CONTEXT('part definition',#2,'design');
#8266 = ADVANCED_BREP_SHAPE_REPRESENTATION('',(#11,#8267),#10373);
#8267 = MANIFOLD_SOLID_BREP('',#8268);
#8268 = CLOSED_SHELL('',(#8269,#8309,#8340,#8371,#8618,#8865,#8882,#8899
    ,#8916,#8933,#8950,#8967,#8984,#9001,#9018,#9035,#9052,#9069,#9086,
    #9103,#9120,#9137,#9149,#9180,#9204,#9228,#9245,#9276,#9300,#9324,
    #9341,#9372,#9396,#9420,#9437,#9468,#9492,#9516,#9533,#9564,#9588,
    #9612,#9629,#9660,#9684,#9708,#9725,#9756,#9780,#9804,#9821,#9852,
    #9876,#9900,#9917,#9948,#9972,#9996,#10013,#10044,#10068,#10092,
    #10109,#10140,#10164,#10188,#10205,#10236,#10260,#10284,#10301,
    #10313,#10325,#10337,#10349,#10361));
#8269 = ADVANCED_FACE('',(#8270),#8304,.F.);
#8270 = FACE_BOUND('',#8271,.F.);
#8271 = EDGE_LOOP('',(#8272,#8282,#8290,#8298));
#8272 = ORIENTED_EDGE('',*,*,#8273,.T.);
#8273 = EDGE_CURVE('',#8274,#8276,#8278,.T.);
#8274 = VERTEX_POINT('',#8275);
#8275 = CARTESIAN_POINT('',(-1.016,1.27,0.));
#8276 = VERTEX_POINT('',#8277);
#8277 = CARTESIAN_POINT('',(-1.016,1.27,2.54));
#8278 = LINE('',#8279,#8280);
#8279 = CARTESIAN_POINT('',(-1.016,1.27,0.));
#8280 = VECTOR('',#8281,1.);
#8281 = DIRECTION('',(0.,0.,1.));
#8282 = ORIENTED_EDGE('',*,*,#8283,.T.);
#8283 = EDGE_CURVE('',#8276,#8284,#8286,.T.);
#8284 = VERTEX_POINT('',#8285);
#8285 = CARTESIAN_POINT('',(-1.27,1.016,2.54));
#8286 = LINE('',#8287,#8288);
#8287 = CARTESIAN_POINT('',(-1.016,1.27,2.54));
#8288 = VECTOR('',#8289,1.);
#8289 = DIRECTION('',(-0.707106781187,-0.707106781187,0.));
#8290 = ORIENTED_EDGE('',*,*,#8291,.F.);
#8291 = EDGE_CURVE('',#8292,#8284,#8294,.T.);
#8292 = VERTEX_POINT('',#8293);
#8293 = CARTESIAN_POINT('',(-1.27,1.016,0.));
#8294 = LINE('',#8295,#8296);
#8295 = CARTESIAN_POINT('',(-1.27,1.016,0.));
#8296 = VECTOR('',#8297,1.);
#8297 = DIRECTION('',(0.,0.,1.));
#8298 = ORIENTED_EDGE('',*,*,#8299,.F.);
#8299 = EDGE_CURVE('',#8274,#8292,#8300,.T.);
#8300 = LINE('',#8301,#8302);
#8301 = CARTESIAN_POINT('',(-1.016,1.27,0.));
#8302 = VECTOR('',#8303,1.);
#8303 = DIRECTION('',(-0.707106781187,-0.707106781187,0.));
#8304 = PLANE('',#8305);
#8305 = AXIS2_PLACEMENT_3D('',#8306,#8307,#8308);
#8306 = CARTESIAN_POINT('',(-1.016,1.27,0.));
#8307 = DIRECTION('',(0.707106781187,-0.707106781187,0.));
#8308 = DIRECTION('',(-0.707106781187,-0.707106781187,0.));
#8309 = ADVANCED_FACE('',(#8310),#8335,.F.);
#8310 = FACE_BOUND('',#8311,.F.);
#8311 = EDGE_LOOP('',(#8312,#8322,#8328,#8329));
#8312 = ORIENTED_EDGE('',*,*,#8313,.T.);
#8313 = EDGE_CURVE('',#8314,#8316,#8318,.T.);
#8314 = VERTEX_POINT('',#8315);
#8315 = CARTESIAN_POINT('',(1.016,1.27,0.));
#8316 = VERTEX_POINT('',#8317);
#8317 = CARTESIAN_POINT('',(1.016,1.27,2.54));
#8318 = LINE('',#8319,#8320);
#8319 = CARTESIAN_POINT('',(1.016,1.27,0.));
#8320 = VECTOR('',#8321,1.);
#8321 = DIRECTION('',(0.,0.,1.));
#8322 = ORIENTED_EDGE('',*,*,#8323,.T.);
#8323 = EDGE_CURVE('',#8316,#8276,#8324,.T.);
#8324 = LINE('',#8325,#8326);
#8325 = CARTESIAN_POINT('',(1.016,1.27,2.54));
#8326 = VECTOR('',#8327,1.);
#8327 = DIRECTION('',(-1.,0.,0.));
#8328 = ORIENTED_EDGE('',*,*,#8273,.F.);
#8329 = ORIENTED_EDGE('',*,*,#8330,.F.);
#8330 = EDGE_CURVE('',#8314,#8274,#8331,.T.);
#8331 = LINE('',#8332,#8333);
#8332 = CARTESIAN_POINT('',(1.016,1.27,0.));
#8333 = VECTOR('',#8334,1.);
#8334 = DIRECTION('',(-1.,0.,0.));
#8335 = PLANE('',#8336);
#8336 = AXIS2_PLACEMENT_3D('',#8337,#8338,#8339);
#8337 = CARTESIAN_POINT('',(1.016,1.27,0.));
#8338 = DIRECTION('',(0.,-1.,0.));
#8339 = DIRECTION('',(-1.,0.,0.));
#8340 = ADVANCED_FACE('',(#8341),#8366,.F.);
#8341 = FACE_BOUND('',#8342,.F.);
#8342 = EDGE_LOOP('',(#8343,#8344,#8352,#8360));
#8343 = ORIENTED_EDGE('',*,*,#8291,.T.);
#8344 = ORIENTED_EDGE('',*,*,#8345,.T.);
#8345 = EDGE_CURVE('',#8284,#8346,#8348,.T.);
#8346 = VERTEX_POINT('',#8347);
#8347 = CARTESIAN_POINT('',(-1.27,-1.016,2.54));
#8348 = LINE('',#8349,#8350);
#8349 = CARTESIAN_POINT('',(-1.27,1.016,2.54));
#8350 = VECTOR('',#8351,1.);
#8351 = DIRECTION('',(0.,-1.,0.));
#8352 = ORIENTED_EDGE('',*,*,#8353,.F.);
#8353 = EDGE_CURVE('',#8354,#8346,#8356,.T.);
#8354 = VERTEX_POINT('',#8355);
#8355 = CARTESIAN_POINT('',(-1.27,-1.016,0.));
#8356 = LINE('',#8357,#8358);
#8357 = CARTESIAN_POINT('',(-1.27,-1.016,0.));
#8358 = VECTOR('',#8359,1.);
#8359 = DIRECTION('',(0.,0.,1.));
#8360 = ORIENTED_EDGE('',*,*,#8361,.F.);
#8361 = EDGE_CURVE('',#8292,#8354,#8362,.T.);
#8362 = LINE('',#8363,#8364);
#8363 = CARTESIAN_POINT('',(-1.27,1.016,0.));
#8364 = VECTOR('',#8365,1.);
#8365 = DIRECTION('',(0.,-1.,0.));
#8366 = PLANE('',#8367);
#8367 = AXIS2_PLACEMENT_3D('',#8368,#8369,#8370);
#8368 = CARTESIAN_POINT('',(-1.27,1.016,0.));
#8369 = DIRECTION('',(1.,0.,0.));
#8370 = DIRECTION('',(0.,-1.,0.));
#8371 = ADVANCED_FACE('',(#8372,#8511,#8545,#8579),#8613,.F.);
#8372 = FACE_BOUND('',#8373,.F.);
#8373 = EDGE_LOOP('',(#8374,#8375,#8376,#8384,#8392,#8400,#8408,#8416,
    #8424,#8432,#8440,#8448,#8456,#8464,#8472,#8480,#8488,#8496,#8504,
    #8510));
#8374 = ORIENTED_EDGE('',*,*,#8299,.T.);
#8375 = ORIENTED_EDGE('',*,*,#8361,.T.);
#8376 = ORIENTED_EDGE('',*,*,#8377,.T.);
#8377 = EDGE_CURVE('',#8354,#8378,#8380,.T.);
#8378 = VERTEX_POINT('',#8379);
#8379 = CARTESIAN_POINT('',(-1.016,-1.27,0.));
#8380 = LINE('',#8381,#8382);
#8381 = CARTESIAN_POINT('',(-1.27,-1.016,0.));
#8382 = VECTOR('',#8383,1.);
#8383 = DIRECTION('',(0.707106781187,-0.707106781187,0.));
#8384 = ORIENTED_EDGE('',*,*,#8385,.T.);
#8385 = EDGE_CURVE('',#8378,#8386,#8388,.T.);
#8386 = VERTEX_POINT('',#8387);
#8387 = CARTESIAN_POINT('',(-1.27,-1.524,0.));
#8388 = LINE('',#8389,#8390);
#8389 = CARTESIAN_POINT('',(-1.016,-1.27,0.));
#8390 = VECTOR('',#8391,1.);
#8391 = DIRECTION('',(-0.707106781187,-0.707106781187,0.));
#8392 = ORIENTED_EDGE('',*,*,#8393,.T.);
#8393 = EDGE_CURVE('',#8386,#8394,#8396,.T.);
#8394 = VERTEX_POINT('',#8395);
#8395 = CARTESIAN_POINT('',(-1.27,-3.556,0.));
#8396 = LINE('',#8397,#8398);
#8397 = CARTESIAN_POINT('',(-1.27,-1.524,0.));
#8398 = VECTOR('',#8399,1.);
#8399 = DIRECTION('',(0.,-1.,0.));
#8400 = ORIENTED_EDGE('',*,*,#8401,.T.);
#8401 = EDGE_CURVE('',#8394,#8402,#8404,.T.);
#8402 = VERTEX_POINT('',#8403);
#8403 = CARTESIAN_POINT('',(-1.016,-3.81,0.));
#8404 = LINE('',#8405,#8406);
#8405 = CARTESIAN_POINT('',(-1.27,-3.556,0.));
#8406 = VECTOR('',#8407,1.);
#8407 = DIRECTION('',(0.707106781187,-0.707106781187,0.));
#8408 = ORIENTED_EDGE('',*,*,#8409,.T.);
#8409 = EDGE_CURVE('',#8402,#8410,#8412,.T.);
#8410 = VERTEX_POINT('',#8411);
#8411 = CARTESIAN_POINT('',(-1.27,-4.064,0.));
#8412 = LINE('',#8413,#8414);
#8413 = CARTESIAN_POINT('',(-1.016,-3.81,0.));
#8414 = VECTOR('',#8415,1.);
#8415 = DIRECTION('',(-0.707106781187,-0.707106781187,0.));
#8416 = ORIENTED_EDGE('',*,*,#8417,.T.);
#8417 = EDGE_CURVE('',#8410,#8418,#8420,.T.);
#8418 = VERTEX_POINT('',#8419);
#8419 = CARTESIAN_POINT('',(-1.27,-6.096,0.));
#8420 = LINE('',#8421,#8422);
#8421 = CARTESIAN_POINT('',(-1.27,-4.064,0.));
#8422 = VECTOR('',#8423,1.);
#8423 = DIRECTION('',(0.,-1.,0.));
#8424 = ORIENTED_EDGE('',*,*,#8425,.T.);
#8425 = EDGE_CURVE('',#8418,#8426,#8428,.T.);
#8426 = VERTEX_POINT('',#8427);
#8427 = CARTESIAN_POINT('',(-1.016,-6.35,0.));
#8428 = LINE('',#8429,#8430);
#8429 = CARTESIAN_POINT('',(-1.27,-6.096,0.));
#8430 = VECTOR('',#8431,1.);
#8431 = DIRECTION('',(0.707106781187,-0.707106781187,0.));
#8432 = ORIENTED_EDGE('',*,*,#8433,.T.);
#8433 = EDGE_CURVE('',#8426,#8434,#8436,.T.);
#8434 = VERTEX_POINT('',#8435);
#8435 = CARTESIAN_POINT('',(1.016,-6.35,0.));
#8436 = LINE('',#8437,#8438);
#8437 = CARTESIAN_POINT('',(-1.016,-6.35,0.));
#8438 = VECTOR('',#8439,1.);
#8439 = DIRECTION('',(1.,0.,0.));
#8440 = ORIENTED_EDGE('',*,*,#8441,.T.);
#8441 = EDGE_CURVE('',#8434,#8442,#8444,.T.);
#8442 = VERTEX_POINT('',#8443);
#8443 = CARTESIAN_POINT('',(1.27,-6.096,0.));
#8444 = LINE('',#8445,#8446);
#8445 = CARTESIAN_POINT('',(1.016,-6.35,0.));
#8446 = VECTOR('',#8447,1.);
#8447 = DIRECTION('',(0.707106781187,0.707106781187,0.));
#8448 = ORIENTED_EDGE('',*,*,#8449,.T.);
#8449 = EDGE_CURVE('',#8442,#8450,#8452,.T.);
#8450 = VERTEX_POINT('',#8451);
#8451 = CARTESIAN_POINT('',(1.27,-4.064,0.));
#8452 = LINE('',#8453,#8454);
#8453 = CARTESIAN_POINT('',(1.27,-6.096,0.));
#8454 = VECTOR('',#8455,1.);
#8455 = DIRECTION('',(0.,1.,0.));
#8456 = ORIENTED_EDGE('',*,*,#8457,.T.);
#8457 = EDGE_CURVE('',#8450,#8458,#8460,.T.);
#8458 = VERTEX_POINT('',#8459);
#8459 = CARTESIAN_POINT('',(1.016,-3.81,0.));
#8460 = LINE('',#8461,#8462);
#8461 = CARTESIAN_POINT('',(1.27,-4.064,0.));
#8462 = VECTOR('',#8463,1.);
#8463 = DIRECTION('',(-0.707106781187,0.707106781187,0.));
#8464 = ORIENTED_EDGE('',*,*,#8465,.T.);
#8465 = EDGE_CURVE('',#8458,#8466,#8468,.T.);
#8466 = VERTEX_POINT('',#8467);
#8467 = CARTESIAN_POINT('',(1.27,-3.556,0.));
#8468 = LINE('',#8469,#8470);
#8469 = CARTESIAN_POINT('',(1.016,-3.81,0.));
#8470 = VECTOR('',#8471,1.);
#8471 = DIRECTION('',(0.707106781187,0.707106781187,0.));
#8472 = ORIENTED_EDGE('',*,*,#8473,.T.);
#8473 = EDGE_CURVE('',#8466,#8474,#8476,.T.);
#8474 = VERTEX_POINT('',#8475);
#8475 = CARTESIAN_POINT('',(1.27,-1.524,0.));
#8476 = LINE('',#8477,#8478);
#8477 = CARTESIAN_POINT('',(1.27,-3.556,0.));
#8478 = VECTOR('',#8479,1.);
#8479 = DIRECTION('',(0.,1.,0.));
#8480 = ORIENTED_EDGE('',*,*,#8481,.T.);
#8481 = EDGE_CURVE('',#8474,#8482,#8484,.T.);
#8482 = VERTEX_POINT('',#8483);
#8483 = CARTESIAN_POINT('',(1.016,-1.27,0.));
#8484 = LINE('',#8485,#8486);
#8485 = CARTESIAN_POINT('',(1.27,-1.524,0.));
#8486 = VECTOR('',#8487,1.);
#8487 = DIRECTION('',(-0.707106781187,0.707106781187,0.));
#8488 = ORIENTED_EDGE('',*,*,#8489,.T.);
#8489 = EDGE_CURVE('',#8482,#8490,#8492,.T.);
#8490 = VERTEX_POINT('',#8491);
#8491 = CARTESIAN_POINT('',(1.27,-1.016,0.));
#8492 = LINE('',#8493,#8494);
#8493 = CARTESIAN_POINT('',(1.016,-1.27,0.));
#8494 = VECTOR('',#8495,1.);
#8495 = DIRECTION('',(0.707106781187,0.707106781187,0.));
#8496 = ORIENTED_EDGE('',*,*,#8497,.T.);
#8497 = EDGE_CURVE('',#8490,#8498,#8500,.T.);
#8498 = VERTEX_POINT('',#8499);
#8499 = CARTESIAN_POINT('',(1.27,1.016,0.));
#8500 = LINE('',#8501,#8502);
#8501 = CARTESIAN_POINT('',(1.27,-1.016,0.));
#8502 = VECTOR('',#8503,1.);
#8503 = DIRECTION('',(0.,1.,0.));
#8504 = ORIENTED_EDGE('',*,*,#8505,.T.);
#8505 = EDGE_CURVE('',#8498,#8314,#8506,.T.);
#8506 = LINE('',#8507,#8508);
#8507 = CARTESIAN_POINT('',(1.27,1.016,0.));
#8508 = VECTOR('',#8509,1.);
#8509 = DIRECTION('',(-0.707106781187,0.707106781187,0.));
#8510 = ORIENTED_EDGE('',*,*,#8330,.T.);
#8511 = FACE_BOUND('',#8512,.F.);
#8512 = EDGE_LOOP('',(#8513,#8523,#8531,#8539));
#8513 = ORIENTED_EDGE('',*,*,#8514,.F.);
#8514 = EDGE_CURVE('',#8515,#8517,#8519,.T.);
#8515 = VERTEX_POINT('',#8516);
#8516 = CARTESIAN_POINT('',(0.32,-0.32,0.));
#8517 = VERTEX_POINT('',#8518);
#8518 = CARTESIAN_POINT('',(0.32,0.32,0.));
#8519 = LINE('',#8520,#8521);
#8520 = CARTESIAN_POINT('',(0.32,-1.43,0.));
#8521 = VECTOR('',#8522,1.);
#8522 = DIRECTION('',(0.,1.,0.));
#8523 = ORIENTED_EDGE('',*,*,#8524,.T.);
#8524 = EDGE_CURVE('',#8515,#8525,#8527,.T.);
#8525 = VERTEX_POINT('',#8526);
#8526 = CARTESIAN_POINT('',(-0.32,-0.32,0.));
#8527 = LINE('',#8528,#8529);
#8528 = CARTESIAN_POINT('',(-0.16,-0.32,0.));
#8529 = VECTOR('',#8530,1.);
#8530 = DIRECTION('',(-1.,0.,0.));
#8531 = ORIENTED_EDGE('',*,*,#8532,.T.);
#8532 = EDGE_CURVE('',#8525,#8533,#8535,.T.);
#8533 = VERTEX_POINT('',#8534);
#8534 = CARTESIAN_POINT('',(-0.32,0.32,0.));
#8535 = LINE('',#8536,#8537);
#8536 = CARTESIAN_POINT('',(-0.32,-1.43,0.));
#8537 = VECTOR('',#8538,1.);
#8538 = DIRECTION('',(0.,1.,0.));
#8539 = ORIENTED_EDGE('',*,*,#8540,.F.);
#8540 = EDGE_CURVE('',#8517,#8533,#8541,.T.);
#8541 = LINE('',#8542,#8543);
#8542 = CARTESIAN_POINT('',(-0.16,0.32,0.));
#8543 = VECTOR('',#8544,1.);
#8544 = DIRECTION('',(-1.,0.,0.));
#8545 = FACE_BOUND('',#8546,.F.);
#8546 = EDGE_LOOP('',(#8547,#8557,#8565,#8573));
#8547 = ORIENTED_EDGE('',*,*,#8548,.T.);
#8548 = EDGE_CURVE('',#8549,#8551,#8553,.T.);
#8549 = VERTEX_POINT('',#8550);
#8550 = CARTESIAN_POINT('',(0.32,-2.86,0.));
#8551 = VERTEX_POINT('',#8552);
#8552 = CARTESIAN_POINT('',(-0.32,-2.86,0.));
#8553 = LINE('',#8554,#8555);
#8554 = CARTESIAN_POINT('',(-0.16,-2.86,0.));
#8555 = VECTOR('',#8556,1.);
#8556 = DIRECTION('',(-1.,0.,0.));
#8557 = ORIENTED_EDGE('',*,*,#8558,.T.);
#8558 = EDGE_CURVE('',#8551,#8559,#8561,.T.);
#8559 = VERTEX_POINT('',#8560);
#8560 = CARTESIAN_POINT('',(-0.32,-2.22,0.));
#8561 = LINE('',#8562,#8563);
#8562 = CARTESIAN_POINT('',(-0.32,-2.7,0.));
#8563 = VECTOR('',#8564,1.);
#8564 = DIRECTION('',(0.,1.,0.));
#8565 = ORIENTED_EDGE('',*,*,#8566,.F.);
#8566 = EDGE_CURVE('',#8567,#8559,#8569,.T.);
#8567 = VERTEX_POINT('',#8568);
#8568 = CARTESIAN_POINT('',(0.32,-2.22,0.));
#8569 = LINE('',#8570,#8571);
#8570 = CARTESIAN_POINT('',(-0.16,-2.22,0.));
#8571 = VECTOR('',#8572,1.);
#8572 = DIRECTION('',(-1.,0.,0.));
#8573 = ORIENTED_EDGE('',*,*,#8574,.F.);
#8574 = EDGE_CURVE('',#8549,#8567,#8575,.T.);
#8575 = LINE('',#8576,#8577);
#8576 = CARTESIAN_POINT('',(0.32,-2.7,0.));
#8577 = VECTOR('',#8578,1.);
#8578 = DIRECTION('',(0.,1.,0.));
#8579 = FACE_BOUND('',#8580,.F.);
#8580 = EDGE_LOOP('',(#8581,#8591,#8599,#8607));
#8581 = ORIENTED_EDGE('',*,*,#8582,.F.);
#8582 = EDGE_CURVE('',#8583,#8585,#8587,.T.);
#8583 = VERTEX_POINT('',#8584);
#8584 = CARTESIAN_POINT('',(0.32,-4.76,0.));
#8585 = VERTEX_POINT('',#8586);
#8586 = CARTESIAN_POINT('',(-0.32,-4.76,0.));
#8587 = LINE('',#8588,#8589);
#8588 = CARTESIAN_POINT('',(-0.16,-4.76,0.));
#8589 = VECTOR('',#8590,1.);
#8590 = DIRECTION('',(-1.,0.,0.));
#8591 = ORIENTED_EDGE('',*,*,#8592,.F.);
#8592 = EDGE_CURVE('',#8593,#8583,#8595,.T.);
#8593 = VERTEX_POINT('',#8594);
#8594 = CARTESIAN_POINT('',(0.32,-5.4,0.));
#8595 = LINE('',#8596,#8597);
#8596 = CARTESIAN_POINT('',(0.32,-3.97,0.));
#8597 = VECTOR('',#8598,1.);
#8598 = DIRECTION('',(0.,1.,0.));
#8599 = ORIENTED_EDGE('',*,*,#8600,.T.);
#8600 = EDGE_CURVE('',#8593,#8601,#8603,.T.);
#8601 = VERTEX_POINT('',#8602);
#8602 = CARTESIAN_POINT('',(-0.32,-5.4,0.));
#8603 = LINE('',#8604,#8605);
#8604 = CARTESIAN_POINT('',(-0.16,-5.4,0.));
#8605 = VECTOR('',#8606,1.);
#8606 = DIRECTION('',(-1.,0.,0.));
#8607 = ORIENTED_EDGE('',*,*,#8608,.T.);
#8608 = EDGE_CURVE('',#8601,#8585,#8609,.T.);
#8609 = LINE('',#8610,#8611);
#8610 = CARTESIAN_POINT('',(-0.32,-3.97,0.));
#8611 = VECTOR('',#8612,1.);
#8612 = DIRECTION('',(0.,1.,0.));
#8613 = PLANE('',#8614);
#8614 = AXIS2_PLACEMENT_3D('',#8615,#8616,#8617);
#8615 = CARTESIAN_POINT('',(5.398204781459E-17,-2.54,0.));
#8616 = DIRECTION('',(0.,0.,1.));
#8617 = DIRECTION('',(1.,0.,-0.));
#8618 = ADVANCED_FACE('',(#8619,#8758,#8792,#8826),#8860,.T.);
#8619 = FACE_BOUND('',#8620,.T.);
#8620 = EDGE_LOOP('',(#8621,#8622,#8623,#8631,#8639,#8647,#8655,#8663,
    #8671,#8679,#8687,#8695,#8703,#8711,#8719,#8727,#8735,#8743,#8751,
    #8757));
#8621 = ORIENTED_EDGE('',*,*,#8283,.T.);
#8622 = ORIENTED_EDGE('',*,*,#8345,.T.);
#8623 = ORIENTED_EDGE('',*,*,#8624,.T.);
#8624 = EDGE_CURVE('',#8346,#8625,#8627,.T.);
#8625 = VERTEX_POINT('',#8626);
#8626 = CARTESIAN_POINT('',(-1.016,-1.27,2.54));
#8627 = LINE('',#8628,#8629);
#8628 = CARTESIAN_POINT('',(-1.27,-1.016,2.54));
#8629 = VECTOR('',#8630,1.);
#8630 = DIRECTION('',(0.707106781187,-0.707106781187,0.));
#8631 = ORIENTED_EDGE('',*,*,#8632,.T.);
#8632 = EDGE_CURVE('',#8625,#8633,#8635,.T.);
#8633 = VERTEX_POINT('',#8634);
#8634 = CARTESIAN_POINT('',(-1.27,-1.524,2.54));
#8635 = LINE('',#8636,#8637);
#8636 = CARTESIAN_POINT('',(-1.016,-1.27,2.54));
#8637 = VECTOR('',#8638,1.);
#8638 = DIRECTION('',(-0.707106781187,-0.707106781187,0.));
#8639 = ORIENTED_EDGE('',*,*,#8640,.T.);
#8640 = EDGE_CURVE('',#8633,#8641,#8643,.T.);
#8641 = VERTEX_POINT('',#8642);
#8642 = CARTESIAN_POINT('',(-1.27,-3.556,2.54));
#8643 = LINE('',#8644,#8645);
#8644 = CARTESIAN_POINT('',(-1.27,-1.524,2.54));
#8645 = VECTOR('',#8646,1.);
#8646 = DIRECTION('',(0.,-1.,0.));
#8647 = ORIENTED_EDGE('',*,*,#8648,.T.);
#8648 = EDGE_CURVE('',#8641,#8649,#8651,.T.);
#8649 = VERTEX_POINT('',#8650);
#8650 = CARTESIAN_POINT('',(-1.016,-3.81,2.54));
#8651 = LINE('',#8652,#8653);
#8652 = CARTESIAN_POINT('',(-1.27,-3.556,2.54));
#8653 = VECTOR('',#8654,1.);
#8654 = DIRECTION('',(0.707106781187,-0.707106781187,0.));
#8655 = ORIENTED_EDGE('',*,*,#8656,.T.);
#8656 = EDGE_CURVE('',#8649,#8657,#8659,.T.);
#8657 = VERTEX_POINT('',#8658);
#8658 = CARTESIAN_POINT('',(-1.27,-4.064,2.54));
#8659 = LINE('',#8660,#8661);
#8660 = CARTESIAN_POINT('',(-1.016,-3.81,2.54));
#8661 = VECTOR('',#8662,1.);
#8662 = DIRECTION('',(-0.707106781187,-0.707106781187,0.));
#8663 = ORIENTED_EDGE('',*,*,#8664,.T.);
#8664 = EDGE_CURVE('',#8657,#8665,#8667,.T.);
#8665 = VERTEX_POINT('',#8666);
#8666 = CARTESIAN_POINT('',(-1.27,-6.096,2.54));
#8667 = LINE('',#8668,#8669);
#8668 = CARTESIAN_POINT('',(-1.27,-4.064,2.54));
#8669 = VECTOR('',#8670,1.);
#8670 = DIRECTION('',(0.,-1.,0.));
#8671 = ORIENTED_EDGE('',*,*,#8672,.T.);
#8672 = EDGE_CURVE('',#8665,#8673,#8675,.T.);
#8673 = VERTEX_POINT('',#8674);
#8674 = CARTESIAN_POINT('',(-1.016,-6.35,2.54));
#8675 = LINE('',#8676,#8677);
#8676 = CARTESIAN_POINT('',(-1.27,-6.096,2.54));
#8677 = VECTOR('',#8678,1.);
#8678 = DIRECTION('',(0.707106781187,-0.707106781187,0.));
#8679 = ORIENTED_EDGE('',*,*,#8680,.T.);
#8680 = EDGE_CURVE('',#8673,#8681,#8683,.T.);
#8681 = VERTEX_POINT('',#8682);
#8682 = CARTESIAN_POINT('',(1.016,-6.35,2.54));
#8683 = LINE('',#8684,#8685);
#8684 = CARTESIAN_POINT('',(-1.016,-6.35,2.54));
#8685 = VECTOR('',#8686,1.);
#8686 = DIRECTION('',(1.,0.,0.));
#8687 = ORIENTED_EDGE('',*,*,#8688,.T.);
#8688 = EDGE_CURVE('',#8681,#8689,#8691,.T.);
#8689 = VERTEX_POINT('',#8690);
#8690 = CARTESIAN_POINT('',(1.27,-6.096,2.54));
#8691 = LINE('',#8692,#8693);
#8692 = CARTESIAN_POINT('',(1.016,-6.35,2.54));
#8693 = VECTOR('',#8694,1.);
#8694 = DIRECTION('',(0.707106781187,0.707106781187,0.));
#8695 = ORIENTED_EDGE('',*,*,#8696,.T.);
#8696 = EDGE_CURVE('',#8689,#8697,#8699,.T.);
#8697 = VERTEX_POINT('',#8698);
#8698 = CARTESIAN_POINT('',(1.27,-4.064,2.54));
#8699 = LINE('',#8700,#8701);
#8700 = CARTESIAN_POINT('',(1.27,-6.096,2.54));
#8701 = VECTOR('',#8702,1.);
#8702 = DIRECTION('',(0.,1.,0.));
#8703 = ORIENTED_EDGE('',*,*,#8704,.T.);
#8704 = EDGE_CURVE('',#8697,#8705,#8707,.T.);
#8705 = VERTEX_POINT('',#8706);
#8706 = CARTESIAN_POINT('',(1.016,-3.81,2.54));
#8707 = LINE('',#8708,#8709);
#8708 = CARTESIAN_POINT('',(1.27,-4.064,2.54));
#8709 = VECTOR('',#8710,1.);
#8710 = DIRECTION('',(-0.707106781187,0.707106781187,0.));
#8711 = ORIENTED_EDGE('',*,*,#8712,.T.);
#8712 = EDGE_CURVE('',#8705,#8713,#8715,.T.);
#8713 = VERTEX_POINT('',#8714);
#8714 = CARTESIAN_POINT('',(1.27,-3.556,2.54));
#8715 = LINE('',#8716,#8717);
#8716 = CARTESIAN_POINT('',(1.016,-3.81,2.54));
#8717 = VECTOR('',#8718,1.);
#8718 = DIRECTION('',(0.707106781187,0.707106781187,0.));
#8719 = ORIENTED_EDGE('',*,*,#8720,.T.);
#8720 = EDGE_CURVE('',#8713,#8721,#8723,.T.);
#8721 = VERTEX_POINT('',#8722);
#8722 = CARTESIAN_POINT('',(1.27,-1.524,2.54));
#8723 = LINE('',#8724,#8725);
#8724 = CARTESIAN_POINT('',(1.27,-3.556,2.54));
#8725 = VECTOR('',#8726,1.);
#8726 = DIRECTION('',(0.,1.,0.));
#8727 = ORIENTED_EDGE('',*,*,#8728,.T.);
#8728 = EDGE_CURVE('',#8721,#8729,#8731,.T.);
#8729 = VERTEX_POINT('',#8730);
#8730 = CARTESIAN_POINT('',(1.016,-1.27,2.54));
#8731 = LINE('',#8732,#8733);
#8732 = CARTESIAN_POINT('',(1.27,-1.524,2.54));
#8733 = VECTOR('',#8734,1.);
#8734 = DIRECTION('',(-0.707106781187,0.707106781187,0.));
#8735 = ORIENTED_EDGE('',*,*,#8736,.T.);
#8736 = EDGE_CURVE('',#8729,#8737,#8739,.T.);
#8737 = VERTEX_POINT('',#8738);
#8738 = CARTESIAN_POINT('',(1.27,-1.016,2.54));
#8739 = LINE('',#8740,#8741);
#8740 = CARTESIAN_POINT('',(1.016,-1.27,2.54));
#8741 = VECTOR('',#8742,1.);
#8742 = DIRECTION('',(0.707106781187,0.707106781187,0.));
#8743 = ORIENTED_EDGE('',*,*,#8744,.T.);
#8744 = EDGE_CURVE('',#8737,#8745,#8747,.T.);
#8745 = VERTEX_POINT('',#8746);
#8746 = CARTESIAN_POINT('',(1.27,1.016,2.54));
#8747 = LINE('',#8748,#8749);
#8748 = CARTESIAN_POINT('',(1.27,-1.016,2.54));
#8749 = VECTOR('',#8750,1.);
#8750 = DIRECTION('',(0.,1.,0.));
#8751 = ORIENTED_EDGE('',*,*,#8752,.T.);
#8752 = EDGE_CURVE('',#8745,#8316,#8753,.T.);
#8753 = LINE('',#8754,#8755);
#8754 = CARTESIAN_POINT('',(1.27,1.016,2.54));
#8755 = VECTOR('',#8756,1.);
#8756 = DIRECTION('',(-0.707106781187,0.707106781187,0.));
#8757 = ORIENTED_EDGE('',*,*,#8323,.T.);
#8758 = FACE_BOUND('',#8759,.T.);
#8759 = EDGE_LOOP('',(#8760,#8770,#8778,#8786));
#8760 = ORIENTED_EDGE('',*,*,#8761,.F.);
#8761 = EDGE_CURVE('',#8762,#8764,#8766,.T.);
#8762 = VERTEX_POINT('',#8763);
#8763 = CARTESIAN_POINT('',(0.32,-0.32,2.54));
#8764 = VERTEX_POINT('',#8765);
#8765 = CARTESIAN_POINT('',(0.32,0.32,2.54));
#8766 = LINE('',#8767,#8768);
#8767 = CARTESIAN_POINT('',(0.32,-1.43,2.54));
#8768 = VECTOR('',#8769,1.);
#8769 = DIRECTION('',(0.,1.,0.));
#8770 = ORIENTED_EDGE('',*,*,#8771,.T.);
#8771 = EDGE_CURVE('',#8762,#8772,#8774,.T.);
#8772 = VERTEX_POINT('',#8773);
#8773 = CARTESIAN_POINT('',(-0.32,-0.32,2.54));
#8774 = LINE('',#8775,#8776);
#8775 = CARTESIAN_POINT('',(-0.16,-0.32,2.54));
#8776 = VECTOR('',#8777,1.);
#8777 = DIRECTION('',(-1.,0.,0.));
#8778 = ORIENTED_EDGE('',*,*,#8779,.T.);
#8779 = EDGE_CURVE('',#8772,#8780,#8782,.T.);
#8780 = VERTEX_POINT('',#8781);
#8781 = CARTESIAN_POINT('',(-0.32,0.32,2.54));
#8782 = LINE('',#8783,#8784);
#8783 = CARTESIAN_POINT('',(-0.32,-1.43,2.54));
#8784 = VECTOR('',#8785,1.);
#8785 = DIRECTION('',(0.,1.,0.));
#8786 = ORIENTED_EDGE('',*,*,#8787,.F.);
#8787 = EDGE_CURVE('',#8764,#8780,#8788,.T.);
#8788 = LINE('',#8789,#8790);
#8789 = CARTESIAN_POINT('',(-0.16,0.32,2.54));
#8790 = VECTOR('',#8791,1.);
#8791 = DIRECTION('',(-1.,0.,0.));
#8792 = FACE_BOUND('',#8793,.T.);
#8793 = EDGE_LOOP('',(#8794,#8804,#8812,#8820));
#8794 = ORIENTED_EDGE('',*,*,#8795,.T.);
#8795 = EDGE_CURVE('',#8796,#8798,#8800,.T.);
#8796 = VERTEX_POINT('',#8797);
#8797 = CARTESIAN_POINT('',(0.32,-2.86,2.54));
#8798 = VERTEX_POINT('',#8799);
#8799 = CARTESIAN_POINT('',(-0.32,-2.86,2.54));
#8800 = LINE('',#8801,#8802);
#8801 = CARTESIAN_POINT('',(-0.16,-2.86,2.54));
#8802 = VECTOR('',#8803,1.);
#8803 = DIRECTION('',(-1.,0.,0.));
#8804 = ORIENTED_EDGE('',*,*,#8805,.T.);
#8805 = EDGE_CURVE('',#8798,#8806,#8808,.T.);
#8806 = VERTEX_POINT('',#8807);
#8807 = CARTESIAN_POINT('',(-0.32,-2.22,2.54));
#8808 = LINE('',#8809,#8810);
#8809 = CARTESIAN_POINT('',(-0.32,-2.7,2.54));
#8810 = VECTOR('',#8811,1.);
#8811 = DIRECTION('',(0.,1.,0.));
#8812 = ORIENTED_EDGE('',*,*,#8813,.F.);
#8813 = EDGE_CURVE('',#8814,#8806,#8816,.T.);
#8814 = VERTEX_POINT('',#8815);
#8815 = CARTESIAN_POINT('',(0.32,-2.22,2.54));
#8816 = LINE('',#8817,#8818);
#8817 = CARTESIAN_POINT('',(-0.16,-2.22,2.54));
#8818 = VECTOR('',#8819,1.);
#8819 = DIRECTION('',(-1.,0.,0.));
#8820 = ORIENTED_EDGE('',*,*,#8821,.F.);
#8821 = EDGE_CURVE('',#8796,#8814,#8822,.T.);
#8822 = LINE('',#8823,#8824);
#8823 = CARTESIAN_POINT('',(0.32,-2.7,2.54));
#8824 = VECTOR('',#8825,1.);
#8825 = DIRECTION('',(0.,1.,0.));
#8826 = FACE_BOUND('',#8827,.T.);
#8827 = EDGE_LOOP('',(#8828,#8838,#8846,#8854));
#8828 = ORIENTED_EDGE('',*,*,#8829,.F.);
#8829 = EDGE_CURVE('',#8830,#8832,#8834,.T.);
#8830 = VERTEX_POINT('',#8831);
#8831 = CARTESIAN_POINT('',(0.32,-4.76,2.54));
#8832 = VERTEX_POINT('',#8833);
#8833 = CARTESIAN_POINT('',(-0.32,-4.76,2.54));
#8834 = LINE('',#8835,#8836);
#8835 = CARTESIAN_POINT('',(-0.16,-4.76,2.54));
#8836 = VECTOR('',#8837,1.);
#8837 = DIRECTION('',(-1.,0.,0.));
#8838 = ORIENTED_EDGE('',*,*,#8839,.F.);
#8839 = EDGE_CURVE('',#8840,#8830,#8842,.T.);
#8840 = VERTEX_POINT('',#8841);
#8841 = CARTESIAN_POINT('',(0.32,-5.4,2.54));
#8842 = LINE('',#8843,#8844);
#8843 = CARTESIAN_POINT('',(0.32,-3.97,2.54));
#8844 = VECTOR('',#8845,1.);
#8845 = DIRECTION('',(0.,1.,0.));
#8846 = ORIENTED_EDGE('',*,*,#8847,.T.);
#8847 = EDGE_CURVE('',#8840,#8848,#8850,.T.);
#8848 = VERTEX_POINT('',#8849);
#8849 = CARTESIAN_POINT('',(-0.32,-5.4,2.54));
#8850 = LINE('',#8851,#8852);
#8851 = CARTESIAN_POINT('',(-0.16,-5.4,2.54));
#8852 = VECTOR('',#8853,1.);
#8853 = DIRECTION('',(-1.,0.,0.));
#8854 = ORIENTED_EDGE('',*,*,#8855,.T.);
#8855 = EDGE_CURVE('',#8848,#8832,#8856,.T.);
#8856 = LINE('',#8857,#8858);
#8857 = CARTESIAN_POINT('',(-0.32,-3.97,2.54));
#8858 = VECTOR('',#8859,1.);
#8859 = DIRECTION('',(0.,1.,0.));
#8860 = PLANE('',#8861);
#8861 = AXIS2_PLACEMENT_3D('',#8862,#8863,#8864);
#8862 = CARTESIAN_POINT('',(5.398204781459E-17,-2.54,2.54));
#8863 = DIRECTION('',(0.,0.,1.));
#8864 = DIRECTION('',(1.,0.,-0.));
#8865 = ADVANCED_FACE('',(#8866),#8877,.F.);
#8866 = FACE_BOUND('',#8867,.F.);
#8867 = EDGE_LOOP('',(#8868,#8874,#8875,#8876));
#8868 = ORIENTED_EDGE('',*,*,#8869,.T.);
#8869 = EDGE_CURVE('',#8498,#8745,#8870,.T.);
#8870 = LINE('',#8871,#8872);
#8871 = CARTESIAN_POINT('',(1.27,1.016,0.));
#8872 = VECTOR('',#8873,1.);
#8873 = DIRECTION('',(0.,0.,1.));
#8874 = ORIENTED_EDGE('',*,*,#8752,.T.);
#8875 = ORIENTED_EDGE('',*,*,#8313,.F.);
#8876 = ORIENTED_EDGE('',*,*,#8505,.F.);
#8877 = PLANE('',#8878);
#8878 = AXIS2_PLACEMENT_3D('',#8879,#8880,#8881);
#8879 = CARTESIAN_POINT('',(1.27,1.016,0.));
#8880 = DIRECTION('',(-0.707106781187,-0.707106781187,0.));
#8881 = DIRECTION('',(-0.707106781187,0.707106781187,0.));
#8882 = ADVANCED_FACE('',(#8883),#8894,.F.);
#8883 = FACE_BOUND('',#8884,.F.);
#8884 = EDGE_LOOP('',(#8885,#8886,#8887,#8893));
#8885 = ORIENTED_EDGE('',*,*,#8353,.T.);
#8886 = ORIENTED_EDGE('',*,*,#8624,.T.);
#8887 = ORIENTED_EDGE('',*,*,#8888,.F.);
#8888 = EDGE_CURVE('',#8378,#8625,#8889,.T.);
#8889 = LINE('',#8890,#8891);
#8890 = CARTESIAN_POINT('',(-1.016,-1.27,0.));
#8891 = VECTOR('',#8892,1.);
#8892 = DIRECTION('',(0.,0.,1.));
#8893 = ORIENTED_EDGE('',*,*,#8377,.F.);
#8894 = PLANE('',#8895);
#8895 = AXIS2_PLACEMENT_3D('',#8896,#8897,#8898);
#8896 = CARTESIAN_POINT('',(-1.27,-1.016,0.));
#8897 = DIRECTION('',(0.707106781187,0.707106781187,0.));
#8898 = DIRECTION('',(0.707106781187,-0.707106781187,0.));
#8899 = ADVANCED_FACE('',(#8900),#8911,.F.);
#8900 = FACE_BOUND('',#8901,.F.);
#8901 = EDGE_LOOP('',(#8902,#8908,#8909,#8910));
#8902 = ORIENTED_EDGE('',*,*,#8903,.T.);
#8903 = EDGE_CURVE('',#8490,#8737,#8904,.T.);
#8904 = LINE('',#8905,#8906);
#8905 = CARTESIAN_POINT('',(1.27,-1.016,0.));
#8906 = VECTOR('',#8907,1.);
#8907 = DIRECTION('',(0.,0.,1.));
#8908 = ORIENTED_EDGE('',*,*,#8744,.T.);
#8909 = ORIENTED_EDGE('',*,*,#8869,.F.);
#8910 = ORIENTED_EDGE('',*,*,#8497,.F.);
#8911 = PLANE('',#8912);
#8912 = AXIS2_PLACEMENT_3D('',#8913,#8914,#8915);
#8913 = CARTESIAN_POINT('',(1.27,-1.016,0.));
#8914 = DIRECTION('',(-1.,0.,0.));
#8915 = DIRECTION('',(0.,1.,0.));
#8916 = ADVANCED_FACE('',(#8917),#8928,.F.);
#8917 = FACE_BOUND('',#8918,.F.);
#8918 = EDGE_LOOP('',(#8919,#8920,#8921,#8927));
#8919 = ORIENTED_EDGE('',*,*,#8888,.T.);
#8920 = ORIENTED_EDGE('',*,*,#8632,.T.);
#8921 = ORIENTED_EDGE('',*,*,#8922,.F.);
#8922 = EDGE_CURVE('',#8386,#8633,#8923,.T.);
#8923 = LINE('',#8924,#8925);
#8924 = CARTESIAN_POINT('',(-1.27,-1.524,0.));
#8925 = VECTOR('',#8926,1.);
#8926 = DIRECTION('',(0.,0.,1.));
#8927 = ORIENTED_EDGE('',*,*,#8385,.F.);
#8928 = PLANE('',#8929);
#8929 = AXIS2_PLACEMENT_3D('',#8930,#8931,#8932);
#8930 = CARTESIAN_POINT('',(-1.016,-1.27,0.));
#8931 = DIRECTION('',(0.707106781187,-0.707106781187,0.));
#8932 = DIRECTION('',(-0.707106781187,-0.707106781187,0.));
#8933 = ADVANCED_FACE('',(#8934),#8945,.F.);
#8934 = FACE_BOUND('',#8935,.F.);
#8935 = EDGE_LOOP('',(#8936,#8942,#8943,#8944));
#8936 = ORIENTED_EDGE('',*,*,#8937,.T.);
#8937 = EDGE_CURVE('',#8482,#8729,#8938,.T.);
#8938 = LINE('',#8939,#8940);
#8939 = CARTESIAN_POINT('',(1.016,-1.27,0.));
#8940 = VECTOR('',#8941,1.);
#8941 = DIRECTION('',(0.,0.,1.));
#8942 = ORIENTED_EDGE('',*,*,#8736,.T.);
#8943 = ORIENTED_EDGE('',*,*,#8903,.F.);
#8944 = ORIENTED_EDGE('',*,*,#8489,.F.);
#8945 = PLANE('',#8946);
#8946 = AXIS2_PLACEMENT_3D('',#8947,#8948,#8949);
#8947 = CARTESIAN_POINT('',(1.016,-1.27,0.));
#8948 = DIRECTION('',(-0.707106781187,0.707106781187,0.));
#8949 = DIRECTION('',(0.707106781187,0.707106781187,0.));
#8950 = ADVANCED_FACE('',(#8951),#8962,.F.);
#8951 = FACE_BOUND('',#8952,.F.);
#8952 = EDGE_LOOP('',(#8953,#8954,#8955,#8961));
#8953 = ORIENTED_EDGE('',*,*,#8922,.T.);
#8954 = ORIENTED_EDGE('',*,*,#8640,.T.);
#8955 = ORIENTED_EDGE('',*,*,#8956,.F.);
#8956 = EDGE_CURVE('',#8394,#8641,#8957,.T.);
#8957 = LINE('',#8958,#8959);
#8958 = CARTESIAN_POINT('',(-1.27,-3.556,0.));
#8959 = VECTOR('',#8960,1.);
#8960 = DIRECTION('',(0.,0.,1.));
#8961 = ORIENTED_EDGE('',*,*,#8393,.F.);
#8962 = PLANE('',#8963);
#8963 = AXIS2_PLACEMENT_3D('',#8964,#8965,#8966);
#8964 = CARTESIAN_POINT('',(-1.27,-1.524,0.));
#8965 = DIRECTION('',(1.,0.,0.));
#8966 = DIRECTION('',(0.,-1.,0.));
#8967 = ADVANCED_FACE('',(#8968),#8979,.F.);
#8968 = FACE_BOUND('',#8969,.F.);
#8969 = EDGE_LOOP('',(#8970,#8976,#8977,#8978));
#8970 = ORIENTED_EDGE('',*,*,#8971,.T.);
#8971 = EDGE_CURVE('',#8474,#8721,#8972,.T.);
#8972 = LINE('',#8973,#8974);
#8973 = CARTESIAN_POINT('',(1.27,-1.524,0.));
#8974 = VECTOR('',#8975,1.);
#8975 = DIRECTION('',(0.,0.,1.));
#8976 = ORIENTED_EDGE('',*,*,#8728,.T.);
#8977 = ORIENTED_EDGE('',*,*,#8937,.F.);
#8978 = ORIENTED_EDGE('',*,*,#8481,.F.);
#8979 = PLANE('',#8980);
#8980 = AXIS2_PLACEMENT_3D('',#8981,#8982,#8983);
#8981 = CARTESIAN_POINT('',(1.27,-1.524,0.));
#8982 = DIRECTION('',(-0.707106781187,-0.707106781187,0.));
#8983 = DIRECTION('',(-0.707106781187,0.707106781187,0.));
#8984 = ADVANCED_FACE('',(#8985),#8996,.F.);
#8985 = FACE_BOUND('',#8986,.F.);
#8986 = EDGE_LOOP('',(#8987,#8988,#8989,#8995));
#8987 = ORIENTED_EDGE('',*,*,#8956,.T.);
#8988 = ORIENTED_EDGE('',*,*,#8648,.T.);
#8989 = ORIENTED_EDGE('',*,*,#8990,.F.);
#8990 = EDGE_CURVE('',#8402,#8649,#8991,.T.);
#8991 = LINE('',#8992,#8993);
#8992 = CARTESIAN_POINT('',(-1.016,-3.81,0.));
#8993 = VECTOR('',#8994,1.);
#8994 = DIRECTION('',(0.,0.,1.));
#8995 = ORIENTED_EDGE('',*,*,#8401,.F.);
#8996 = PLANE('',#8997);
#8997 = AXIS2_PLACEMENT_3D('',#8998,#8999,#9000);
#8998 = CARTESIAN_POINT('',(-1.27,-3.556,0.));
#8999 = DIRECTION('',(0.707106781187,0.707106781187,0.));
#9000 = DIRECTION('',(0.707106781187,-0.707106781187,0.));
#9001 = ADVANCED_FACE('',(#9002),#9013,.F.);
#9002 = FACE_BOUND('',#9003,.F.);
#9003 = EDGE_LOOP('',(#9004,#9010,#9011,#9012));
#9004 = ORIENTED_EDGE('',*,*,#9005,.T.);
#9005 = EDGE_CURVE('',#8466,#8713,#9006,.T.);
#9006 = LINE('',#9007,#9008);
#9007 = CARTESIAN_POINT('',(1.27,-3.556,0.));
#9008 = VECTOR('',#9009,1.);
#9009 = DIRECTION('',(0.,0.,1.));
#9010 = ORIENTED_EDGE('',*,*,#8720,.T.);
#9011 = ORIENTED_EDGE('',*,*,#8971,.F.);
#9012 = ORIENTED_EDGE('',*,*,#8473,.F.);
#9013 = PLANE('',#9014);
#9014 = AXIS2_PLACEMENT_3D('',#9015,#9016,#9017);
#9015 = CARTESIAN_POINT('',(1.27,-3.556,0.));
#9016 = DIRECTION('',(-1.,0.,0.));
#9017 = DIRECTION('',(0.,1.,0.));
#9018 = ADVANCED_FACE('',(#9019),#9030,.F.);
#9019 = FACE_BOUND('',#9020,.F.);
#9020 = EDGE_LOOP('',(#9021,#9022,#9023,#9029));
#9021 = ORIENTED_EDGE('',*,*,#8990,.T.);
#9022 = ORIENTED_EDGE('',*,*,#8656,.T.);
#9023 = ORIENTED_EDGE('',*,*,#9024,.F.);
#9024 = EDGE_CURVE('',#8410,#8657,#9025,.T.);
#9025 = LINE('',#9026,#9027);
#9026 = CARTESIAN_POINT('',(-1.27,-4.064,0.));
#9027 = VECTOR('',#9028,1.);
#9028 = DIRECTION('',(0.,0.,1.));
#9029 = ORIENTED_EDGE('',*,*,#8409,.F.);
#9030 = PLANE('',#9031);
#9031 = AXIS2_PLACEMENT_3D('',#9032,#9033,#9034);
#9032 = CARTESIAN_POINT('',(-1.016,-3.81,0.));
#9033 = DIRECTION('',(0.707106781187,-0.707106781187,0.));
#9034 = DIRECTION('',(-0.707106781187,-0.707106781187,0.));
#9035 = ADVANCED_FACE('',(#9036),#9047,.F.);
#9036 = FACE_BOUND('',#9037,.F.);
#9037 = EDGE_LOOP('',(#9038,#9044,#9045,#9046));
#9038 = ORIENTED_EDGE('',*,*,#9039,.T.);
#9039 = EDGE_CURVE('',#8458,#8705,#9040,.T.);
#9040 = LINE('',#9041,#9042);
#9041 = CARTESIAN_POINT('',(1.016,-3.81,0.));
#9042 = VECTOR('',#9043,1.);
#9043 = DIRECTION('',(0.,0.,1.));
#9044 = ORIENTED_EDGE('',*,*,#8712,.T.);
#9045 = ORIENTED_EDGE('',*,*,#9005,.F.);
#9046 = ORIENTED_EDGE('',*,*,#8465,.F.);
#9047 = PLANE('',#9048);
#9048 = AXIS2_PLACEMENT_3D('',#9049,#9050,#9051);
#9049 = CARTESIAN_POINT('',(1.016,-3.81,0.));
#9050 = DIRECTION('',(-0.707106781187,0.707106781187,0.));
#9051 = DIRECTION('',(0.707106781187,0.707106781187,0.));
#9052 = ADVANCED_FACE('',(#9053),#9064,.F.);
#9053 = FACE_BOUND('',#9054,.F.);
#9054 = EDGE_LOOP('',(#9055,#9056,#9057,#9063));
#9055 = ORIENTED_EDGE('',*,*,#9024,.T.);
#9056 = ORIENTED_EDGE('',*,*,#8664,.T.);
#9057 = ORIENTED_EDGE('',*,*,#9058,.F.);
#9058 = EDGE_CURVE('',#8418,#8665,#9059,.T.);
#9059 = LINE('',#9060,#9061);
#9060 = CARTESIAN_POINT('',(-1.27,-6.096,0.));
#9061 = VECTOR('',#9062,1.);
#9062 = DIRECTION('',(0.,0.,1.));
#9063 = ORIENTED_EDGE('',*,*,#8417,.F.);
#9064 = PLANE('',#9065);
#9065 = AXIS2_PLACEMENT_3D('',#9066,#9067,#9068);
#9066 = CARTESIAN_POINT('',(-1.27,-4.064,0.));
#9067 = DIRECTION('',(1.,0.,0.));
#9068 = DIRECTION('',(0.,-1.,0.));
#9069 = ADVANCED_FACE('',(#9070),#9081,.F.);
#9070 = FACE_BOUND('',#9071,.F.);
#9071 = EDGE_LOOP('',(#9072,#9078,#9079,#9080));
#9072 = ORIENTED_EDGE('',*,*,#9073,.T.);
#9073 = EDGE_CURVE('',#8450,#8697,#9074,.T.);
#9074 = LINE('',#9075,#9076);
#9075 = CARTESIAN_POINT('',(1.27,-4.064,0.));
#9076 = VECTOR('',#9077,1.);
#9077 = DIRECTION('',(0.,0.,1.));
#9078 = ORIENTED_EDGE('',*,*,#8704,.T.);
#9079 = ORIENTED_EDGE('',*,*,#9039,.F.);
#9080 = ORIENTED_EDGE('',*,*,#8457,.F.);
#9081 = PLANE('',#9082);
#9082 = AXIS2_PLACEMENT_3D('',#9083,#9084,#9085);
#9083 = CARTESIAN_POINT('',(1.27,-4.064,0.));
#9084 = DIRECTION('',(-0.707106781187,-0.707106781187,0.));
#9085 = DIRECTION('',(-0.707106781187,0.707106781187,0.));
#9086 = ADVANCED_FACE('',(#9087),#9098,.F.);
#9087 = FACE_BOUND('',#9088,.F.);
#9088 = EDGE_LOOP('',(#9089,#9090,#9091,#9097));
#9089 = ORIENTED_EDGE('',*,*,#9058,.T.);
#9090 = ORIENTED_EDGE('',*,*,#8672,.T.);
#9091 = ORIENTED_EDGE('',*,*,#9092,.F.);
#9092 = EDGE_CURVE('',#8426,#8673,#9093,.T.);
#9093 = LINE('',#9094,#9095);
#9094 = CARTESIAN_POINT('',(-1.016,-6.35,0.));
#9095 = VECTOR('',#9096,1.);
#9096 = DIRECTION('',(0.,0.,1.));
#9097 = ORIENTED_EDGE('',*,*,#8425,.F.);
#9098 = PLANE('',#9099);
#9099 = AXIS2_PLACEMENT_3D('',#9100,#9101,#9102);
#9100 = CARTESIAN_POINT('',(-1.27,-6.096,0.));
#9101 = DIRECTION('',(0.707106781187,0.707106781187,0.));
#9102 = DIRECTION('',(0.707106781187,-0.707106781187,0.));
#9103 = ADVANCED_FACE('',(#9104),#9115,.F.);
#9104 = FACE_BOUND('',#9105,.F.);
#9105 = EDGE_LOOP('',(#9106,#9112,#9113,#9114));
#9106 = ORIENTED_EDGE('',*,*,#9107,.T.);
#9107 = EDGE_CURVE('',#8442,#8689,#9108,.T.);
#9108 = LINE('',#9109,#9110);
#9109 = CARTESIAN_POINT('',(1.27,-6.096,0.));
#9110 = VECTOR('',#9111,1.);
#9111 = DIRECTION('',(0.,0.,1.));
#9112 = ORIENTED_EDGE('',*,*,#8696,.T.);
#9113 = ORIENTED_EDGE('',*,*,#9073,.F.);
#9114 = ORIENTED_EDGE('',*,*,#8449,.F.);
#9115 = PLANE('',#9116);
#9116 = AXIS2_PLACEMENT_3D('',#9117,#9118,#9119);
#9117 = CARTESIAN_POINT('',(1.27,-6.096,0.));
#9118 = DIRECTION('',(-1.,0.,0.));
#9119 = DIRECTION('',(0.,1.,0.));
#9120 = ADVANCED_FACE('',(#9121),#9132,.F.);
#9121 = FACE_BOUND('',#9122,.F.);
#9122 = EDGE_LOOP('',(#9123,#9124,#9125,#9131));
#9123 = ORIENTED_EDGE('',*,*,#9092,.T.);
#9124 = ORIENTED_EDGE('',*,*,#8680,.T.);
#9125 = ORIENTED_EDGE('',*,*,#9126,.F.);
#9126 = EDGE_CURVE('',#8434,#8681,#9127,.T.);
#9127 = LINE('',#9128,#9129);
#9128 = CARTESIAN_POINT('',(1.016,-6.35,0.));
#9129 = VECTOR('',#9130,1.);
#9130 = DIRECTION('',(0.,0.,1.));
#9131 = ORIENTED_EDGE('',*,*,#8433,.F.);
#9132 = PLANE('',#9133);
#9133 = AXIS2_PLACEMENT_3D('',#9134,#9135,#9136);
#9134 = CARTESIAN_POINT('',(-1.016,-6.35,0.));
#9135 = DIRECTION('',(0.,1.,0.));
#9136 = DIRECTION('',(1.,0.,0.));
#9137 = ADVANCED_FACE('',(#9138),#9144,.F.);
#9138 = FACE_BOUND('',#9139,.F.);
#9139 = EDGE_LOOP('',(#9140,#9141,#9142,#9143));
#9140 = ORIENTED_EDGE('',*,*,#9126,.T.);
#9141 = ORIENTED_EDGE('',*,*,#8688,.T.);
#9142 = ORIENTED_EDGE('',*,*,#9107,.F.);
#9143 = ORIENTED_EDGE('',*,*,#8441,.F.);
#9144 = PLANE('',#9145);
#9145 = AXIS2_PLACEMENT_3D('',#9146,#9147,#9148);
#9146 = CARTESIAN_POINT('',(1.016,-6.35,0.));
#9147 = DIRECTION('',(-0.707106781187,0.707106781187,0.));
#9148 = DIRECTION('',(0.707106781187,0.707106781187,0.));
#9149 = ADVANCED_FACE('',(#9150),#9175,.T.);
#9150 = FACE_BOUND('',#9151,.T.);
#9151 = EDGE_LOOP('',(#9152,#9160,#9168,#9174));
#9152 = ORIENTED_EDGE('',*,*,#9153,.F.);
#9153 = EDGE_CURVE('',#9154,#8515,#9156,.T.);
#9154 = VERTEX_POINT('',#9155);
#9155 = CARTESIAN_POINT('',(0.32,-0.32,-2.84));
#9156 = LINE('',#9157,#9158);
#9157 = CARTESIAN_POINT('',(0.32,-0.32,-3.));
#9158 = VECTOR('',#9159,1.);
#9159 = DIRECTION('',(0.,0.,1.));
#9160 = ORIENTED_EDGE('',*,*,#9161,.T.);
#9161 = EDGE_CURVE('',#9154,#9162,#9164,.T.);
#9162 = VERTEX_POINT('',#9163);
#9163 = CARTESIAN_POINT('',(0.32,0.32,-2.84));
#9164 = LINE('',#9165,#9166);
#9165 = CARTESIAN_POINT('',(0.32,-0.32,-2.84));
#9166 = VECTOR('',#9167,1.);
#9167 = DIRECTION('',(0.,1.,0.));
#9168 = ORIENTED_EDGE('',*,*,#9169,.T.);
#9169 = EDGE_CURVE('',#9162,#8517,#9170,.T.);
#9170 = LINE('',#9171,#9172);
#9171 = CARTESIAN_POINT('',(0.32,0.32,-3.));
#9172 = VECTOR('',#9173,1.);
#9173 = DIRECTION('',(0.,0.,1.));
#9174 = ORIENTED_EDGE('',*,*,#8514,.F.);
#9175 = PLANE('',#9176);
#9176 = AXIS2_PLACEMENT_3D('',#9177,#9178,#9179);
#9177 = CARTESIAN_POINT('',(0.32,-0.32,-3.));
#9178 = DIRECTION('',(1.,0.,0.));
#9179 = DIRECTION('',(0.,0.,1.));
#9180 = ADVANCED_FACE('',(#9181),#9199,.T.);
#9181 = FACE_BOUND('',#9182,.T.);
#9182 = EDGE_LOOP('',(#9183,#9184,#9192,#9198));
#9183 = ORIENTED_EDGE('',*,*,#9169,.F.);
#9184 = ORIENTED_EDGE('',*,*,#9185,.F.);
#9185 = EDGE_CURVE('',#9186,#9162,#9188,.T.);
#9186 = VERTEX_POINT('',#9187);
#9187 = CARTESIAN_POINT('',(-0.32,0.32,-2.84));
#9188 = LINE('',#9189,#9190);
#9189 = CARTESIAN_POINT('',(-0.32,0.32,-2.84));
#9190 = VECTOR('',#9191,1.);
#9191 = DIRECTION('',(1.,0.,0.));
#9192 = ORIENTED_EDGE('',*,*,#9193,.T.);
#9193 = EDGE_CURVE('',#9186,#8533,#9194,.T.);
#9194 = LINE('',#9195,#9196);
#9195 = CARTESIAN_POINT('',(-0.32,0.32,-3.));
#9196 = VECTOR('',#9197,1.);
#9197 = DIRECTION('',(0.,0.,1.));
#9198 = ORIENTED_EDGE('',*,*,#8540,.F.);
#9199 = PLANE('',#9200);
#9200 = AXIS2_PLACEMENT_3D('',#9201,#9202,#9203);
#9201 = CARTESIAN_POINT('',(-0.32,0.32,-3.));
#9202 = DIRECTION('',(0.,1.,0.));
#9203 = DIRECTION('',(0.,-0.,1.));
#9204 = ADVANCED_FACE('',(#9205),#9223,.F.);
#9205 = FACE_BOUND('',#9206,.F.);
#9206 = EDGE_LOOP('',(#9207,#9215,#9221,#9222));
#9207 = ORIENTED_EDGE('',*,*,#9208,.F.);
#9208 = EDGE_CURVE('',#9209,#8525,#9211,.T.);
#9209 = VERTEX_POINT('',#9210);
#9210 = CARTESIAN_POINT('',(-0.32,-0.32,-2.84));
#9211 = LINE('',#9212,#9213);
#9212 = CARTESIAN_POINT('',(-0.32,-0.32,-3.));
#9213 = VECTOR('',#9214,1.);
#9214 = DIRECTION('',(0.,0.,1.));
#9215 = ORIENTED_EDGE('',*,*,#9216,.T.);
#9216 = EDGE_CURVE('',#9209,#9186,#9217,.T.);
#9217 = LINE('',#9218,#9219);
#9218 = CARTESIAN_POINT('',(-0.32,-0.32,-2.84));
#9219 = VECTOR('',#9220,1.);
#9220 = DIRECTION('',(0.,1.,0.));
#9221 = ORIENTED_EDGE('',*,*,#9193,.T.);
#9222 = ORIENTED_EDGE('',*,*,#8532,.F.);
#9223 = PLANE('',#9224);
#9224 = AXIS2_PLACEMENT_3D('',#9225,#9226,#9227);
#9225 = CARTESIAN_POINT('',(-0.32,-0.32,-3.));
#9226 = DIRECTION('',(1.,0.,0.));
#9227 = DIRECTION('',(0.,0.,1.));
#9228 = ADVANCED_FACE('',(#9229),#9240,.F.);
#9229 = FACE_BOUND('',#9230,.F.);
#9230 = EDGE_LOOP('',(#9231,#9232,#9238,#9239));
#9231 = ORIENTED_EDGE('',*,*,#9153,.F.);
#9232 = ORIENTED_EDGE('',*,*,#9233,.F.);
#9233 = EDGE_CURVE('',#9209,#9154,#9234,.T.);
#9234 = LINE('',#9235,#9236);
#9235 = CARTESIAN_POINT('',(-0.32,-0.32,-2.84));
#9236 = VECTOR('',#9237,1.);
#9237 = DIRECTION('',(1.,0.,0.));
#9238 = ORIENTED_EDGE('',*,*,#9208,.T.);
#9239 = ORIENTED_EDGE('',*,*,#8524,.F.);
#9240 = PLANE('',#9241);
#9241 = AXIS2_PLACEMENT_3D('',#9242,#9243,#9244);
#9242 = CARTESIAN_POINT('',(-0.32,-0.32,-3.));
#9243 = DIRECTION('',(0.,1.,0.));
#9244 = DIRECTION('',(0.,-0.,1.));
#9245 = ADVANCED_FACE('',(#9246),#9271,.F.);
#9246 = FACE_BOUND('',#9247,.F.);
#9247 = EDGE_LOOP('',(#9248,#9256,#9264,#9270));
#9248 = ORIENTED_EDGE('',*,*,#9249,.F.);
#9249 = EDGE_CURVE('',#9250,#8549,#9252,.T.);
#9250 = VERTEX_POINT('',#9251);
#9251 = CARTESIAN_POINT('',(0.32,-2.86,-2.84));
#9252 = LINE('',#9253,#9254);
#9253 = CARTESIAN_POINT('',(0.32,-2.86,-3.));
#9254 = VECTOR('',#9255,1.);
#9255 = DIRECTION('',(0.,0.,1.));
#9256 = ORIENTED_EDGE('',*,*,#9257,.F.);
#9257 = EDGE_CURVE('',#9258,#9250,#9260,.T.);
#9258 = VERTEX_POINT('',#9259);
#9259 = CARTESIAN_POINT('',(-0.32,-2.86,-2.84));
#9260 = LINE('',#9261,#9262);
#9261 = CARTESIAN_POINT('',(-0.32,-2.86,-2.84));
#9262 = VECTOR('',#9263,1.);
#9263 = DIRECTION('',(1.,0.,0.));
#9264 = ORIENTED_EDGE('',*,*,#9265,.T.);
#9265 = EDGE_CURVE('',#9258,#8551,#9266,.T.);
#9266 = LINE('',#9267,#9268);
#9267 = CARTESIAN_POINT('',(-0.32,-2.86,-3.));
#9268 = VECTOR('',#9269,1.);
#9269 = DIRECTION('',(0.,0.,1.));
#9270 = ORIENTED_EDGE('',*,*,#8548,.F.);
#9271 = PLANE('',#9272);
#9272 = AXIS2_PLACEMENT_3D('',#9273,#9274,#9275);
#9273 = CARTESIAN_POINT('',(-0.32,-2.86,-3.));
#9274 = DIRECTION('',(0.,1.,0.));
#9275 = DIRECTION('',(0.,-0.,1.));
#9276 = ADVANCED_FACE('',(#9277),#9295,.T.);
#9277 = FACE_BOUND('',#9278,.T.);
#9278 = EDGE_LOOP('',(#9279,#9280,#9288,#9294));
#9279 = ORIENTED_EDGE('',*,*,#9249,.F.);
#9280 = ORIENTED_EDGE('',*,*,#9281,.T.);
#9281 = EDGE_CURVE('',#9250,#9282,#9284,.T.);
#9282 = VERTEX_POINT('',#9283);
#9283 = CARTESIAN_POINT('',(0.32,-2.22,-2.84));
#9284 = LINE('',#9285,#9286);
#9285 = CARTESIAN_POINT('',(0.32,-2.86,-2.84));
#9286 = VECTOR('',#9287,1.);
#9287 = DIRECTION('',(0.,1.,0.));
#9288 = ORIENTED_EDGE('',*,*,#9289,.T.);
#9289 = EDGE_CURVE('',#9282,#8567,#9290,.T.);
#9290 = LINE('',#9291,#9292);
#9291 = CARTESIAN_POINT('',(0.32,-2.22,-3.));
#9292 = VECTOR('',#9293,1.);
#9293 = DIRECTION('',(0.,0.,1.));
#9294 = ORIENTED_EDGE('',*,*,#8574,.F.);
#9295 = PLANE('',#9296);
#9296 = AXIS2_PLACEMENT_3D('',#9297,#9298,#9299);
#9297 = CARTESIAN_POINT('',(0.32,-2.86,-3.));
#9298 = DIRECTION('',(1.,0.,0.));
#9299 = DIRECTION('',(0.,0.,1.));
#9300 = ADVANCED_FACE('',(#9301),#9319,.T.);
#9301 = FACE_BOUND('',#9302,.T.);
#9302 = EDGE_LOOP('',(#9303,#9304,#9312,#9318));
#9303 = ORIENTED_EDGE('',*,*,#9289,.F.);
#9304 = ORIENTED_EDGE('',*,*,#9305,.F.);
#9305 = EDGE_CURVE('',#9306,#9282,#9308,.T.);
#9306 = VERTEX_POINT('',#9307);
#9307 = CARTESIAN_POINT('',(-0.32,-2.22,-2.84));
#9308 = LINE('',#9309,#9310);
#9309 = CARTESIAN_POINT('',(-0.32,-2.22,-2.84));
#9310 = VECTOR('',#9311,1.);
#9311 = DIRECTION('',(1.,0.,0.));
#9312 = ORIENTED_EDGE('',*,*,#9313,.T.);
#9313 = EDGE_CURVE('',#9306,#8559,#9314,.T.);
#9314 = LINE('',#9315,#9316);
#9315 = CARTESIAN_POINT('',(-0.32,-2.22,-3.));
#9316 = VECTOR('',#9317,1.);
#9317 = DIRECTION('',(0.,0.,1.));
#9318 = ORIENTED_EDGE('',*,*,#8566,.F.);
#9319 = PLANE('',#9320);
#9320 = AXIS2_PLACEMENT_3D('',#9321,#9322,#9323);
#9321 = CARTESIAN_POINT('',(-0.32,-2.22,-3.));
#9322 = DIRECTION('',(0.,1.,0.));
#9323 = DIRECTION('',(0.,-0.,1.));
#9324 = ADVANCED_FACE('',(#9325),#9336,.F.);
#9325 = FACE_BOUND('',#9326,.F.);
#9326 = EDGE_LOOP('',(#9327,#9328,#9334,#9335));
#9327 = ORIENTED_EDGE('',*,*,#9265,.F.);
#9328 = ORIENTED_EDGE('',*,*,#9329,.T.);
#9329 = EDGE_CURVE('',#9258,#9306,#9330,.T.);
#9330 = LINE('',#9331,#9332);
#9331 = CARTESIAN_POINT('',(-0.32,-2.86,-2.84));
#9332 = VECTOR('',#9333,1.);
#9333 = DIRECTION('',(0.,1.,0.));
#9334 = ORIENTED_EDGE('',*,*,#9313,.T.);
#9335 = ORIENTED_EDGE('',*,*,#8558,.F.);
#9336 = PLANE('',#9337);
#9337 = AXIS2_PLACEMENT_3D('',#9338,#9339,#9340);
#9338 = CARTESIAN_POINT('',(-0.32,-2.86,-3.));
#9339 = DIRECTION('',(1.,0.,0.));
#9340 = DIRECTION('',(0.,0.,1.));
#9341 = ADVANCED_FACE('',(#9342),#9367,.T.);
#9342 = FACE_BOUND('',#9343,.T.);
#9343 = EDGE_LOOP('',(#9344,#9352,#9360,#9366));
#9344 = ORIENTED_EDGE('',*,*,#9345,.F.);
#9345 = EDGE_CURVE('',#9346,#8583,#9348,.T.);
#9346 = VERTEX_POINT('',#9347);
#9347 = CARTESIAN_POINT('',(0.32,-4.76,-2.84));
#9348 = LINE('',#9349,#9350);
#9349 = CARTESIAN_POINT('',(0.32,-4.76,-3.));
#9350 = VECTOR('',#9351,1.);
#9351 = DIRECTION('',(0.,0.,1.));
#9352 = ORIENTED_EDGE('',*,*,#9353,.F.);
#9353 = EDGE_CURVE('',#9354,#9346,#9356,.T.);
#9354 = VERTEX_POINT('',#9355);
#9355 = CARTESIAN_POINT('',(-0.32,-4.76,-2.84));
#9356 = LINE('',#9357,#9358);
#9357 = CARTESIAN_POINT('',(-0.32,-4.76,-2.84));
#9358 = VECTOR('',#9359,1.);
#9359 = DIRECTION('',(1.,0.,0.));
#9360 = ORIENTED_EDGE('',*,*,#9361,.T.);
#9361 = EDGE_CURVE('',#9354,#8585,#9362,.T.);
#9362 = LINE('',#9363,#9364);
#9363 = CARTESIAN_POINT('',(-0.32,-4.76,-3.));
#9364 = VECTOR('',#9365,1.);
#9365 = DIRECTION('',(0.,0.,1.));
#9366 = ORIENTED_EDGE('',*,*,#8582,.F.);
#9367 = PLANE('',#9368);
#9368 = AXIS2_PLACEMENT_3D('',#9369,#9370,#9371);
#9369 = CARTESIAN_POINT('',(-0.32,-4.76,-3.));
#9370 = DIRECTION('',(0.,1.,0.));
#9371 = DIRECTION('',(0.,-0.,1.));
#9372 = ADVANCED_FACE('',(#9373),#9391,.F.);
#9373 = FACE_BOUND('',#9374,.F.);
#9374 = EDGE_LOOP('',(#9375,#9383,#9389,#9390));
#9375 = ORIENTED_EDGE('',*,*,#9376,.F.);
#9376 = EDGE_CURVE('',#9377,#8601,#9379,.T.);
#9377 = VERTEX_POINT('',#9378);
#9378 = CARTESIAN_POINT('',(-0.32,-5.4,-2.84));
#9379 = LINE('',#9380,#9381);
#9380 = CARTESIAN_POINT('',(-0.32,-5.4,-3.));
#9381 = VECTOR('',#9382,1.);
#9382 = DIRECTION('',(0.,0.,1.));
#9383 = ORIENTED_EDGE('',*,*,#9384,.T.);
#9384 = EDGE_CURVE('',#9377,#9354,#9385,.T.);
#9385 = LINE('',#9386,#9387);
#9386 = CARTESIAN_POINT('',(-0.32,-5.4,-2.84));
#9387 = VECTOR('',#9388,1.);
#9388 = DIRECTION('',(0.,1.,0.));
#9389 = ORIENTED_EDGE('',*,*,#9361,.T.);
#9390 = ORIENTED_EDGE('',*,*,#8608,.F.);
#9391 = PLANE('',#9392);
#9392 = AXIS2_PLACEMENT_3D('',#9393,#9394,#9395);
#9393 = CARTESIAN_POINT('',(-0.32,-5.4,-3.));
#9394 = DIRECTION('',(1.,0.,0.));
#9395 = DIRECTION('',(0.,0.,1.));
#9396 = ADVANCED_FACE('',(#9397),#9415,.F.);
#9397 = FACE_BOUND('',#9398,.F.);
#9398 = EDGE_LOOP('',(#9399,#9407,#9413,#9414));
#9399 = ORIENTED_EDGE('',*,*,#9400,.F.);
#9400 = EDGE_CURVE('',#9401,#8593,#9403,.T.);
#9401 = VERTEX_POINT('',#9402);
#9402 = CARTESIAN_POINT('',(0.32,-5.4,-2.84));
#9403 = LINE('',#9404,#9405);
#9404 = CARTESIAN_POINT('',(0.32,-5.4,-3.));
#9405 = VECTOR('',#9406,1.);
#9406 = DIRECTION('',(0.,0.,1.));
#9407 = ORIENTED_EDGE('',*,*,#9408,.F.);
#9408 = EDGE_CURVE('',#9377,#9401,#9409,.T.);
#9409 = LINE('',#9410,#9411);
#9410 = CARTESIAN_POINT('',(-0.32,-5.4,-2.84));
#9411 = VECTOR('',#9412,1.);
#9412 = DIRECTION('',(1.,0.,0.));
#9413 = ORIENTED_EDGE('',*,*,#9376,.T.);
#9414 = ORIENTED_EDGE('',*,*,#8600,.F.);
#9415 = PLANE('',#9416);
#9416 = AXIS2_PLACEMENT_3D('',#9417,#9418,#9419);
#9417 = CARTESIAN_POINT('',(-0.32,-5.4,-3.));
#9418 = DIRECTION('',(0.,1.,0.));
#9419 = DIRECTION('',(0.,-0.,1.));
#9420 = ADVANCED_FACE('',(#9421),#9432,.T.);
#9421 = FACE_BOUND('',#9422,.T.);
#9422 = EDGE_LOOP('',(#9423,#9424,#9430,#9431));
#9423 = ORIENTED_EDGE('',*,*,#9400,.F.);
#9424 = ORIENTED_EDGE('',*,*,#9425,.T.);
#9425 = EDGE_CURVE('',#9401,#9346,#9426,.T.);
#9426 = LINE('',#9427,#9428);
#9427 = CARTESIAN_POINT('',(0.32,-5.4,-2.84));
#9428 = VECTOR('',#9429,1.);
#9429 = DIRECTION('',(0.,1.,0.));
#9430 = ORIENTED_EDGE('',*,*,#9345,.T.);
#9431 = ORIENTED_EDGE('',*,*,#8592,.F.);
#9432 = PLANE('',#9433);
#9433 = AXIS2_PLACEMENT_3D('',#9434,#9435,#9436);
#9434 = CARTESIAN_POINT('',(0.32,-5.4,-3.));
#9435 = DIRECTION('',(1.,0.,0.));
#9436 = DIRECTION('',(0.,0.,1.));
#9437 = ADVANCED_FACE('',(#9438),#9463,.T.);
#9438 = FACE_BOUND('',#9439,.T.);
#9439 = EDGE_LOOP('',(#9440,#9448,#9449,#9457));
#9440 = ORIENTED_EDGE('',*,*,#9441,.F.);
#9441 = EDGE_CURVE('',#8762,#9442,#9444,.T.);
#9442 = VERTEX_POINT('',#9443);
#9443 = CARTESIAN_POINT('',(0.32,-0.32,8.38));
#9444 = LINE('',#9445,#9446);
#9445 = CARTESIAN_POINT('',(0.32,-0.32,-3.));
#9446 = VECTOR('',#9447,1.);
#9447 = DIRECTION('',(0.,0.,1.));
#9448 = ORIENTED_EDGE('',*,*,#8761,.T.);
#9449 = ORIENTED_EDGE('',*,*,#9450,.T.);
#9450 = EDGE_CURVE('',#8764,#9451,#9453,.T.);
#9451 = VERTEX_POINT('',#9452);
#9452 = CARTESIAN_POINT('',(0.32,0.32,8.38));
#9453 = LINE('',#9454,#9455);
#9454 = CARTESIAN_POINT('',(0.32,0.32,-3.));
#9455 = VECTOR('',#9456,1.);
#9456 = DIRECTION('',(0.,0.,1.));
#9457 = ORIENTED_EDGE('',*,*,#9458,.F.);
#9458 = EDGE_CURVE('',#9442,#9451,#9459,.T.);
#9459 = LINE('',#9460,#9461);
#9460 = CARTESIAN_POINT('',(0.32,-0.32,8.38));
#9461 = VECTOR('',#9462,1.);
#9462 = DIRECTION('',(0.,1.,0.));
#9463 = PLANE('',#9464);
#9464 = AXIS2_PLACEMENT_3D('',#9465,#9466,#9467);
#9465 = CARTESIAN_POINT('',(0.32,-0.32,-3.));
#9466 = DIRECTION('',(1.,0.,0.));
#9467 = DIRECTION('',(0.,0.,1.));
#9468 = ADVANCED_FACE('',(#9469),#9487,.T.);
#9469 = FACE_BOUND('',#9470,.T.);
#9470 = EDGE_LOOP('',(#9471,#9472,#9473,#9481));
#9471 = ORIENTED_EDGE('',*,*,#9450,.F.);
#9472 = ORIENTED_EDGE('',*,*,#8787,.T.);
#9473 = ORIENTED_EDGE('',*,*,#9474,.T.);
#9474 = EDGE_CURVE('',#8780,#9475,#9477,.T.);
#9475 = VERTEX_POINT('',#9476);
#9476 = CARTESIAN_POINT('',(-0.32,0.32,8.38));
#9477 = LINE('',#9478,#9479);
#9478 = CARTESIAN_POINT('',(-0.32,0.32,-3.));
#9479 = VECTOR('',#9480,1.);
#9480 = DIRECTION('',(0.,0.,1.));
#9481 = ORIENTED_EDGE('',*,*,#9482,.T.);
#9482 = EDGE_CURVE('',#9475,#9451,#9483,.T.);
#9483 = LINE('',#9484,#9485);
#9484 = CARTESIAN_POINT('',(-0.32,0.32,8.38));
#9485 = VECTOR('',#9486,1.);
#9486 = DIRECTION('',(1.,0.,0.));
#9487 = PLANE('',#9488);
#9488 = AXIS2_PLACEMENT_3D('',#9489,#9490,#9491);
#9489 = CARTESIAN_POINT('',(-0.32,0.32,-3.));
#9490 = DIRECTION('',(0.,1.,0.));
#9491 = DIRECTION('',(0.,-0.,1.));
#9492 = ADVANCED_FACE('',(#9493),#9511,.F.);
#9493 = FACE_BOUND('',#9494,.F.);
#9494 = EDGE_LOOP('',(#9495,#9503,#9504,#9505));
#9495 = ORIENTED_EDGE('',*,*,#9496,.F.);
#9496 = EDGE_CURVE('',#8772,#9497,#9499,.T.);
#9497 = VERTEX_POINT('',#9498);
#9498 = CARTESIAN_POINT('',(-0.32,-0.32,8.38));
#9499 = LINE('',#9500,#9501);
#9500 = CARTESIAN_POINT('',(-0.32,-0.32,-3.));
#9501 = VECTOR('',#9502,1.);
#9502 = DIRECTION('',(0.,0.,1.));
#9503 = ORIENTED_EDGE('',*,*,#8779,.T.);
#9504 = ORIENTED_EDGE('',*,*,#9474,.T.);
#9505 = ORIENTED_EDGE('',*,*,#9506,.F.);
#9506 = EDGE_CURVE('',#9497,#9475,#9507,.T.);
#9507 = LINE('',#9508,#9509);
#9508 = CARTESIAN_POINT('',(-0.32,-0.32,8.38));
#9509 = VECTOR('',#9510,1.);
#9510 = DIRECTION('',(0.,1.,0.));
#9511 = PLANE('',#9512);
#9512 = AXIS2_PLACEMENT_3D('',#9513,#9514,#9515);
#9513 = CARTESIAN_POINT('',(-0.32,-0.32,-3.));
#9514 = DIRECTION('',(1.,0.,0.));
#9515 = DIRECTION('',(0.,0.,1.));
#9516 = ADVANCED_FACE('',(#9517),#9528,.F.);
#9517 = FACE_BOUND('',#9518,.F.);
#9518 = EDGE_LOOP('',(#9519,#9520,#9521,#9522));
#9519 = ORIENTED_EDGE('',*,*,#9441,.F.);
#9520 = ORIENTED_EDGE('',*,*,#8771,.T.);
#9521 = ORIENTED_EDGE('',*,*,#9496,.T.);
#9522 = ORIENTED_EDGE('',*,*,#9523,.T.);
#9523 = EDGE_CURVE('',#9497,#9442,#9524,.T.);
#9524 = LINE('',#9525,#9526);
#9525 = CARTESIAN_POINT('',(-0.32,-0.32,8.38));
#9526 = VECTOR('',#9527,1.);
#9527 = DIRECTION('',(1.,0.,0.));
#9528 = PLANE('',#9529);
#9529 = AXIS2_PLACEMENT_3D('',#9530,#9531,#9532);
#9530 = CARTESIAN_POINT('',(-0.32,-0.32,-3.));
#9531 = DIRECTION('',(0.,1.,0.));
#9532 = DIRECTION('',(0.,-0.,1.));
#9533 = ADVANCED_FACE('',(#9534),#9559,.F.);
#9534 = FACE_BOUND('',#9535,.F.);
#9535 = EDGE_LOOP('',(#9536,#9544,#9545,#9553));
#9536 = ORIENTED_EDGE('',*,*,#9537,.F.);
#9537 = EDGE_CURVE('',#8796,#9538,#9540,.T.);
#9538 = VERTEX_POINT('',#9539);
#9539 = CARTESIAN_POINT('',(0.32,-2.86,8.38));
#9540 = LINE('',#9541,#9542);
#9541 = CARTESIAN_POINT('',(0.32,-2.86,-3.));
#9542 = VECTOR('',#9543,1.);
#9543 = DIRECTION('',(0.,0.,1.));
#9544 = ORIENTED_EDGE('',*,*,#8795,.T.);
#9545 = ORIENTED_EDGE('',*,*,#9546,.T.);
#9546 = EDGE_CURVE('',#8798,#9547,#9549,.T.);
#9547 = VERTEX_POINT('',#9548);
#9548 = CARTESIAN_POINT('',(-0.32,-2.86,8.38));
#9549 = LINE('',#9550,#9551);
#9550 = CARTESIAN_POINT('',(-0.32,-2.86,-3.));
#9551 = VECTOR('',#9552,1.);
#9552 = DIRECTION('',(0.,0.,1.));
#9553 = ORIENTED_EDGE('',*,*,#9554,.T.);
#9554 = EDGE_CURVE('',#9547,#9538,#9555,.T.);
#9555 = LINE('',#9556,#9557);
#9556 = CARTESIAN_POINT('',(-0.32,-2.86,8.38));
#9557 = VECTOR('',#9558,1.);
#9558 = DIRECTION('',(1.,0.,0.));
#9559 = PLANE('',#9560);
#9560 = AXIS2_PLACEMENT_3D('',#9561,#9562,#9563);
#9561 = CARTESIAN_POINT('',(-0.32,-2.86,-3.));
#9562 = DIRECTION('',(0.,1.,0.));
#9563 = DIRECTION('',(0.,-0.,1.));
#9564 = ADVANCED_FACE('',(#9565),#9583,.T.);
#9565 = FACE_BOUND('',#9566,.T.);
#9566 = EDGE_LOOP('',(#9567,#9568,#9569,#9577));
#9567 = ORIENTED_EDGE('',*,*,#9537,.F.);
#9568 = ORIENTED_EDGE('',*,*,#8821,.T.);
#9569 = ORIENTED_EDGE('',*,*,#9570,.T.);
#9570 = EDGE_CURVE('',#8814,#9571,#9573,.T.);
#9571 = VERTEX_POINT('',#9572);
#9572 = CARTESIAN_POINT('',(0.32,-2.22,8.38));
#9573 = LINE('',#9574,#9575);
#9574 = CARTESIAN_POINT('',(0.32,-2.22,-3.));
#9575 = VECTOR('',#9576,1.);
#9576 = DIRECTION('',(0.,0.,1.));
#9577 = ORIENTED_EDGE('',*,*,#9578,.F.);
#9578 = EDGE_CURVE('',#9538,#9571,#9579,.T.);
#9579 = LINE('',#9580,#9581);
#9580 = CARTESIAN_POINT('',(0.32,-2.86,8.38));
#9581 = VECTOR('',#9582,1.);
#9582 = DIRECTION('',(0.,1.,0.));
#9583 = PLANE('',#9584);
#9584 = AXIS2_PLACEMENT_3D('',#9585,#9586,#9587);
#9585 = CARTESIAN_POINT('',(0.32,-2.86,-3.));
#9586 = DIRECTION('',(1.,0.,0.));
#9587 = DIRECTION('',(0.,0.,1.));
#9588 = ADVANCED_FACE('',(#9589),#9607,.T.);
#9589 = FACE_BOUND('',#9590,.T.);
#9590 = EDGE_LOOP('',(#9591,#9592,#9593,#9601));
#9591 = ORIENTED_EDGE('',*,*,#9570,.F.);
#9592 = ORIENTED_EDGE('',*,*,#8813,.T.);
#9593 = ORIENTED_EDGE('',*,*,#9594,.T.);
#9594 = EDGE_CURVE('',#8806,#9595,#9597,.T.);
#9595 = VERTEX_POINT('',#9596);
#9596 = CARTESIAN_POINT('',(-0.32,-2.22,8.38));
#9597 = LINE('',#9598,#9599);
#9598 = CARTESIAN_POINT('',(-0.32,-2.22,-3.));
#9599 = VECTOR('',#9600,1.);
#9600 = DIRECTION('',(0.,0.,1.));
#9601 = ORIENTED_EDGE('',*,*,#9602,.T.);
#9602 = EDGE_CURVE('',#9595,#9571,#9603,.T.);
#9603 = LINE('',#9604,#9605);
#9604 = CARTESIAN_POINT('',(-0.32,-2.22,8.38));
#9605 = VECTOR('',#9606,1.);
#9606 = DIRECTION('',(1.,0.,0.));
#9607 = PLANE('',#9608);
#9608 = AXIS2_PLACEMENT_3D('',#9609,#9610,#9611);
#9609 = CARTESIAN_POINT('',(-0.32,-2.22,-3.));
#9610 = DIRECTION('',(0.,1.,0.));
#9611 = DIRECTION('',(0.,-0.,1.));
#9612 = ADVANCED_FACE('',(#9613),#9624,.F.);
#9613 = FACE_BOUND('',#9614,.F.);
#9614 = EDGE_LOOP('',(#9615,#9616,#9617,#9618));
#9615 = ORIENTED_EDGE('',*,*,#9546,.F.);
#9616 = ORIENTED_EDGE('',*,*,#8805,.T.);
#9617 = ORIENTED_EDGE('',*,*,#9594,.T.);
#9618 = ORIENTED_EDGE('',*,*,#9619,.F.);
#9619 = EDGE_CURVE('',#9547,#9595,#9620,.T.);
#9620 = LINE('',#9621,#9622);
#9621 = CARTESIAN_POINT('',(-0.32,-2.86,8.38));
#9622 = VECTOR('',#9623,1.);
#9623 = DIRECTION('',(0.,1.,0.));
#9624 = PLANE('',#9625);
#9625 = AXIS2_PLACEMENT_3D('',#9626,#9627,#9628);
#9626 = CARTESIAN_POINT('',(-0.32,-2.86,-3.));
#9627 = DIRECTION('',(1.,0.,0.));
#9628 = DIRECTION('',(0.,0.,1.));
#9629 = ADVANCED_FACE('',(#9630),#9655,.T.);
#9630 = FACE_BOUND('',#9631,.T.);
#9631 = EDGE_LOOP('',(#9632,#9640,#9641,#9649));
#9632 = ORIENTED_EDGE('',*,*,#9633,.F.);
#9633 = EDGE_CURVE('',#8830,#9634,#9636,.T.);
#9634 = VERTEX_POINT('',#9635);
#9635 = CARTESIAN_POINT('',(0.32,-4.76,8.38));
#9636 = LINE('',#9637,#9638);
#9637 = CARTESIAN_POINT('',(0.32,-4.76,-3.));
#9638 = VECTOR('',#9639,1.);
#9639 = DIRECTION('',(0.,0.,1.));
#9640 = ORIENTED_EDGE('',*,*,#8829,.T.);
#9641 = ORIENTED_EDGE('',*,*,#9642,.T.);
#9642 = EDGE_CURVE('',#8832,#9643,#9645,.T.);
#9643 = VERTEX_POINT('',#9644);
#9644 = CARTESIAN_POINT('',(-0.32,-4.76,8.38));
#9645 = LINE('',#9646,#9647);
#9646 = CARTESIAN_POINT('',(-0.32,-4.76,-3.));
#9647 = VECTOR('',#9648,1.);
#9648 = DIRECTION('',(0.,0.,1.));
#9649 = ORIENTED_EDGE('',*,*,#9650,.T.);
#9650 = EDGE_CURVE('',#9643,#9634,#9651,.T.);
#9651 = LINE('',#9652,#9653);
#9652 = CARTESIAN_POINT('',(-0.32,-4.76,8.38));
#9653 = VECTOR('',#9654,1.);
#9654 = DIRECTION('',(1.,0.,0.));
#9655 = PLANE('',#9656);
#9656 = AXIS2_PLACEMENT_3D('',#9657,#9658,#9659);
#9657 = CARTESIAN_POINT('',(-0.32,-4.76,-3.));
#9658 = DIRECTION('',(0.,1.,0.));
#9659 = DIRECTION('',(0.,-0.,1.));
#9660 = ADVANCED_FACE('',(#9661),#9679,.F.);
#9661 = FACE_BOUND('',#9662,.F.);
#9662 = EDGE_LOOP('',(#9663,#9671,#9672,#9673));
#9663 = ORIENTED_EDGE('',*,*,#9664,.F.);
#9664 = EDGE_CURVE('',#8848,#9665,#9667,.T.);
#9665 = VERTEX_POINT('',#9666);
#9666 = CARTESIAN_POINT('',(-0.32,-5.4,8.38));
#9667 = LINE('',#9668,#9669);
#9668 = CARTESIAN_POINT('',(-0.32,-5.4,-3.));
#9669 = VECTOR('',#9670,1.);
#9670 = DIRECTION('',(0.,0.,1.));
#9671 = ORIENTED_EDGE('',*,*,#8855,.T.);
#9672 = ORIENTED_EDGE('',*,*,#9642,.T.);
#9673 = ORIENTED_EDGE('',*,*,#9674,.F.);
#9674 = EDGE_CURVE('',#9665,#9643,#9675,.T.);
#9675 = LINE('',#9676,#9677);
#9676 = CARTESIAN_POINT('',(-0.32,-5.4,8.38));
#9677 = VECTOR('',#9678,1.);
#9678 = DIRECTION('',(0.,1.,0.));
#9679 = PLANE('',#9680);
#9680 = AXIS2_PLACEMENT_3D('',#9681,#9682,#9683);
#9681 = CARTESIAN_POINT('',(-0.32,-5.4,-3.));
#9682 = DIRECTION('',(1.,0.,0.));
#9683 = DIRECTION('',(0.,0.,1.));
#9684 = ADVANCED_FACE('',(#9685),#9703,.F.);
#9685 = FACE_BOUND('',#9686,.F.);
#9686 = EDGE_LOOP('',(#9687,#9695,#9696,#9697));
#9687 = ORIENTED_EDGE('',*,*,#9688,.F.);
#9688 = EDGE_CURVE('',#8840,#9689,#9691,.T.);
#9689 = VERTEX_POINT('',#9690);
#9690 = CARTESIAN_POINT('',(0.32,-5.4,8.38));
#9691 = LINE('',#9692,#9693);
#9692 = CARTESIAN_POINT('',(0.32,-5.4,-3.));
#9693 = VECTOR('',#9694,1.);
#9694 = DIRECTION('',(0.,0.,1.));
#9695 = ORIENTED_EDGE('',*,*,#8847,.T.);
#9696 = ORIENTED_EDGE('',*,*,#9664,.T.);
#9697 = ORIENTED_EDGE('',*,*,#9698,.T.);
#9698 = EDGE_CURVE('',#9665,#9689,#9699,.T.);
#9699 = LINE('',#9700,#9701);
#9700 = CARTESIAN_POINT('',(-0.32,-5.4,8.38));
#9701 = VECTOR('',#9702,1.);
#9702 = DIRECTION('',(1.,0.,0.));
#9703 = PLANE('',#9704);
#9704 = AXIS2_PLACEMENT_3D('',#9705,#9706,#9707);
#9705 = CARTESIAN_POINT('',(-0.32,-5.4,-3.));
#9706 = DIRECTION('',(0.,1.,0.));
#9707 = DIRECTION('',(0.,-0.,1.));
#9708 = ADVANCED_FACE('',(#9709),#9720,.T.);
#9709 = FACE_BOUND('',#9710,.T.);
#9710 = EDGE_LOOP('',(#9711,#9712,#9713,#9714));
#9711 = ORIENTED_EDGE('',*,*,#9688,.F.);
#9712 = ORIENTED_EDGE('',*,*,#8839,.T.);
#9713 = ORIENTED_EDGE('',*,*,#9633,.T.);
#9714 = ORIENTED_EDGE('',*,*,#9715,.F.);
#9715 = EDGE_CURVE('',#9689,#9634,#9716,.T.);
#9716 = LINE('',#9717,#9718);
#9717 = CARTESIAN_POINT('',(0.32,-5.4,8.38));
#9718 = VECTOR('',#9719,1.);
#9719 = DIRECTION('',(0.,1.,0.));
#9720 = PLANE('',#9721);
#9721 = AXIS2_PLACEMENT_3D('',#9722,#9723,#9724);
#9722 = CARTESIAN_POINT('',(0.32,-5.4,-3.));
#9723 = DIRECTION('',(1.,0.,0.));
#9724 = DIRECTION('',(0.,0.,1.));
#9725 = ADVANCED_FACE('',(#9726),#9751,.F.);
#9726 = FACE_BOUND('',#9727,.F.);
#9727 = EDGE_LOOP('',(#9728,#9736,#9737,#9745));
#9728 = ORIENTED_EDGE('',*,*,#9729,.F.);
#9729 = EDGE_CURVE('',#9154,#9730,#9732,.T.);
#9730 = VERTEX_POINT('',#9731);
#9731 = CARTESIAN_POINT('',(0.16,-0.16,-3.));
#9732 = LINE('',#9733,#9734);
#9733 = CARTESIAN_POINT('',(0.16,-0.16,-3.));
#9734 = VECTOR('',#9735,1.);
#9735 = DIRECTION('',(-0.57735026919,0.57735026919,-0.57735026919));
#9736 = ORIENTED_EDGE('',*,*,#9161,.T.);
#9737 = ORIENTED_EDGE('',*,*,#9738,.T.);
#9738 = EDGE_CURVE('',#9162,#9739,#9741,.T.);
#9739 = VERTEX_POINT('',#9740);
#9740 = CARTESIAN_POINT('',(0.16,0.16,-3.));
#9741 = LINE('',#9742,#9743);
#9742 = CARTESIAN_POINT('',(5.333333333333E-02,5.333333333333E-02,
    -3.106666666667));
#9743 = VECTOR('',#9744,1.);
#9744 = DIRECTION('',(-0.57735026919,-0.57735026919,-0.57735026919));
#9745 = ORIENTED_EDGE('',*,*,#9746,.F.);
#9746 = EDGE_CURVE('',#9730,#9739,#9747,.T.);
#9747 = LINE('',#9748,#9749);
#9748 = CARTESIAN_POINT('',(0.16,-0.32,-3.));
#9749 = VECTOR('',#9750,1.);
#9750 = DIRECTION('',(0.,1.,0.));
#9751 = PLANE('',#9752);
#9752 = AXIS2_PLACEMENT_3D('',#9753,#9754,#9755);
#9753 = CARTESIAN_POINT('',(0.24,-0.32,-2.92));
#9754 = DIRECTION('',(-0.707106781187,1.735167508357E-18,0.707106781187)
  );
#9755 = DIRECTION('',(1.226948711654E-18,1.,-1.226948711654E-18));
#9756 = ADVANCED_FACE('',(#9757),#9775,.F.);
#9757 = FACE_BOUND('',#9758,.T.);
#9758 = EDGE_LOOP('',(#9759,#9767,#9768,#9769));
#9759 = ORIENTED_EDGE('',*,*,#9760,.F.);
#9760 = EDGE_CURVE('',#9186,#9761,#9763,.T.);
#9761 = VERTEX_POINT('',#9762);
#9762 = CARTESIAN_POINT('',(-0.16,0.16,-3.));
#9763 = LINE('',#9764,#9765);
#9764 = CARTESIAN_POINT('',(-0.16,0.16,-3.));
#9765 = VECTOR('',#9766,1.);
#9766 = DIRECTION('',(0.57735026919,-0.57735026919,-0.57735026919));
#9767 = ORIENTED_EDGE('',*,*,#9185,.T.);
#9768 = ORIENTED_EDGE('',*,*,#9738,.T.);
#9769 = ORIENTED_EDGE('',*,*,#9770,.F.);
#9770 = EDGE_CURVE('',#9761,#9739,#9771,.T.);
#9771 = LINE('',#9772,#9773);
#9772 = CARTESIAN_POINT('',(-0.32,0.16,-3.));
#9773 = VECTOR('',#9774,1.);
#9774 = DIRECTION('',(1.,0.,0.));
#9775 = PLANE('',#9776);
#9776 = AXIS2_PLACEMENT_3D('',#9777,#9778,#9779);
#9777 = CARTESIAN_POINT('',(-0.32,0.24,-2.92));
#9778 = DIRECTION('',(-1.735167508357E-18,-0.707106781187,0.707106781187
    ));
#9779 = DIRECTION('',(-1.,1.226948711654E-18,-1.226948711654E-18));
#9780 = ADVANCED_FACE('',(#9781),#9799,.T.);
#9781 = FACE_BOUND('',#9782,.T.);
#9782 = EDGE_LOOP('',(#9783,#9791,#9792,#9793));
#9783 = ORIENTED_EDGE('',*,*,#9784,.F.);
#9784 = EDGE_CURVE('',#9209,#9785,#9787,.T.);
#9785 = VERTEX_POINT('',#9786);
#9786 = CARTESIAN_POINT('',(-0.16,-0.16,-3.));
#9787 = LINE('',#9788,#9789);
#9788 = CARTESIAN_POINT('',(-0.266666666667,-0.266666666667,
    -2.893333333333));
#9789 = VECTOR('',#9790,1.);
#9790 = DIRECTION('',(0.57735026919,0.57735026919,-0.57735026919));
#9791 = ORIENTED_EDGE('',*,*,#9216,.T.);
#9792 = ORIENTED_EDGE('',*,*,#9760,.T.);
#9793 = ORIENTED_EDGE('',*,*,#9794,.F.);
#9794 = EDGE_CURVE('',#9785,#9761,#9795,.T.);
#9795 = LINE('',#9796,#9797);
#9796 = CARTESIAN_POINT('',(-0.16,-0.32,-3.));
#9797 = VECTOR('',#9798,1.);
#9798 = DIRECTION('',(0.,1.,0.));
#9799 = PLANE('',#9800);
#9800 = AXIS2_PLACEMENT_3D('',#9801,#9802,#9803);
#9801 = CARTESIAN_POINT('',(-0.24,-0.32,-2.92));
#9802 = DIRECTION('',(-0.707106781187,-1.735167508357E-18,
    -0.707106781187));
#9803 = DIRECTION('',(-1.226948711654E-18,1.,-1.226948711654E-18));
#9804 = ADVANCED_FACE('',(#9805),#9816,.T.);
#9805 = FACE_BOUND('',#9806,.F.);
#9806 = EDGE_LOOP('',(#9807,#9808,#9809,#9810));
#9807 = ORIENTED_EDGE('',*,*,#9784,.F.);
#9808 = ORIENTED_EDGE('',*,*,#9233,.T.);
#9809 = ORIENTED_EDGE('',*,*,#9729,.T.);
#9810 = ORIENTED_EDGE('',*,*,#9811,.F.);
#9811 = EDGE_CURVE('',#9785,#9730,#9812,.T.);
#9812 = LINE('',#9813,#9814);
#9813 = CARTESIAN_POINT('',(-0.32,-0.16,-3.));
#9814 = VECTOR('',#9815,1.);
#9815 = DIRECTION('',(1.,0.,0.));
#9816 = PLANE('',#9817);
#9817 = AXIS2_PLACEMENT_3D('',#9818,#9819,#9820);
#9818 = CARTESIAN_POINT('',(-0.32,-0.24,-2.92));
#9819 = DIRECTION('',(1.735167508357E-18,-0.707106781187,-0.707106781187
    ));
#9820 = DIRECTION('',(-1.,-1.226948711654E-18,-1.226948711654E-18));
#9821 = ADVANCED_FACE('',(#9822),#9847,.T.);
#9822 = FACE_BOUND('',#9823,.F.);
#9823 = EDGE_LOOP('',(#9824,#9832,#9833,#9841));
#9824 = ORIENTED_EDGE('',*,*,#9825,.F.);
#9825 = EDGE_CURVE('',#9258,#9826,#9828,.T.);
#9826 = VERTEX_POINT('',#9827);
#9827 = CARTESIAN_POINT('',(-0.16,-2.7,-3.));
#9828 = LINE('',#9829,#9830);
#9829 = CARTESIAN_POINT('',(-0.266666666667,-2.806666666667,
    -2.893333333333));
#9830 = VECTOR('',#9831,1.);
#9831 = DIRECTION('',(0.57735026919,0.57735026919,-0.57735026919));
#9832 = ORIENTED_EDGE('',*,*,#9257,.T.);
#9833 = ORIENTED_EDGE('',*,*,#9834,.T.);
#9834 = EDGE_CURVE('',#9250,#9835,#9837,.T.);
#9835 = VERTEX_POINT('',#9836);
#9836 = CARTESIAN_POINT('',(0.16,-2.7,-3.));
#9837 = LINE('',#9838,#9839);
#9838 = CARTESIAN_POINT('',(0.16,-2.7,-3.));
#9839 = VECTOR('',#9840,1.);
#9840 = DIRECTION('',(-0.57735026919,0.57735026919,-0.57735026919));
#9841 = ORIENTED_EDGE('',*,*,#9842,.F.);
#9842 = EDGE_CURVE('',#9826,#9835,#9843,.T.);
#9843 = LINE('',#9844,#9845);
#9844 = CARTESIAN_POINT('',(-0.32,-2.7,-3.));
#9845 = VECTOR('',#9846,1.);
#9846 = DIRECTION('',(1.,0.,0.));
#9847 = PLANE('',#9848);
#9848 = AXIS2_PLACEMENT_3D('',#9849,#9850,#9851);
#9849 = CARTESIAN_POINT('',(-0.32,-2.78,-2.92));
#9850 = DIRECTION('',(1.735167508357E-18,-0.707106781187,-0.707106781187
    ));
#9851 = DIRECTION('',(-1.,-1.226948711654E-18,-1.226948711654E-18));
#9852 = ADVANCED_FACE('',(#9853),#9871,.F.);
#9853 = FACE_BOUND('',#9854,.F.);
#9854 = EDGE_LOOP('',(#9855,#9856,#9857,#9865));
#9855 = ORIENTED_EDGE('',*,*,#9834,.F.);
#9856 = ORIENTED_EDGE('',*,*,#9281,.T.);
#9857 = ORIENTED_EDGE('',*,*,#9858,.T.);
#9858 = EDGE_CURVE('',#9282,#9859,#9861,.T.);
#9859 = VERTEX_POINT('',#9860);
#9860 = CARTESIAN_POINT('',(0.16,-2.38,-3.));
#9861 = LINE('',#9862,#9863);
#9862 = CARTESIAN_POINT('',(5.333333333333E-02,-2.486666666667,
    -3.106666666667));
#9863 = VECTOR('',#9864,1.);
#9864 = DIRECTION('',(-0.57735026919,-0.57735026919,-0.57735026919));
#9865 = ORIENTED_EDGE('',*,*,#9866,.F.);
#9866 = EDGE_CURVE('',#9835,#9859,#9867,.T.);
#9867 = LINE('',#9868,#9869);
#9868 = CARTESIAN_POINT('',(0.16,-2.86,-3.));
#9869 = VECTOR('',#9870,1.);
#9870 = DIRECTION('',(0.,1.,0.));
#9871 = PLANE('',#9872);
#9872 = AXIS2_PLACEMENT_3D('',#9873,#9874,#9875);
#9873 = CARTESIAN_POINT('',(0.24,-2.86,-2.92));
#9874 = DIRECTION('',(-0.707106781187,1.735167508357E-18,0.707106781187)
  );
#9875 = DIRECTION('',(1.226948711654E-18,1.,-1.226948711654E-18));
#9876 = ADVANCED_FACE('',(#9877),#9895,.F.);
#9877 = FACE_BOUND('',#9878,.T.);
#9878 = EDGE_LOOP('',(#9879,#9887,#9888,#9889));
#9879 = ORIENTED_EDGE('',*,*,#9880,.F.);
#9880 = EDGE_CURVE('',#9306,#9881,#9883,.T.);
#9881 = VERTEX_POINT('',#9882);
#9882 = CARTESIAN_POINT('',(-0.16,-2.38,-3.));
#9883 = LINE('',#9884,#9885);
#9884 = CARTESIAN_POINT('',(-0.16,-2.38,-3.));
#9885 = VECTOR('',#9886,1.);
#9886 = DIRECTION('',(0.57735026919,-0.57735026919,-0.57735026919));
#9887 = ORIENTED_EDGE('',*,*,#9305,.T.);
#9888 = ORIENTED_EDGE('',*,*,#9858,.T.);
#9889 = ORIENTED_EDGE('',*,*,#9890,.F.);
#9890 = EDGE_CURVE('',#9881,#9859,#9891,.T.);
#9891 = LINE('',#9892,#9893);
#9892 = CARTESIAN_POINT('',(-0.32,-2.38,-3.));
#9893 = VECTOR('',#9894,1.);
#9894 = DIRECTION('',(1.,0.,0.));
#9895 = PLANE('',#9896);
#9896 = AXIS2_PLACEMENT_3D('',#9897,#9898,#9899);
#9897 = CARTESIAN_POINT('',(-0.32,-2.3,-2.92));
#9898 = DIRECTION('',(-1.735167508357E-18,-0.707106781187,0.707106781187
    ));
#9899 = DIRECTION('',(-1.,1.226948711654E-18,-1.226948711654E-18));
#9900 = ADVANCED_FACE('',(#9901),#9912,.T.);
#9901 = FACE_BOUND('',#9902,.T.);
#9902 = EDGE_LOOP('',(#9903,#9904,#9905,#9906));
#9903 = ORIENTED_EDGE('',*,*,#9825,.F.);
#9904 = ORIENTED_EDGE('',*,*,#9329,.T.);
#9905 = ORIENTED_EDGE('',*,*,#9880,.T.);
#9906 = ORIENTED_EDGE('',*,*,#9907,.F.);
#9907 = EDGE_CURVE('',#9826,#9881,#9908,.T.);
#9908 = LINE('',#9909,#9910);
#9909 = CARTESIAN_POINT('',(-0.16,-2.86,-3.));
#9910 = VECTOR('',#9911,1.);
#9911 = DIRECTION('',(0.,1.,0.));
#9912 = PLANE('',#9913);
#9913 = AXIS2_PLACEMENT_3D('',#9914,#9915,#9916);
#9914 = CARTESIAN_POINT('',(-0.24,-2.86,-2.92));
#9915 = DIRECTION('',(-0.707106781187,-1.735167508357E-18,
    -0.707106781187));
#9916 = DIRECTION('',(-1.226948711654E-18,1.,-1.226948711654E-18));
#9917 = ADVANCED_FACE('',(#9918),#9943,.F.);
#9918 = FACE_BOUND('',#9919,.T.);
#9919 = EDGE_LOOP('',(#9920,#9928,#9929,#9937));
#9920 = ORIENTED_EDGE('',*,*,#9921,.F.);
#9921 = EDGE_CURVE('',#9354,#9922,#9924,.T.);
#9922 = VERTEX_POINT('',#9923);
#9923 = CARTESIAN_POINT('',(-0.16,-4.92,-3.));
#9924 = LINE('',#9925,#9926);
#9925 = CARTESIAN_POINT('',(-0.16,-4.92,-3.));
#9926 = VECTOR('',#9927,1.);
#9927 = DIRECTION('',(0.57735026919,-0.57735026919,-0.57735026919));
#9928 = ORIENTED_EDGE('',*,*,#9353,.T.);
#9929 = ORIENTED_EDGE('',*,*,#9930,.T.);
#9930 = EDGE_CURVE('',#9346,#9931,#9933,.T.);
#9931 = VERTEX_POINT('',#9932);
#9932 = CARTESIAN_POINT('',(0.16,-4.92,-3.));
#9933 = LINE('',#9934,#9935);
#9934 = CARTESIAN_POINT('',(5.333333333333E-02,-5.026666666667,
    -3.106666666667));
#9935 = VECTOR('',#9936,1.);
#9936 = DIRECTION('',(-0.57735026919,-0.57735026919,-0.57735026919));
#9937 = ORIENTED_EDGE('',*,*,#9938,.F.);
#9938 = EDGE_CURVE('',#9922,#9931,#9939,.T.);
#9939 = LINE('',#9940,#9941);
#9940 = CARTESIAN_POINT('',(-0.32,-4.92,-3.));
#9941 = VECTOR('',#9942,1.);
#9942 = DIRECTION('',(1.,0.,0.));
#9943 = PLANE('',#9944);
#9944 = AXIS2_PLACEMENT_3D('',#9945,#9946,#9947);
#9945 = CARTESIAN_POINT('',(-0.32,-4.84,-2.92));
#9946 = DIRECTION('',(-1.735167508357E-18,-0.707106781187,0.707106781187
    ));
#9947 = DIRECTION('',(-1.,1.226948711654E-18,-1.226948711654E-18));
#9948 = ADVANCED_FACE('',(#9949),#9967,.T.);
#9949 = FACE_BOUND('',#9950,.T.);
#9950 = EDGE_LOOP('',(#9951,#9959,#9960,#9961));
#9951 = ORIENTED_EDGE('',*,*,#9952,.F.);
#9952 = EDGE_CURVE('',#9377,#9953,#9955,.T.);
#9953 = VERTEX_POINT('',#9954);
#9954 = CARTESIAN_POINT('',(-0.16,-5.24,-3.));
#9955 = LINE('',#9956,#9957);
#9956 = CARTESIAN_POINT('',(-0.266666666667,-5.346666666667,
    -2.893333333333));
#9957 = VECTOR('',#9958,1.);
#9958 = DIRECTION('',(0.57735026919,0.57735026919,-0.57735026919));
#9959 = ORIENTED_EDGE('',*,*,#9384,.T.);
#9960 = ORIENTED_EDGE('',*,*,#9921,.T.);
#9961 = ORIENTED_EDGE('',*,*,#9962,.F.);
#9962 = EDGE_CURVE('',#9953,#9922,#9963,.T.);
#9963 = LINE('',#9964,#9965);
#9964 = CARTESIAN_POINT('',(-0.16,-5.4,-3.));
#9965 = VECTOR('',#9966,1.);
#9966 = DIRECTION('',(0.,1.,0.));
#9967 = PLANE('',#9968);
#9968 = AXIS2_PLACEMENT_3D('',#9969,#9970,#9971);
#9969 = CARTESIAN_POINT('',(-0.24,-5.4,-2.92));
#9970 = DIRECTION('',(-0.707106781187,-1.735167508357E-18,
    -0.707106781187));
#9971 = DIRECTION('',(-1.226948711654E-18,1.,-1.226948711654E-18));
#9972 = ADVANCED_FACE('',(#9973),#9991,.T.);
#9973 = FACE_BOUND('',#9974,.F.);
#9974 = EDGE_LOOP('',(#9975,#9976,#9977,#9985));
#9975 = ORIENTED_EDGE('',*,*,#9952,.F.);
#9976 = ORIENTED_EDGE('',*,*,#9408,.T.);
#9977 = ORIENTED_EDGE('',*,*,#9978,.T.);
#9978 = EDGE_CURVE('',#9401,#9979,#9981,.T.);
#9979 = VERTEX_POINT('',#9980);
#9980 = CARTESIAN_POINT('',(0.16,-5.24,-3.));
#9981 = LINE('',#9982,#9983);
#9982 = CARTESIAN_POINT('',(0.16,-5.24,-3.));
#9983 = VECTOR('',#9984,1.);
#9984 = DIRECTION('',(-0.57735026919,0.57735026919,-0.57735026919));
#9985 = ORIENTED_EDGE('',*,*,#9986,.F.);
#9986 = EDGE_CURVE('',#9953,#9979,#9987,.T.);
#9987 = LINE('',#9988,#9989);
#9988 = CARTESIAN_POINT('',(-0.32,-5.24,-3.));
#9989 = VECTOR('',#9990,1.);
#9990 = DIRECTION('',(1.,0.,0.));
#9991 = PLANE('',#9992);
#9992 = AXIS2_PLACEMENT_3D('',#9993,#9994,#9995);
#9993 = CARTESIAN_POINT('',(-0.32,-5.32,-2.92));
#9994 = DIRECTION('',(1.735167508357E-18,-0.707106781187,-0.707106781187
    ));
#9995 = DIRECTION('',(-1.,-1.226948711654E-18,-1.226948711654E-18));
#9996 = ADVANCED_FACE('',(#9997),#10008,.F.);
#9997 = FACE_BOUND('',#9998,.F.);
#9998 = EDGE_LOOP('',(#9999,#10000,#10001,#10002));
#9999 = ORIENTED_EDGE('',*,*,#9978,.F.);
#10000 = ORIENTED_EDGE('',*,*,#9425,.T.);
#10001 = ORIENTED_EDGE('',*,*,#9930,.T.);
#10002 = ORIENTED_EDGE('',*,*,#10003,.F.);
#10003 = EDGE_CURVE('',#9979,#9931,#10004,.T.);
#10004 = LINE('',#10005,#10006);
#10005 = CARTESIAN_POINT('',(0.16,-5.4,-3.));
#10006 = VECTOR('',#10007,1.);
#10007 = DIRECTION('',(0.,1.,0.));
#10008 = PLANE('',#10009);
#10009 = AXIS2_PLACEMENT_3D('',#10010,#10011,#10012);
#10010 = CARTESIAN_POINT('',(0.24,-5.4,-2.92));
#10011 = DIRECTION('',(-0.707106781187,1.735167508357E-18,0.707106781187
    ));
#10012 = DIRECTION('',(1.226948711654E-18,1.,-1.226948711654E-18));
#10013 = ADVANCED_FACE('',(#10014),#10039,.T.);
#10014 = FACE_BOUND('',#10015,.T.);
#10015 = EDGE_LOOP('',(#10016,#10024,#10025,#10033));
#10016 = ORIENTED_EDGE('',*,*,#10017,.F.);
#10017 = EDGE_CURVE('',#9442,#10018,#10020,.T.);
#10018 = VERTEX_POINT('',#10019);
#10019 = CARTESIAN_POINT('',(0.16,-0.16,8.54));
#10020 = LINE('',#10021,#10022);
#10021 = CARTESIAN_POINT('',(0.16,-0.16,8.54));
#10022 = VECTOR('',#10023,1.);
#10023 = DIRECTION('',(-0.57735026919,0.57735026919,0.57735026919));
#10024 = ORIENTED_EDGE('',*,*,#9458,.T.);
#10025 = ORIENTED_EDGE('',*,*,#10026,.T.);
#10026 = EDGE_CURVE('',#9451,#10027,#10029,.T.);
#10027 = VERTEX_POINT('',#10028);
#10028 = CARTESIAN_POINT('',(0.16,0.16,8.54));
#10029 = LINE('',#10030,#10031);
#10030 = CARTESIAN_POINT('',(5.333333333333E-02,5.333333333333E-02,
    8.646666666667));
#10031 = VECTOR('',#10032,1.);
#10032 = DIRECTION('',(-0.57735026919,-0.57735026919,0.57735026919));
#10033 = ORIENTED_EDGE('',*,*,#10034,.F.);
#10034 = EDGE_CURVE('',#10018,#10027,#10035,.T.);
#10035 = LINE('',#10036,#10037);
#10036 = CARTESIAN_POINT('',(0.16,-0.32,8.54));
#10037 = VECTOR('',#10038,1.);
#10038 = DIRECTION('',(0.,1.,0.));
#10039 = PLANE('',#10040);
#10040 = AXIS2_PLACEMENT_3D('',#10041,#10042,#10043);
#10041 = CARTESIAN_POINT('',(0.24,-0.32,8.46));
#10042 = DIRECTION('',(0.707106781187,-1.735167508357E-18,0.707106781187
    ));
#10043 = DIRECTION('',(1.226948711654E-18,1.,1.226948711654E-18));
#10044 = ADVANCED_FACE('',(#10045),#10063,.T.);
#10045 = FACE_BOUND('',#10046,.F.);
#10046 = EDGE_LOOP('',(#10047,#10055,#10056,#10057));
#10047 = ORIENTED_EDGE('',*,*,#10048,.F.);
#10048 = EDGE_CURVE('',#9475,#10049,#10051,.T.);
#10049 = VERTEX_POINT('',#10050);
#10050 = CARTESIAN_POINT('',(-0.16,0.16,8.54));
#10051 = LINE('',#10052,#10053);
#10052 = CARTESIAN_POINT('',(-0.16,0.16,8.54));
#10053 = VECTOR('',#10054,1.);
#10054 = DIRECTION('',(0.57735026919,-0.57735026919,0.57735026919));
#10055 = ORIENTED_EDGE('',*,*,#9482,.T.);
#10056 = ORIENTED_EDGE('',*,*,#10026,.T.);
#10057 = ORIENTED_EDGE('',*,*,#10058,.F.);
#10058 = EDGE_CURVE('',#10049,#10027,#10059,.T.);
#10059 = LINE('',#10060,#10061);
#10060 = CARTESIAN_POINT('',(-0.32,0.16,8.54));
#10061 = VECTOR('',#10062,1.);
#10062 = DIRECTION('',(1.,0.,0.));
#10063 = PLANE('',#10064);
#10064 = AXIS2_PLACEMENT_3D('',#10065,#10066,#10067);
#10065 = CARTESIAN_POINT('',(-0.32,0.24,8.46));
#10066 = DIRECTION('',(1.735167508357E-18,0.707106781187,0.707106781187)
  );
#10067 = DIRECTION('',(-1.,1.226948711654E-18,1.226948711654E-18));
#10068 = ADVANCED_FACE('',(#10069),#10087,.F.);
#10069 = FACE_BOUND('',#10070,.F.);
#10070 = EDGE_LOOP('',(#10071,#10079,#10080,#10081));
#10071 = ORIENTED_EDGE('',*,*,#10072,.F.);
#10072 = EDGE_CURVE('',#9497,#10073,#10075,.T.);
#10073 = VERTEX_POINT('',#10074);
#10074 = CARTESIAN_POINT('',(-0.16,-0.16,8.54));
#10075 = LINE('',#10076,#10077);
#10076 = CARTESIAN_POINT('',(-0.266666666667,-0.266666666667,
    8.433333333333));
#10077 = VECTOR('',#10078,1.);
#10078 = DIRECTION('',(0.57735026919,0.57735026919,0.57735026919));
#10079 = ORIENTED_EDGE('',*,*,#9506,.T.);
#10080 = ORIENTED_EDGE('',*,*,#10048,.T.);
#10081 = ORIENTED_EDGE('',*,*,#10082,.F.);
#10082 = EDGE_CURVE('',#10073,#10049,#10083,.T.);
#10083 = LINE('',#10084,#10085);
#10084 = CARTESIAN_POINT('',(-0.16,-0.32,8.54));
#10085 = VECTOR('',#10086,1.);
#10086 = DIRECTION('',(0.,1.,0.));
#10087 = PLANE('',#10088);
#10088 = AXIS2_PLACEMENT_3D('',#10089,#10090,#10091);
#10089 = CARTESIAN_POINT('',(-0.24,-0.32,8.46));
#10090 = DIRECTION('',(0.707106781187,1.735167508357E-18,-0.707106781187
    ));
#10091 = DIRECTION('',(-1.226948711654E-18,1.,1.226948711654E-18));
#10092 = ADVANCED_FACE('',(#10093),#10104,.F.);
#10093 = FACE_BOUND('',#10094,.T.);
#10094 = EDGE_LOOP('',(#10095,#10096,#10097,#10098));
#10095 = ORIENTED_EDGE('',*,*,#10072,.F.);
#10096 = ORIENTED_EDGE('',*,*,#9523,.T.);
#10097 = ORIENTED_EDGE('',*,*,#10017,.T.);
#10098 = ORIENTED_EDGE('',*,*,#10099,.F.);
#10099 = EDGE_CURVE('',#10073,#10018,#10100,.T.);
#10100 = LINE('',#10101,#10102);
#10101 = CARTESIAN_POINT('',(-0.32,-0.16,8.54));
#10102 = VECTOR('',#10103,1.);
#10103 = DIRECTION('',(1.,0.,0.));
#10104 = PLANE('',#10105);
#10105 = AXIS2_PLACEMENT_3D('',#10106,#10107,#10108);
#10106 = CARTESIAN_POINT('',(-0.32,-0.24,8.46));
#10107 = DIRECTION('',(-1.735167508357E-18,0.707106781187,
    -0.707106781187));
#10108 = DIRECTION('',(-1.,-1.226948711654E-18,1.226948711654E-18));
#10109 = ADVANCED_FACE('',(#10110),#10135,.F.);
#10110 = FACE_BOUND('',#10111,.T.);
#10111 = EDGE_LOOP('',(#10112,#10120,#10121,#10129));
#10112 = ORIENTED_EDGE('',*,*,#10113,.F.);
#10113 = EDGE_CURVE('',#9547,#10114,#10116,.T.);
#10114 = VERTEX_POINT('',#10115);
#10115 = CARTESIAN_POINT('',(-0.16,-2.7,8.54));
#10116 = LINE('',#10117,#10118);
#10117 = CARTESIAN_POINT('',(-0.266666666667,-2.806666666667,
    8.433333333333));
#10118 = VECTOR('',#10119,1.);
#10119 = DIRECTION('',(0.57735026919,0.57735026919,0.57735026919));
#10120 = ORIENTED_EDGE('',*,*,#9554,.T.);
#10121 = ORIENTED_EDGE('',*,*,#10122,.T.);
#10122 = EDGE_CURVE('',#9538,#10123,#10125,.T.);
#10123 = VERTEX_POINT('',#10124);
#10124 = CARTESIAN_POINT('',(0.16,-2.7,8.54));
#10125 = LINE('',#10126,#10127);
#10126 = CARTESIAN_POINT('',(0.16,-2.7,8.54));
#10127 = VECTOR('',#10128,1.);
#10128 = DIRECTION('',(-0.57735026919,0.57735026919,0.57735026919));
#10129 = ORIENTED_EDGE('',*,*,#10130,.F.);
#10130 = EDGE_CURVE('',#10114,#10123,#10131,.T.);
#10131 = LINE('',#10132,#10133);
#10132 = CARTESIAN_POINT('',(-0.32,-2.7,8.54));
#10133 = VECTOR('',#10134,1.);
#10134 = DIRECTION('',(1.,0.,0.));
#10135 = PLANE('',#10136);
#10136 = AXIS2_PLACEMENT_3D('',#10137,#10138,#10139);
#10137 = CARTESIAN_POINT('',(-0.32,-2.78,8.46));
#10138 = DIRECTION('',(-1.735167508357E-18,0.707106781187,
    -0.707106781187));
#10139 = DIRECTION('',(-1.,-1.226948711654E-18,1.226948711654E-18));
#10140 = ADVANCED_FACE('',(#10141),#10159,.T.);
#10141 = FACE_BOUND('',#10142,.T.);
#10142 = EDGE_LOOP('',(#10143,#10144,#10145,#10153));
#10143 = ORIENTED_EDGE('',*,*,#10122,.F.);
#10144 = ORIENTED_EDGE('',*,*,#9578,.T.);
#10145 = ORIENTED_EDGE('',*,*,#10146,.T.);
#10146 = EDGE_CURVE('',#9571,#10147,#10149,.T.);
#10147 = VERTEX_POINT('',#10148);
#10148 = CARTESIAN_POINT('',(0.16,-2.38,8.54));
#10149 = LINE('',#10150,#10151);
#10150 = CARTESIAN_POINT('',(5.333333333333E-02,-2.486666666667,
    8.646666666667));
#10151 = VECTOR('',#10152,1.);
#10152 = DIRECTION('',(-0.57735026919,-0.57735026919,0.57735026919));
#10153 = ORIENTED_EDGE('',*,*,#10154,.F.);
#10154 = EDGE_CURVE('',#10123,#10147,#10155,.T.);
#10155 = LINE('',#10156,#10157);
#10156 = CARTESIAN_POINT('',(0.16,-2.86,8.54));
#10157 = VECTOR('',#10158,1.);
#10158 = DIRECTION('',(0.,1.,0.));
#10159 = PLANE('',#10160);
#10160 = AXIS2_PLACEMENT_3D('',#10161,#10162,#10163);
#10161 = CARTESIAN_POINT('',(0.24,-2.86,8.46));
#10162 = DIRECTION('',(0.707106781187,-1.735167508357E-18,0.707106781187
    ));
#10163 = DIRECTION('',(1.226948711654E-18,1.,1.226948711654E-18));
#10164 = ADVANCED_FACE('',(#10165),#10183,.T.);
#10165 = FACE_BOUND('',#10166,.F.);
#10166 = EDGE_LOOP('',(#10167,#10175,#10176,#10177));
#10167 = ORIENTED_EDGE('',*,*,#10168,.F.);
#10168 = EDGE_CURVE('',#9595,#10169,#10171,.T.);
#10169 = VERTEX_POINT('',#10170);
#10170 = CARTESIAN_POINT('',(-0.16,-2.38,8.54));
#10171 = LINE('',#10172,#10173);
#10172 = CARTESIAN_POINT('',(-0.16,-2.38,8.54));
#10173 = VECTOR('',#10174,1.);
#10174 = DIRECTION('',(0.57735026919,-0.57735026919,0.57735026919));
#10175 = ORIENTED_EDGE('',*,*,#9602,.T.);
#10176 = ORIENTED_EDGE('',*,*,#10146,.T.);
#10177 = ORIENTED_EDGE('',*,*,#10178,.F.);
#10178 = EDGE_CURVE('',#10169,#10147,#10179,.T.);
#10179 = LINE('',#10180,#10181);
#10180 = CARTESIAN_POINT('',(-0.32,-2.38,8.54));
#10181 = VECTOR('',#10182,1.);
#10182 = DIRECTION('',(1.,0.,0.));
#10183 = PLANE('',#10184);
#10184 = AXIS2_PLACEMENT_3D('',#10185,#10186,#10187);
#10185 = CARTESIAN_POINT('',(-0.32,-2.3,8.46));
#10186 = DIRECTION('',(1.735167508357E-18,0.707106781187,0.707106781187)
  );
#10187 = DIRECTION('',(-1.,1.226948711654E-18,1.226948711654E-18));
#10188 = ADVANCED_FACE('',(#10189),#10200,.F.);
#10189 = FACE_BOUND('',#10190,.F.);
#10190 = EDGE_LOOP('',(#10191,#10192,#10193,#10194));
#10191 = ORIENTED_EDGE('',*,*,#10113,.F.);
#10192 = ORIENTED_EDGE('',*,*,#9619,.T.);
#10193 = ORIENTED_EDGE('',*,*,#10168,.T.);
#10194 = ORIENTED_EDGE('',*,*,#10195,.F.);
#10195 = EDGE_CURVE('',#10114,#10169,#10196,.T.);
#10196 = LINE('',#10197,#10198);
#10197 = CARTESIAN_POINT('',(-0.16,-2.86,8.54));
#10198 = VECTOR('',#10199,1.);
#10199 = DIRECTION('',(0.,1.,0.));
#10200 = PLANE('',#10201);
#10201 = AXIS2_PLACEMENT_3D('',#10202,#10203,#10204);
#10202 = CARTESIAN_POINT('',(-0.24,-2.86,8.46));
#10203 = DIRECTION('',(0.707106781187,1.735167508357E-18,-0.707106781187
    ));
#10204 = DIRECTION('',(-1.226948711654E-18,1.,1.226948711654E-18));
#10205 = ADVANCED_FACE('',(#10206),#10231,.T.);
#10206 = FACE_BOUND('',#10207,.F.);
#10207 = EDGE_LOOP('',(#10208,#10216,#10217,#10225));
#10208 = ORIENTED_EDGE('',*,*,#10209,.F.);
#10209 = EDGE_CURVE('',#9643,#10210,#10212,.T.);
#10210 = VERTEX_POINT('',#10211);
#10211 = CARTESIAN_POINT('',(-0.16,-4.92,8.54));
#10212 = LINE('',#10213,#10214);
#10213 = CARTESIAN_POINT('',(-0.16,-4.92,8.54));
#10214 = VECTOR('',#10215,1.);
#10215 = DIRECTION('',(0.57735026919,-0.57735026919,0.57735026919));
#10216 = ORIENTED_EDGE('',*,*,#9650,.T.);
#10217 = ORIENTED_EDGE('',*,*,#10218,.T.);
#10218 = EDGE_CURVE('',#9634,#10219,#10221,.T.);
#10219 = VERTEX_POINT('',#10220);
#10220 = CARTESIAN_POINT('',(0.16,-4.92,8.54));
#10221 = LINE('',#10222,#10223);
#10222 = CARTESIAN_POINT('',(5.333333333333E-02,-5.026666666667,
    8.646666666667));
#10223 = VECTOR('',#10224,1.);
#10224 = DIRECTION('',(-0.57735026919,-0.57735026919,0.57735026919));
#10225 = ORIENTED_EDGE('',*,*,#10226,.F.);
#10226 = EDGE_CURVE('',#10210,#10219,#10227,.T.);
#10227 = LINE('',#10228,#10229);
#10228 = CARTESIAN_POINT('',(-0.32,-4.92,8.54));
#10229 = VECTOR('',#10230,1.);
#10230 = DIRECTION('',(1.,0.,0.));
#10231 = PLANE('',#10232);
#10232 = AXIS2_PLACEMENT_3D('',#10233,#10234,#10235);
#10233 = CARTESIAN_POINT('',(-0.32,-4.84,8.46));
#10234 = DIRECTION('',(1.735167508357E-18,0.707106781187,0.707106781187)
  );
#10235 = DIRECTION('',(-1.,1.226948711654E-18,1.226948711654E-18));
#10236 = ADVANCED_FACE('',(#10237),#10255,.F.);
#10237 = FACE_BOUND('',#10238,.F.);
#10238 = EDGE_LOOP('',(#10239,#10247,#10248,#10249));
#10239 = ORIENTED_EDGE('',*,*,#10240,.F.);
#10240 = EDGE_CURVE('',#9665,#10241,#10243,.T.);
#10241 = VERTEX_POINT('',#10242);
#10242 = CARTESIAN_POINT('',(-0.16,-5.24,8.54));
#10243 = LINE('',#10244,#10245);
#10244 = CARTESIAN_POINT('',(-0.266666666667,-5.346666666667,
    8.433333333333));
#10245 = VECTOR('',#10246,1.);
#10246 = DIRECTION('',(0.57735026919,0.57735026919,0.57735026919));
#10247 = ORIENTED_EDGE('',*,*,#9674,.T.);
#10248 = ORIENTED_EDGE('',*,*,#10209,.T.);
#10249 = ORIENTED_EDGE('',*,*,#10250,.F.);
#10250 = EDGE_CURVE('',#10241,#10210,#10251,.T.);
#10251 = LINE('',#10252,#10253);
#10252 = CARTESIAN_POINT('',(-0.16,-5.4,8.54));
#10253 = VECTOR('',#10254,1.);
#10254 = DIRECTION('',(0.,1.,0.));
#10255 = PLANE('',#10256);
#10256 = AXIS2_PLACEMENT_3D('',#10257,#10258,#10259);
#10257 = CARTESIAN_POINT('',(-0.24,-5.4,8.46));
#10258 = DIRECTION('',(0.707106781187,1.735167508357E-18,-0.707106781187
    ));
#10259 = DIRECTION('',(-1.226948711654E-18,1.,1.226948711654E-18));
#10260 = ADVANCED_FACE('',(#10261),#10279,.F.);
#10261 = FACE_BOUND('',#10262,.T.);
#10262 = EDGE_LOOP('',(#10263,#10264,#10265,#10273));
#10263 = ORIENTED_EDGE('',*,*,#10240,.F.);
#10264 = ORIENTED_EDGE('',*,*,#9698,.T.);
#10265 = ORIENTED_EDGE('',*,*,#10266,.T.);
#10266 = EDGE_CURVE('',#9689,#10267,#10269,.T.);
#10267 = VERTEX_POINT('',#10268);
#10268 = CARTESIAN_POINT('',(0.16,-5.24,8.54));
#10269 = LINE('',#10270,#10271);
#10270 = CARTESIAN_POINT('',(0.16,-5.24,8.54));
#10271 = VECTOR('',#10272,1.);
#10272 = DIRECTION('',(-0.57735026919,0.57735026919,0.57735026919));
#10273 = ORIENTED_EDGE('',*,*,#10274,.F.);
#10274 = EDGE_CURVE('',#10241,#10267,#10275,.T.);
#10275 = LINE('',#10276,#10277);
#10276 = CARTESIAN_POINT('',(-0.32,-5.24,8.54));
#10277 = VECTOR('',#10278,1.);
#10278 = DIRECTION('',(1.,0.,0.));
#10279 = PLANE('',#10280);
#10280 = AXIS2_PLACEMENT_3D('',#10281,#10282,#10283);
#10281 = CARTESIAN_POINT('',(-0.32,-5.32,8.46));
#10282 = DIRECTION('',(-1.735167508357E-18,0.707106781187,
    -0.707106781187));
#10283 = DIRECTION('',(-1.,-1.226948711654E-18,1.226948711654E-18));
#10284 = ADVANCED_FACE('',(#10285),#10296,.T.);
#10285 = FACE_BOUND('',#10286,.T.);
#10286 = EDGE_LOOP('',(#10287,#10288,#10289,#10290));
#10287 = ORIENTED_EDGE('',*,*,#10266,.F.);
#10288 = ORIENTED_EDGE('',*,*,#9715,.T.);
#10289 = ORIENTED_EDGE('',*,*,#10218,.T.);
#10290 = ORIENTED_EDGE('',*,*,#10291,.F.);
#10291 = EDGE_CURVE('',#10267,#10219,#10292,.T.);
#10292 = LINE('',#10293,#10294);
#10293 = CARTESIAN_POINT('',(0.16,-5.4,8.54));
#10294 = VECTOR('',#10295,1.);
#10295 = DIRECTION('',(0.,1.,0.));
#10296 = PLANE('',#10297);
#10297 = AXIS2_PLACEMENT_3D('',#10298,#10299,#10300);
#10298 = CARTESIAN_POINT('',(0.24,-5.4,8.46));
#10299 = DIRECTION('',(0.707106781187,-1.735167508357E-18,0.707106781187
    ));
#10300 = DIRECTION('',(1.226948711654E-18,1.,1.226948711654E-18));
#10301 = ADVANCED_FACE('',(#10302),#10308,.F.);
#10302 = FACE_BOUND('',#10303,.F.);
#10303 = EDGE_LOOP('',(#10304,#10305,#10306,#10307));
#10304 = ORIENTED_EDGE('',*,*,#9770,.F.);
#10305 = ORIENTED_EDGE('',*,*,#9794,.F.);
#10306 = ORIENTED_EDGE('',*,*,#9811,.T.);
#10307 = ORIENTED_EDGE('',*,*,#9746,.T.);
#10308 = PLANE('',#10309);
#10309 = AXIS2_PLACEMENT_3D('',#10310,#10311,#10312);
#10310 = CARTESIAN_POINT('',(-0.32,-0.32,-3.));
#10311 = DIRECTION('',(0.,0.,1.));
#10312 = DIRECTION('',(1.,0.,-0.));
#10313 = ADVANCED_FACE('',(#10314),#10320,.F.);
#10314 = FACE_BOUND('',#10315,.F.);
#10315 = EDGE_LOOP('',(#10316,#10317,#10318,#10319));
#10316 = ORIENTED_EDGE('',*,*,#9890,.F.);
#10317 = ORIENTED_EDGE('',*,*,#9907,.F.);
#10318 = ORIENTED_EDGE('',*,*,#9842,.T.);
#10319 = ORIENTED_EDGE('',*,*,#9866,.T.);
#10320 = PLANE('',#10321);
#10321 = AXIS2_PLACEMENT_3D('',#10322,#10323,#10324);
#10322 = CARTESIAN_POINT('',(-0.32,-2.86,-3.));
#10323 = DIRECTION('',(0.,0.,1.));
#10324 = DIRECTION('',(1.,0.,-0.));
#10325 = ADVANCED_FACE('',(#10326),#10332,.F.);
#10326 = FACE_BOUND('',#10327,.F.);
#10327 = EDGE_LOOP('',(#10328,#10329,#10330,#10331));
#10328 = ORIENTED_EDGE('',*,*,#9938,.F.);
#10329 = ORIENTED_EDGE('',*,*,#9962,.F.);
#10330 = ORIENTED_EDGE('',*,*,#9986,.T.);
#10331 = ORIENTED_EDGE('',*,*,#10003,.T.);
#10332 = PLANE('',#10333);
#10333 = AXIS2_PLACEMENT_3D('',#10334,#10335,#10336);
#10334 = CARTESIAN_POINT('',(-0.32,-5.4,-3.));
#10335 = DIRECTION('',(0.,0.,1.));
#10336 = DIRECTION('',(1.,0.,-0.));
#10337 = ADVANCED_FACE('',(#10338),#10344,.T.);
#10338 = FACE_BOUND('',#10339,.T.);
#10339 = EDGE_LOOP('',(#10340,#10341,#10342,#10343));
#10340 = ORIENTED_EDGE('',*,*,#10099,.T.);
#10341 = ORIENTED_EDGE('',*,*,#10034,.T.);
#10342 = ORIENTED_EDGE('',*,*,#10058,.F.);
#10343 = ORIENTED_EDGE('',*,*,#10082,.F.);
#10344 = PLANE('',#10345);
#10345 = AXIS2_PLACEMENT_3D('',#10346,#10347,#10348);
#10346 = CARTESIAN_POINT('',(-0.32,-0.32,8.54));
#10347 = DIRECTION('',(0.,0.,1.));
#10348 = DIRECTION('',(1.,0.,-0.));
#10349 = ADVANCED_FACE('',(#10350),#10356,.T.);
#10350 = FACE_BOUND('',#10351,.T.);
#10351 = EDGE_LOOP('',(#10352,#10353,#10354,#10355));
#10352 = ORIENTED_EDGE('',*,*,#10130,.T.);
#10353 = ORIENTED_EDGE('',*,*,#10154,.T.);
#10354 = ORIENTED_EDGE('',*,*,#10178,.F.);
#10355 = ORIENTED_EDGE('',*,*,#10195,.F.);
#10356 = PLANE('',#10357);
#10357 = AXIS2_PLACEMENT_3D('',#10358,#10359,#10360);
#10358 = CARTESIAN_POINT('',(-0.32,-2.86,8.54));
#10359 = DIRECTION('',(0.,0.,1.));
#10360 = DIRECTION('',(1.,0.,-0.));
#10361 = ADVANCED_FACE('',(#10362),#10368,.T.);
#10362 = FACE_BOUND('',#10363,.T.);
#10363 = EDGE_LOOP('',(#10364,#10365,#10366,#10367));
#10364 = ORIENTED_EDGE('',*,*,#10274,.T.);
#10365 = ORIENTED_EDGE('',*,*,#10291,.T.);
#10366 = ORIENTED_EDGE('',*,*,#10226,.F.);
#10367 = ORIENTED_EDGE('',*,*,#10250,.F.);
#10368 = PLANE('',#10369);
#10369 = AXIS2_PLACEMENT_3D('',#10370,#10371,#10372);
#10370 = CARTESIAN_POINT('',(-0.32,-5.4,8.54));
#10371 = DIRECTION('',(0.,0.,1.));
#10372 = DIRECTION('',(1.,0.,-0.));
#10373 = ( GEOMETRIC_REPRESENTATION_CONTEXT(3) 
GLOBAL_UNCERTAINTY_ASSIGNED_CONTEXT((#10377)) 
GLOBAL_UNIT_ASSIGNED_CONTEXT((#10374,#10375,#10376)) 
REPRESENTATION_CONTEXT('Context #1',
  '3D Context with UNIT and UNCERTAINTY') );
#10374 = ( LENGTH_UNIT() NAMED_UNIT(*) SI_UNIT(.MILLI.,.METRE.) );
#10375 = ( NAMED_UNIT(*) PLANE_ANGLE_UNIT() SI_UNIT($,.RADIAN.) );
#10376 = ( NAMED_UNIT(*) SI_UNIT($,.STERADIAN.) SOLID_ANGLE_UNIT() );
#10377 = UNCERTAINTY_MEASURE_WITH_UNIT(LENGTH_MEASURE(1.E-07),#10374,
  'distance_accuracy_value','confusion accuracy');
#10378 = CONTEXT_DEPENDENT_SHAPE_REPRESENTATION(#10379,#10381);
#10379 = ( REPRESENTATION_RELATIONSHIP('','',#8266,#8243) 
REPRESENTATION_RELATIONSHIP_WITH_TRANSFORMATION(#10380) 
SHAPE_REPRESENTATION_RELATIONSHIP() );
#10380 = ITEM_DEFINED_TRANSFORMATION('','',#11,#8244);
#10381 = PRODUCT_DEFINITION_SHAPE('Placement','Placement of an item',
  #10382);
#10382 = NEXT_ASSEMBLY_USAGE_OCCURRENCE('8','=>[0:1:1:9]','',#8238,#8261
  ,$);
#10383 = PRODUCT_RELATED_PRODUCT_CATEGORY('part',$,(#8263));
#10384 = CONTEXT_DEPENDENT_SHAPE_REPRESENTATION(#10385,#10387);
#10385 = ( REPRESENTATION_RELATIONSHIP('','',#84,#10) 
REPRESENTATION_RELATIONSHIP_WITH_TRANSFORMATION(#10386) 
SHAPE_REPRESENTATION_RELATIONSHIP() );
#10386 = ITEM_DEFINED_TRANSFORMATION('','',#11,#35);
#10387 = PRODUCT_DEFINITION_SHAPE('Placement','Placement of an item',
  #10388);
#10388 = NEXT_ASSEMBLY_USAGE_OCCURRENCE('10','C2','',#5,#79,$);
#10389 = SHAPE_DEFINITION_REPRESENTATION(#10390,#10396);
#10390 = PRODUCT_DEFINITION_SHAPE('','',#10391);
#10391 = PRODUCT_DEFINITION('design','',#10392,#10395);
#10392 = PRODUCT_DEFINITION_FORMATION('','',#10393);
#10393 = PRODUCT('R_Axial_DIN0207_L6.3mm_D2.5mm_P7.62mm_Horizontal',
  'R_Axial_DIN0207_L6.3mm_D2.5mm_P7.62mm_Horizontal','',(#10394));
#10394 = PRODUCT_CONTEXT('',#2,'mechanical');
#10395 = PRODUCT_DEFINITION_CONTEXT('part definition',#2,'design');
#10396 = SHAPE_REPRESENTATION('',(#11,#10397),#10401);
#10397 = AXIS2_PLACEMENT_3D('',#10398,#10399,#10400);
#10398 = CARTESIAN_POINT('',(0.,0.,0.));
#10399 = DIRECTION('',(0.,0.,1.));
#10400 = DIRECTION('',(1.,0.,-0.));
#10401 = ( GEOMETRIC_REPRESENTATION_CONTEXT(3) 
GLOBAL_UNCERTAINTY_ASSIGNED_CONTEXT((#10405)) 
GLOBAL_UNIT_ASSIGNED_CONTEXT((#10402,#10403,#10404)) 
REPRESENTATION_CONTEXT('Context #1',
  '3D Context with UNIT and UNCERTAINTY') );
#10402 = ( LENGTH_UNIT() NAMED_UNIT(*) SI_UNIT(.MILLI.,.METRE.) );
#10403 = ( NAMED_UNIT(*) PLANE_ANGLE_UNIT() SI_UNIT($,.RADIAN.) );
#10404 = ( NAMED_UNIT(*) SI_UNIT($,.STERADIAN.) SOLID_ANGLE_UNIT() );
#10405 = UNCERTAINTY_MEASURE_WITH_UNIT(LENGTH_MEASURE(1.E-07),#10402,
  'distance_accuracy_value','confusion accuracy');
#10406 = CONTEXT_DEPENDENT_SHAPE_REPRESENTATION(#10407,#10409);
#10407 = ( REPRESENTATION_RELATIONSHIP('','',#10396,#10) 
REPRESENTATION_RELATIONSHIP_WITH_TRANSFORMATION(#10408) 
SHAPE_REPRESENTATION_RELATIONSHIP() );
#10408 = ITEM_DEFINED_TRANSFORMATION('','',#11,#39);
#10409 = PRODUCT_DEFINITION_SHAPE('Placement','Placement of an item',
  #10410);
#10410 = NEXT_ASSEMBLY_USAGE_OCCURRENCE('12','R2','',#5,#10391,$);
#10411 = PRODUCT_RELATED_PRODUCT_CATEGORY('part',$,(#10393));
#10412 = SHAPE_DEFINITION_REPRESENTATION(#10413,#10419);
#10413 = PRODUCT_DEFINITION_SHAPE('','',#10414);
#10414 = PRODUCT_DEFINITION('design','',#10415,#10418);
#10415 = PRODUCT_DEFINITION_FORMATION('','',#10416);
#10416 = PRODUCT('R_Axial_DIN0207_L63mm_D25mm_P762mm_Horizontal',
  'R_Axial_DIN0207_L63mm_D25mm_P762mm_Horizontal','',(#10417));
#10417 = PRODUCT_CONTEXT('',#2,'mechanical');
#10418 = PRODUCT_DEFINITION_CONTEXT('part definition',#2,'design');
#10419 = ADVANCED_BREP_SHAPE_REPRESENTATION('',(#11,#10420),#11083);
#10420 = MANIFOLD_SOLID_BREP('',#10421);
#10421 = CLOSED_SHELL('',(#10422,#10455,#10481,#10501,#10684,#10709,
    #10735,#10755,#10780,#10805,#10814,#10840,#11023,#11049,#11074));
#10422 = ADVANCED_FACE('',(#10423),#10450,.T.);
#10423 = FACE_BOUND('',#10424,.T.);
#10424 = EDGE_LOOP('',(#10425,#10434,#10442,#10449));
#10425 = ORIENTED_EDGE('',*,*,#10426,.T.);
#10426 = EDGE_CURVE('',#10427,#10427,#10429,.T.);
#10427 = VERTEX_POINT('',#10428);
#10428 = CARTESIAN_POINT('',(1.285,1.25,1.25));
#10429 = CIRCLE('',#10430,1.25);
#10430 = AXIS2_PLACEMENT_3D('',#10431,#10432,#10433);
#10431 = CARTESIAN_POINT('',(1.285,0.,1.25));
#10432 = DIRECTION('',(1.,0.,0.));
#10433 = DIRECTION('',(-0.,1.,0.));
#10434 = ORIENTED_EDGE('',*,*,#10435,.T.);
#10435 = EDGE_CURVE('',#10427,#10436,#10438,.T.);
#10436 = VERTEX_POINT('',#10437);
#10437 = CARTESIAN_POINT('',(2.235,1.25,1.25));
#10438 = LINE('',#10439,#10440);
#10439 = CARTESIAN_POINT('',(0.66,1.25,1.25));
#10440 = VECTOR('',#10441,1.);
#10441 = DIRECTION('',(1.,0.,0.));
#10442 = ORIENTED_EDGE('',*,*,#10443,.F.);
#10443 = EDGE_CURVE('',#10436,#10436,#10444,.T.);
#10444 = CIRCLE('',#10445,1.25);
#10445 = AXIS2_PLACEMENT_3D('',#10446,#10447,#10448);
#10446 = CARTESIAN_POINT('',(2.235,0.,1.25));
#10447 = DIRECTION('',(1.,0.,0.));
#10448 = DIRECTION('',(-0.,1.,0.));
#10449 = ORIENTED_EDGE('',*,*,#10435,.F.);
#10450 = CYLINDRICAL_SURFACE('',#10451,1.25);
#10451 = AXIS2_PLACEMENT_3D('',#10452,#10453,#10454);
#10452 = CARTESIAN_POINT('',(0.66,0.,1.25));
#10453 = DIRECTION('',(-1.,-0.,-0.));
#10454 = DIRECTION('',(0.,1.,0.));
#10455 = ADVANCED_FACE('',(#10456),#10476,.T.);
#10456 = FACE_BOUND('',#10457,.T.);
#10457 = EDGE_LOOP('',(#10458,#10467,#10474,#10475));
#10458 = ORIENTED_EDGE('',*,*,#10459,.T.);
#10459 = EDGE_CURVE('',#10460,#10460,#10462,.T.);
#10460 = VERTEX_POINT('',#10461);
#10461 = CARTESIAN_POINT('',(0.66,0.625,1.25));
#10462 = CIRCLE('',#10463,0.625);
#10463 = AXIS2_PLACEMENT_3D('',#10464,#10465,#10466);
#10464 = CARTESIAN_POINT('',(0.66,0.,1.25));
#10465 = DIRECTION('',(1.,0.,0.));
#10466 = DIRECTION('',(-0.,1.,0.));
#10467 = ORIENTED_EDGE('',*,*,#10468,.F.);
#10468 = EDGE_CURVE('',#10427,#10460,#10469,.T.);
#10469 = CIRCLE('',#10470,0.625);
#10470 = AXIS2_PLACEMENT_3D('',#10471,#10472,#10473);
#10471 = CARTESIAN_POINT('',(1.285,0.625,1.25));
#10472 = DIRECTION('',(0.,-0.,1.));
#10473 = DIRECTION('',(0.,1.,0.));
#10474 = ORIENTED_EDGE('',*,*,#10426,.F.);
#10475 = ORIENTED_EDGE('',*,*,#10468,.T.);
#10476 = TOROIDAL_SURFACE('',#10477,0.625,0.625);
#10477 = AXIS2_PLACEMENT_3D('',#10478,#10479,#10480);
#10478 = CARTESIAN_POINT('',(1.285,0.,1.25));
#10479 = DIRECTION('',(-1.,0.,0.));
#10480 = DIRECTION('',(0.,1.,0.));
#10481 = ADVANCED_FACE('',(#10482,#10485),#10496,.F.);
#10482 = FACE_BOUND('',#10483,.F.);
#10483 = EDGE_LOOP('',(#10484));
#10484 = ORIENTED_EDGE('',*,*,#10443,.F.);
#10485 = FACE_BOUND('',#10486,.F.);
#10486 = EDGE_LOOP('',(#10487));
#10487 = ORIENTED_EDGE('',*,*,#10488,.F.);
#10488 = EDGE_CURVE('',#10489,#10489,#10491,.T.);
#10489 = VERTEX_POINT('',#10490);
#10490 = CARTESIAN_POINT('',(2.235,1.125,1.25));
#10491 = CIRCLE('',#10492,1.125);
#10492 = AXIS2_PLACEMENT_3D('',#10493,#10494,#10495);
#10493 = CARTESIAN_POINT('',(2.235,0.,1.25));
#10494 = DIRECTION('',(-1.,0.,0.));
#10495 = DIRECTION('',(0.,1.,0.));
#10496 = PLANE('',#10497);
#10497 = AXIS2_PLACEMENT_3D('',#10498,#10499,#10500);
#10498 = CARTESIAN_POINT('',(2.235,1.25,1.25));
#10499 = DIRECTION('',(-1.,0.,0.));
#10500 = DIRECTION('',(0.,0.,-1.));
#10501 = ADVANCED_FACE('',(#10502,#10505),#10679,.T.);
#10502 = FACE_BOUND('',#10503,.T.);
#10503 = EDGE_LOOP('',(#10504));
#10504 = ORIENTED_EDGE('',*,*,#10459,.F.);
#10505 = FACE_BOUND('',#10506,.T.);
#10506 = EDGE_LOOP('',(#10507));
#10507 = ORIENTED_EDGE('',*,*,#10508,.F.);
#10508 = EDGE_CURVE('',#10509,#10509,#10511,.T.);
#10509 = VERTEX_POINT('',#10510);
#10510 = CARTESIAN_POINT('',(0.66,1.102182119233E-16,0.899909083395));
#10511 = B_SPLINE_CURVE_WITH_KNOTS('',6,(#10512,#10513,#10514,#10515,
    #10516,#10517,#10518,#10519,#10520,#10521,#10522,#10523,#10524,
    #10525,#10526,#10527,#10528,#10529,#10530,#10531,#10532,#10533,
    #10534,#10535,#10536,#10537,#10538,#10539,#10540,#10541,#10542,
    #10543,#10544,#10545,#10546,#10547,#10548,#10549,#10550,#10551,
    #10552,#10553,#10554,#10555,#10556,#10557,#10558,#10559,#10560,
    #10561,#10562,#10563,#10564,#10565,#10566,#10567,#10568,#10569,
    #10570,#10571,#10572,#10573,#10574,#10575,#10576,#10577,#10578,
    #10579,#10580,#10581,#10582,#10583,#10584,#10585,#10586,#10587,
    #10588,#10589,#10590,#10591,#10592,#10593,#10594,#10595,#10596,
    #10597,#10598,#10599,#10600,#10601,#10602,#10603,#10604,#10605,
    #10606,#10607,#10608,#10609,#10610,#10611,#10612,#10613,#10614,
    #10615,#10616,#10617,#10618,#10619,#10620,#10621,#10622,#10623,
    #10624,#10625,#10626,#10627,#10628,#10629,#10630,#10631,#10632,
    #10633,#10634,#10635,#10636,#10637,#10638,#10639,#10640,#10641,
    #10642,#10643,#10644,#10645,#10646,#10647,#10648,#10649,#10650,
    #10651,#10652,#10653,#10654,#10655,#10656,#10657,#10658,#10659,
    #10660,#10661,#10662,#10663,#10664,#10665,#10666,#10667,#10668,
    #10669,#10670,#10671,#10672,#10673,#10674,#10675,#10676,#10677,
    #10678),.UNSPECIFIED.,.T.,.F.,(1,6,5,5,5,5,5,5,5,5,5,5,5,5,5,5,5,5,5
    ,5,5,5,5,5,5,5,5,5,5,5,5,5,5,5,6,1),(-3.7441643477E-02,0.,
    2.521870323933E-02,5.431496394384E-02,8.648919549843E-02,
    0.120700162351,0.155854554579,0.191019956077,0.22552099352,
    0.258944151729,0.291091798271,0.321919308947,0.351475044446,
    0.379851974729,0.407153625953,0.43347490921,0.458900868731,
    0.483545347382,0.505902822615,0.530283950565,0.555351989471,
    0.581274789002,0.608140584187,0.636038742308,0.665070462617,
    0.695336577837,0.72690990423,0.759792997252,0.79386262098,
    0.828806470397,0.864066503475,0.898816439436,0.932013287381,
    0.962558356523,1.,1.025218703239),.UNSPECIFIED.);
#10512 = CARTESIAN_POINT('',(0.66,0.,0.899909083395));
#10513 = CARTESIAN_POINT('',(0.66,-9.861963323296E-03,0.899909084471));
#10514 = CARTESIAN_POINT('',(0.66,-1.960383099012E-02,0.900333558971));
#10515 = CARTESIAN_POINT('',(0.66,-2.90667633729E-02,0.901163095205));
#10516 = CARTESIAN_POINT('',(0.66,-3.818473840012E-02,0.902336888075));
#10517 = CARTESIAN_POINT('',(0.66,-4.697555886318E-02,0.903805406252));
#10518 = CARTESIAN_POINT('',(0.66,-6.541217845247E-02,0.907588617289));
#10519 = CARTESIAN_POINT('',(0.66,-7.491989955217E-02,0.909985996381));
#10520 = CARTESIAN_POINT('',(0.66,-8.408858685729E-02,0.912709602459));
#10521 = CARTESIAN_POINT('',(0.66,-9.29431150905E-02,0.915726339128));
#10522 = CARTESIAN_POINT('',(0.66,-0.101504886237,0.919011492948));
#10523 = CARTESIAN_POINT('',(0.66,-0.118958160976,0.926453793498));
#10524 = CARTESIAN_POINT('',(0.66,-0.127787740677,0.930666021227));
#10525 = CARTESIAN_POINT('',(0.66,-0.136306213845,0.935155972835));
#10526 = CARTESIAN_POINT('',(0.66,-0.144532125259,0.939904061777));
#10527 = CARTESIAN_POINT('',(0.66,-0.152479834979,0.944895594586));
#10528 = CARTESIAN_POINT('',(0.66,-0.168328675181,0.955672717204));
#10529 = CARTESIAN_POINT('',(0.66,-0.176194628708,0.961488338811));
#10530 = CARTESIAN_POINT('',(0.66,-0.183772627725,0.967551590964));
#10531 = CARTESIAN_POINT('',(0.66,-0.191071921446,0.973851630909));
#10532 = CARTESIAN_POINT('',(0.66,-0.19809849539,0.980379998969));
#10533 = CARTESIAN_POINT('',(0.66,-0.211800252103,0.99406561399));
#10534 = CARTESIAN_POINT('',(0.66,-0.218460183619,1.001235038361));
#10535 = CARTESIAN_POINT('',(0.66,-0.224839916669,1.008630424477));
#10536 = CARTESIAN_POINT('',(0.66,-0.230940302033,1.016245317007));
#10537 = CARTESIAN_POINT('',(0.66,-0.236759778797,1.024074009311));
#10538 = CARTESIAN_POINT('',(0.66,-0.247832030244,1.040150827903));
#10539 = CARTESIAN_POINT('',(0.66,-0.253084597548,1.048398894868));
#10540 = CARTESIAN_POINT('',(0.66,-0.258049056373,1.056850063306));
#10541 = CARTESIAN_POINT('',(0.66,-0.262719990238,1.065498702059));
#10542 = CARTESIAN_POINT('',(0.66,-0.267090249501,1.07433884651));
#10543 = CARTESIAN_POINT('',(0.66,-0.275134936213,1.092219038761));
#10544 = CARTESIAN_POINT('',(0.66,-0.278821023102,1.101251941956));
#10545 = CARTESIAN_POINT('',(0.66,-0.282200792082,1.110456832947));
#10546 = CARTESIAN_POINT('',(0.66,-0.285264705632,1.119826546568));
#10547 = CARTESIAN_POINT('',(0.66,-0.288002108658,1.129352827713));
#10548 = CARTESIAN_POINT('',(0.66,-0.29272539517,1.148397615962));
#10549 = CARTESIAN_POINT('',(0.66,-0.29473218058,1.157906910826));
#10550 = CARTESIAN_POINT('',(0.66,-0.296410836061,1.167545600214));
#10551 = CARTESIAN_POINT('',(0.66,-0.297750151594,1.177303530334));
#10552 = CARTESIAN_POINT('',(0.66,-0.298738455802,1.187169009313));
#10553 = CARTESIAN_POINT('',(0.66,-0.299964918417,1.206708514181));
#10554 = CARTESIAN_POINT('',(0.66,-0.300230384291,1.216375379318));
#10555 = CARTESIAN_POINT('',(0.66,-0.300149186912,1.226117491764));
#10556 = CARTESIAN_POINT('',(0.66,-0.299710710819,1.235921272022));
#10557 = CARTESIAN_POINT('',(0.66,-0.298904551758,1.245771471938));
#10558 = CARTESIAN_POINT('',(0.66,-0.296585103724,1.265125169703));
#10559 = CARTESIAN_POINT('',(0.66,-0.295102339165,1.274626258325));
#10560 = CARTESIAN_POINT('',(0.66,-0.293263240337,1.284139377081));
#10561 = CARTESIAN_POINT('',(0.66,-0.291059628806,1.293647957516));
#10562 = CARTESIAN_POINT('',(0.66,-0.288484130363,1.303133926208));
#10563 = CARTESIAN_POINT('',(0.66,-0.282698083788,1.321631884472));
#10564 = CARTESIAN_POINT('',(0.66,-0.279518227914,1.330647303479));
#10565 = CARTESIAN_POINT('',(0.66,-0.275984860345,1.33960658093));
#10566 = CARTESIAN_POINT('',(0.66,-0.272093455342,1.348491200819));
#10567 = CARTESIAN_POINT('',(0.66,-0.267840708483,1.357281511993));
#10568 = CARTESIAN_POINT('',(0.66,-0.258792476906,1.374285940745));
#10569 = CARTESIAN_POINT('',(0.66,-0.254025481533,1.382509111114));
#10570 = CARTESIAN_POINT('',(0.66,-0.248921768643,1.390607755283));
#10571 = CARTESIAN_POINT('',(0.66,-0.243480982245,1.398562700734));
#10572 = CARTESIAN_POINT('',(0.66,-0.237704192262,1.406354086406));
#10573 = CARTESIAN_POINT('',(0.66,-0.22571513259,1.421280378602));
#10574 = CARTESIAN_POINT('',(0.66,-0.219527706492,1.428429037341));
#10575 = CARTESIAN_POINT('',(0.66,-0.213033892817,1.435388992124));
#10576 = CARTESIAN_POINT('',(0.66,-0.206237433156,1.442141613477));
#10577 = CARTESIAN_POINT('',(0.66,-0.199143534101,1.448667989237));
#10578 = CARTESIAN_POINT('',(0.66,-0.184639374507,1.46100431938));
#10579 = CARTESIAN_POINT('',(0.66,-0.177249666015,1.466831638372));
#10580 = CARTESIAN_POINT('',(0.66,-0.169595736209,1.472413656662));
#10581 = CARTESIAN_POINT('',(0.66,-0.161685054894,1.477733175901));
#10582 = CARTESIAN_POINT('',(0.66,-0.153526567249,1.482773024258));
#10583 = CARTESIAN_POINT('',(0.66,-0.137020407721,1.492097753386));
#10584 = CARTESIAN_POINT('',(0.66,-0.128688747003,1.496402530856));
#10585 = CARTESIAN_POINT('',(0.66,-0.12014499879,1.500414878928));
#10586 = CARTESIAN_POINT('',(0.66,-0.111400259626,1.504119593216));
#10587 = CARTESIAN_POINT('',(0.66,-0.102467435485,1.507501774849));
#10588 = CARTESIAN_POINT('',(0.66,-8.453493192811E-02,1.513498294635));
#10589 = CARTESIAN_POINT('',(0.66,-7.554639694304E-02,1.516132890753));
#10590 = CARTESIAN_POINT('',(0.66,-6.64085144705E-02,1.518437847791));
#10591 = CARTESIAN_POINT('',(0.66,-5.713783351899E-02,1.520400106432));
#10592 = CARTESIAN_POINT('',(0.66,-4.775488525608E-02,1.522007764907));
#10593 = CARTESIAN_POINT('',(0.66,-2.969295309097E-02,1.524379864025));
#10594 = CARTESIAN_POINT('',(0.66,-2.102888075484E-02,1.525208782901));
#10595 = CARTESIAN_POINT('',(0.66,-1.231401679426E-02,1.525730893697));
#10596 = CARTESIAN_POINT('',(0.66,-3.572675622322E-03,1.525941364018));
#10597 = CARTESIAN_POINT('',(0.66,5.168222805428E-03,1.525838983228));
#10598 = CARTESIAN_POINT('',(0.66,2.337847467049E-02,1.524978205181));
#10599 = CARTESIAN_POINT('',(0.66,3.284375814827E-02,1.524161190409));
#10600 = CARTESIAN_POINT('',(0.66,4.224166817951E-02,1.522980309203));
#10601 = CARTESIAN_POINT('',(0.66,5.154498116248E-02,1.52144453626));
#10602 = CARTESIAN_POINT('',(0.66,6.073223707979E-02,1.519565307122));
#10603 = CARTESIAN_POINT('',(0.66,7.909772773064E-02,1.515080653378));
#10604 = CARTESIAN_POINT('',(0.66,8.826753248322E-02,1.512456350085));
#10605 = CARTESIAN_POINT('',(0.66,9.727917108862E-02,1.509494369221));
#10606 = CARTESIAN_POINT('',(0.66,0.106117308319,1.506208374239));
#10607 = CARTESIAN_POINT('',(0.66,0.114768939441,1.502612541932));
#10608 = CARTESIAN_POINT('',(0.66,0.131966117695,1.494697909774));
#10609 = CARTESIAN_POINT('',(0.66,0.140497702999,1.490358571609));
#10610 = CARTESIAN_POINT('',(0.66,0.148806061897,1.485719660214));
#10611 = CARTESIAN_POINT('',(0.66,0.156880650792,1.480797427009));
#10612 = CARTESIAN_POINT('',(0.66,0.164712466725,1.47560826256));
#10613 = CARTESIAN_POINT('',(0.66,0.180151423764,1.464531255078));
#10614 = CARTESIAN_POINT('',(0.66,0.187739958872,1.458624810593));
#10615 = CARTESIAN_POINT('',(0.66,0.195051326582,1.452467732556));
#10616 = CARTESIAN_POINT('',(0.66,0.202078661493,1.446078253645));
#10617 = CARTESIAN_POINT('',(0.66,0.208816558921,1.439474469779));
#10618 = CARTESIAN_POINT('',(0.66,0.221953232148,1.425612904145));
#10619 = CARTESIAN_POINT('',(0.66,0.228328983313,1.41833967682));
#10620 = CARTESIAN_POINT('',(0.66,0.234383958936,1.410874731309));
#10621 = CARTESIAN_POINT('',(0.66,0.240115246881,1.403237638329));
#10622 = CARTESIAN_POINT('',(0.66,0.245521392347,1.395447466144));
#10623 = CARTESIAN_POINT('',(0.66,0.255889855564,1.379276097975));
#10624 = CARTESIAN_POINT('',(0.66,0.260825146013,1.370883681886));
#10625 = CARTESIAN_POINT('',(0.66,0.265408341569,1.362366377835));
#10626 = CARTESIAN_POINT('',(0.66,0.269640849736,1.353744088225));
#10627 = CARTESIAN_POINT('',(0.66,0.273525413156,1.345035772328));
#10628 = CARTESIAN_POINT('',(0.66,0.280757352367,1.327109961101));
#10629 = CARTESIAN_POINT('',(0.66,0.284074759274,1.317886517643));
#10630 = CARTESIAN_POINT('',(0.66,0.287023012024,1.308609403309));
#10631 = CARTESIAN_POINT('',(0.66,0.289607802772,1.299297542852));
#10632 = CARTESIAN_POINT('',(0.66,0.291835834134,1.289968498384));
#10633 = CARTESIAN_POINT('',(0.66,0.295674958709,1.270905470981));
#10634 = CARTESIAN_POINT('',(0.66,0.297255116553,1.261171411794));
#10635 = CARTESIAN_POINT('',(0.66,0.298464074992,1.251454521799));
#10636 = CARTESIAN_POINT('',(0.66,0.299311100714,1.241771401083));
#10637 = CARTESIAN_POINT('',(0.66,0.299805944827,1.232137019844));
#10638 = CARTESIAN_POINT('',(0.66,0.30011808361,1.212595326012));
#10639 = CARTESIAN_POINT('',(0.66,0.299906283631,1.202693348802));
#10640 = CARTESIAN_POINT('',(0.66,0.299334987113,1.192873693594));
#10641 = CARTESIAN_POINT('',(0.66,0.298415571185,1.183149633751));
#10642 = CARTESIAN_POINT('',(0.66,0.297159245916,1.173532809156));
#10643 = CARTESIAN_POINT('',(0.66,0.293937772017,1.154190866917));
#10644 = CARTESIAN_POINT('',(0.66,0.291948568133,1.144474505513));
#10645 = CARTESIAN_POINT('',(0.66,0.289621677512,1.134895129825));
#10646 = CARTESIAN_POINT('',(0.66,0.286968496105,1.125462405282));
#10647 = CARTESIAN_POINT('',(0.66,0.283999580964,1.116184674916));
#10648 = CARTESIAN_POINT('',(0.66,0.277365684897,1.097719334783));
#10649 = CARTESIAN_POINT('',(0.66,0.273684712853,1.08854034335));
#10650 = CARTESIAN_POINT('',(0.66,0.269692176119,1.079539433524));
#10651 = CARTESIAN_POINT('',(0.66,0.265397048483,1.07072335418));
#10652 = CARTESIAN_POINT('',(0.66,0.260806835513,1.062098154612));
#10653 = CARTESIAN_POINT('',(0.66,0.251004164416,1.045163946312));
#10654 = CARTESIAN_POINT('',(0.66,0.245786379559,1.036858764173));
#10655 = CARTESIAN_POINT('',(0.66,0.240280407048,1.028758964174));
#10656 = CARTESIAN_POINT('',(0.66,0.234490342534,1.020870115558));
#10657 = CARTESIAN_POINT('',(0.66,0.228418190257,1.013198030747));
#10658 = CARTESIAN_POINT('',(0.66,0.215801462132,0.998407266407));
#10659 = CARTESIAN_POINT('',(0.66,0.209265037039,0.991282398269));
#10660 = CARTESIAN_POINT('',(0.66,0.202454011648,0.98438004474));
#10661 = CARTESIAN_POINT('',(0.66,0.195365844133,0.977707070031));
#10662 = CARTESIAN_POINT('',(0.66,0.187995125017,0.971271927442));
#10663 = CARTESIAN_POINT('',(0.66,0.173012685338,0.959175110633));
#10664 = CARTESIAN_POINT('',(0.66,0.165426730288,0.953491920673));
#10665 = CARTESIAN_POINT('',(0.66,0.157566473117,0.948044968651));
#10666 = CARTESIAN_POINT('',(0.66,0.149421191466,0.9428457983));
#10667 = CARTESIAN_POINT('',(0.66,0.140976348171,0.937909629891));
#10668 = CARTESIAN_POINT('',(0.66,0.124148062588,0.928975570166));
#10669 = CARTESIAN_POINT('',(0.66,0.115814079383,0.924934455913));
#10670 = CARTESIAN_POINT('',(0.66,0.107194119667,0.921149233675));
#10671 = CARTESIAN_POINT('',(0.66,9.826941158436E-02,0.91763978502));
#10672 = CARTESIAN_POINT('',(0.66,8.901687105598E-02,0.914432779149));
#10673 = CARTESIAN_POINT('',(0.66,6.762842160337E-02,0.908048369916));
#10674 = CARTESIAN_POINT('',(0.66,5.540310162877E-02,0.905067930004));
#10675 = CARTESIAN_POINT('',(0.66,4.253150709481E-02,0.902628405907));
#10676 = CARTESIAN_POINT('',(0.66,2.893757304003E-02,0.900850137762));
#10677 = CARTESIAN_POINT('',(0.66,1.468319780375E-02,0.899909084997));
#10678 = CARTESIAN_POINT('',(0.66,0.,0.899909083395));
#10679 = PLANE('',#10680);
#10680 = AXIS2_PLACEMENT_3D('',#10681,#10682,#10683);
#10681 = CARTESIAN_POINT('',(0.66,1.25,1.25));
#10682 = DIRECTION('',(-1.,0.,0.));
#10683 = DIRECTION('',(0.,0.,-1.));
#10684 = ADVANCED_FACE('',(#10685),#10704,.T.);
#10685 = FACE_BOUND('',#10686,.T.);
#10686 = EDGE_LOOP('',(#10687,#10696,#10702,#10703));
#10687 = ORIENTED_EDGE('',*,*,#10688,.T.);
#10688 = EDGE_CURVE('',#10689,#10689,#10691,.T.);
#10689 = VERTEX_POINT('',#10690);
#10690 = CARTESIAN_POINT('',(5.385,1.125,1.25));
#10691 = CIRCLE('',#10692,1.125);
#10692 = AXIS2_PLACEMENT_3D('',#10693,#10694,#10695);
#10693 = CARTESIAN_POINT('',(5.385,0.,1.25));
#10694 = DIRECTION('',(-1.,0.,0.));
#10695 = DIRECTION('',(0.,1.,0.));
#10696 = ORIENTED_EDGE('',*,*,#10697,.F.);
#10697 = EDGE_CURVE('',#10489,#10689,#10698,.T.);
#10698 = LINE('',#10699,#10700);
#10699 = CARTESIAN_POINT('',(0.66,1.125,1.25));
#10700 = VECTOR('',#10701,1.);
#10701 = DIRECTION('',(1.,0.,0.));
#10702 = ORIENTED_EDGE('',*,*,#10488,.F.);
#10703 = ORIENTED_EDGE('',*,*,#10697,.T.);
#10704 = CYLINDRICAL_SURFACE('',#10705,1.125);
#10705 = AXIS2_PLACEMENT_3D('',#10706,#10707,#10708);
#10706 = CARTESIAN_POINT('',(0.66,0.,1.25));
#10707 = DIRECTION('',(-1.,-0.,-0.));
#10708 = DIRECTION('',(0.,1.,0.));
#10709 = ADVANCED_FACE('',(#10710),#10730,.T.);
#10710 = FACE_BOUND('',#10711,.T.);
#10711 = EDGE_LOOP('',(#10712,#10721,#10728,#10729));
#10712 = ORIENTED_EDGE('',*,*,#10713,.T.);
#10713 = EDGE_CURVE('',#10714,#10714,#10716,.T.);
#10714 = VERTEX_POINT('',#10715);
#10715 = CARTESIAN_POINT('',(0.3,0.,0.35));
#10716 = CIRCLE('',#10717,0.3);
#10717 = AXIS2_PLACEMENT_3D('',#10718,#10719,#10720);
#10718 = CARTESIAN_POINT('',(0.,0.,0.35));
#10719 = DIRECTION('',(0.,0.,1.));
#10720 = DIRECTION('',(1.,0.,-0.));
#10721 = ORIENTED_EDGE('',*,*,#10722,.T.);
#10722 = EDGE_CURVE('',#10714,#10509,#10723,.T.);
#10723 = CIRCLE('',#10724,0.6);
#10724 = AXIS2_PLACEMENT_3D('',#10725,#10726,#10727);
#10725 = CARTESIAN_POINT('',(0.9,1.102182119233E-16,0.35));
#10726 = DIRECTION('',(0.,1.,-0.));
#10727 = DIRECTION('',(-1.,0.,4.93432455389E-16));
#10728 = ORIENTED_EDGE('',*,*,#10508,.T.);
#10729 = ORIENTED_EDGE('',*,*,#10722,.F.);
#10730 = TOROIDAL_SURFACE('',#10731,0.9,0.3);
#10731 = AXIS2_PLACEMENT_3D('',#10732,#10733,#10734);
#10732 = CARTESIAN_POINT('',(0.9,0.,0.35));
#10733 = DIRECTION('',(0.,1.,0.));
#10734 = DIRECTION('',(-1.,0.,4.93432455389E-16));
#10735 = ADVANCED_FACE('',(#10736,#10747),#10750,.T.);
#10736 = FACE_BOUND('',#10737,.T.);
#10737 = EDGE_LOOP('',(#10738));
#10738 = ORIENTED_EDGE('',*,*,#10739,.F.);
#10739 = EDGE_CURVE('',#10740,#10740,#10742,.T.);
#10740 = VERTEX_POINT('',#10741);
#10741 = CARTESIAN_POINT('',(5.385,1.25,1.25));
#10742 = CIRCLE('',#10743,1.25);
#10743 = AXIS2_PLACEMENT_3D('',#10744,#10745,#10746);
#10744 = CARTESIAN_POINT('',(5.385,0.,1.25));
#10745 = DIRECTION('',(1.,0.,0.));
#10746 = DIRECTION('',(-0.,1.,0.));
#10747 = FACE_BOUND('',#10748,.T.);
#10748 = EDGE_LOOP('',(#10749));
#10749 = ORIENTED_EDGE('',*,*,#10688,.F.);
#10750 = PLANE('',#10751);
#10751 = AXIS2_PLACEMENT_3D('',#10752,#10753,#10754);
#10752 = CARTESIAN_POINT('',(5.385,1.25,1.25));
#10753 = DIRECTION('',(-1.,0.,0.));
#10754 = DIRECTION('',(0.,0.,-1.));
#10755 = ADVANCED_FACE('',(#10756),#10775,.T.);
#10756 = FACE_BOUND('',#10757,.T.);
#10757 = EDGE_LOOP('',(#10758,#10766,#10767,#10768));
#10758 = ORIENTED_EDGE('',*,*,#10759,.T.);
#10759 = EDGE_CURVE('',#10760,#10714,#10762,.T.);
#10760 = VERTEX_POINT('',#10761);
#10761 = CARTESIAN_POINT('',(0.3,-7.347880794884E-17,-3.));
#10762 = LINE('',#10763,#10764);
#10763 = CARTESIAN_POINT('',(0.3,0.,-3.));
#10764 = VECTOR('',#10765,1.);
#10765 = DIRECTION('',(0.,0.,1.));
#10766 = ORIENTED_EDGE('',*,*,#10713,.F.);
#10767 = ORIENTED_EDGE('',*,*,#10759,.F.);
#10768 = ORIENTED_EDGE('',*,*,#10769,.T.);
#10769 = EDGE_CURVE('',#10760,#10760,#10770,.T.);
#10770 = CIRCLE('',#10771,0.3);
#10771 = AXIS2_PLACEMENT_3D('',#10772,#10773,#10774);
#10772 = CARTESIAN_POINT('',(0.,0.,-3.));
#10773 = DIRECTION('',(0.,0.,1.));
#10774 = DIRECTION('',(1.,0.,-0.));
#10775 = CYLINDRICAL_SURFACE('',#10776,0.3);
#10776 = AXIS2_PLACEMENT_3D('',#10777,#10778,#10779);
#10777 = CARTESIAN_POINT('',(0.,0.,-3.));
#10778 = DIRECTION('',(0.,0.,1.));
#10779 = DIRECTION('',(1.,0.,-0.));
#10780 = ADVANCED_FACE('',(#10781),#10800,.T.);
#10781 = FACE_BOUND('',#10782,.T.);
#10782 = EDGE_LOOP('',(#10783,#10784,#10792,#10799));
#10783 = ORIENTED_EDGE('',*,*,#10739,.T.);
#10784 = ORIENTED_EDGE('',*,*,#10785,.T.);
#10785 = EDGE_CURVE('',#10740,#10786,#10788,.T.);
#10786 = VERTEX_POINT('',#10787);
#10787 = CARTESIAN_POINT('',(6.335,1.25,1.25));
#10788 = LINE('',#10789,#10790);
#10789 = CARTESIAN_POINT('',(5.385,1.25,1.25));
#10790 = VECTOR('',#10791,1.);
#10791 = DIRECTION('',(1.,0.,0.));
#10792 = ORIENTED_EDGE('',*,*,#10793,.F.);
#10793 = EDGE_CURVE('',#10786,#10786,#10794,.T.);
#10794 = CIRCLE('',#10795,1.25);
#10795 = AXIS2_PLACEMENT_3D('',#10796,#10797,#10798);
#10796 = CARTESIAN_POINT('',(6.335,0.,1.25));
#10797 = DIRECTION('',(1.,0.,0.));
#10798 = DIRECTION('',(-0.,1.,0.));
#10799 = ORIENTED_EDGE('',*,*,#10785,.F.);
#10800 = CYLINDRICAL_SURFACE('',#10801,1.25);
#10801 = AXIS2_PLACEMENT_3D('',#10802,#10803,#10804);
#10802 = CARTESIAN_POINT('',(5.385,0.,1.25));
#10803 = DIRECTION('',(-1.,-0.,-0.));
#10804 = DIRECTION('',(0.,1.,0.));
#10805 = ADVANCED_FACE('',(#10806),#10809,.T.);
#10806 = FACE_BOUND('',#10807,.F.);
#10807 = EDGE_LOOP('',(#10808));
#10808 = ORIENTED_EDGE('',*,*,#10769,.T.);
#10809 = PLANE('',#10810);
#10810 = AXIS2_PLACEMENT_3D('',#10811,#10812,#10813);
#10811 = CARTESIAN_POINT('',(0.3,0.,-3.));
#10812 = DIRECTION('',(0.,0.,-1.));
#10813 = DIRECTION('',(-1.,0.,0.));
#10814 = ADVANCED_FACE('',(#10815),#10835,.T.);
#10815 = FACE_BOUND('',#10816,.T.);
#10816 = EDGE_LOOP('',(#10817,#10826,#10827,#10828));
#10817 = ORIENTED_EDGE('',*,*,#10818,.F.);
#10818 = EDGE_CURVE('',#10786,#10819,#10821,.T.);
#10819 = VERTEX_POINT('',#10820);
#10820 = CARTESIAN_POINT('',(6.96,0.625,1.25));
#10821 = CIRCLE('',#10822,0.625);
#10822 = AXIS2_PLACEMENT_3D('',#10823,#10824,#10825);
#10823 = CARTESIAN_POINT('',(6.335,0.625,1.25));
#10824 = DIRECTION('',(0.,0.,-1.));
#10825 = DIRECTION('',(0.,1.,0.));
#10826 = ORIENTED_EDGE('',*,*,#10793,.T.);
#10827 = ORIENTED_EDGE('',*,*,#10818,.T.);
#10828 = ORIENTED_EDGE('',*,*,#10829,.F.);
#10829 = EDGE_CURVE('',#10819,#10819,#10830,.T.);
#10830 = CIRCLE('',#10831,0.625);
#10831 = AXIS2_PLACEMENT_3D('',#10832,#10833,#10834);
#10832 = CARTESIAN_POINT('',(6.96,0.,1.25));
#10833 = DIRECTION('',(1.,0.,0.));
#10834 = DIRECTION('',(-0.,1.,0.));
#10835 = TOROIDAL_SURFACE('',#10836,0.625,0.625);
#10836 = AXIS2_PLACEMENT_3D('',#10837,#10838,#10839);
#10837 = CARTESIAN_POINT('',(6.335,0.,1.25));
#10838 = DIRECTION('',(1.,0.,0.));
#10839 = DIRECTION('',(-0.,1.,0.));
#10840 = ADVANCED_FACE('',(#10841,#10844),#11018,.F.);
#10841 = FACE_BOUND('',#10842,.F.);
#10842 = EDGE_LOOP('',(#10843));
#10843 = ORIENTED_EDGE('',*,*,#10829,.F.);
#10844 = FACE_BOUND('',#10845,.F.);
#10845 = EDGE_LOOP('',(#10846));
#10846 = ORIENTED_EDGE('',*,*,#10847,.F.);
#10847 = EDGE_CURVE('',#10848,#10848,#10850,.T.);
#10848 = VERTEX_POINT('',#10849);
#10849 = CARTESIAN_POINT('',(6.96,1.102182119233E-16,0.899909083395));
#10850 = B_SPLINE_CURVE_WITH_KNOTS('',6,(#10851,#10852,#10853,#10854,
    #10855,#10856,#10857,#10858,#10859,#10860,#10861,#10862,#10863,
    #10864,#10865,#10866,#10867,#10868,#10869,#10870,#10871,#10872,
    #10873,#10874,#10875,#10876,#10877,#10878,#10879,#10880,#10881,
    #10882,#10883,#10884,#10885,#10886,#10887,#10888,#10889,#10890,
    #10891,#10892,#10893,#10894,#10895,#10896,#10897,#10898,#10899,
    #10900,#10901,#10902,#10903,#10904,#10905,#10906,#10907,#10908,
    #10909,#10910,#10911,#10912,#10913,#10914,#10915,#10916,#10917,
    #10918,#10919,#10920,#10921,#10922,#10923,#10924,#10925,#10926,
    #10927,#10928,#10929,#10930,#10931,#10932,#10933,#10934,#10935,
    #10936,#10937,#10938,#10939,#10940,#10941,#10942,#10943,#10944,
    #10945,#10946,#10947,#10948,#10949,#10950,#10951,#10952,#10953,
    #10954,#10955,#10956,#10957,#10958,#10959,#10960,#10961,#10962,
    #10963,#10964,#10965,#10966,#10967,#10968,#10969,#10970,#10971,
    #10972,#10973,#10974,#10975,#10976,#10977,#10978,#10979,#10980,
    #10981,#10982,#10983,#10984,#10985,#10986,#10987,#10988,#10989,
    #10990,#10991,#10992,#10993,#10994,#10995,#10996,#10997,#10998,
    #10999,#11000,#11001,#11002,#11003,#11004,#11005,#11006,#11007,
    #11008,#11009,#11010,#11011,#11012,#11013,#11014,#11015,#11016,
    #11017),.UNSPECIFIED.,.T.,.F.,(1,6,5,5,5,5,5,5,5,5,5,5,5,5,5,5,5,5,5
    ,5,5,5,5,5,5,5,5,5,5,5,5,5,5,5,6,1),(-3.7454922963E-02,0.,
    2.522151735631E-02,5.431626764274E-02,8.648932873413E-02,
    0.120698905604,0.15585219498,0.191016701755,0.225517033144,
    0.258939642143,0.291086884381,0.32191412294,0.351469698498,
    0.379846555914,0.407148198058,0.433469525493,0.458895614127,
    0.483540398702,0.505898369155,0.530279933853,0.555348100008,
    0.581270886766,0.608136607836,0.636034631737,0.665066137875,
    0.695331933304,0.726904811218,0.759787311372,0.793856187529,
    0.828799116201,0.864057997078,0.898806507422,0.932001552493,
    0.962545077037,1.,1.025221517356),.UNSPECIFIED.);
#10851 = CARTESIAN_POINT('',(6.96,0.,0.899909083395));
#10852 = CARTESIAN_POINT('',(6.96,-9.860167462582E-03,0.89990896861));
#10853 = CARTESIAN_POINT('',(6.96,-1.96044152314E-02,0.900333777569));
#10854 = CARTESIAN_POINT('',(6.96,-2.906856746895E-02,0.901162791225));
#10855 = CARTESIAN_POINT('',(6.96,-3.818494668051E-02,0.902337445313));
#10856 = CARTESIAN_POINT('',(6.96,-4.697397432956E-02,0.903804960014));
#10857 = CARTESIAN_POINT('',(6.96,-6.54122858756E-02,0.907588661461));
#10858 = CARTESIAN_POINT('',(6.96,-7.491985816654E-02,0.909985989386));
#10859 = CARTESIAN_POINT('',(6.96,-8.408849098391E-02,0.912709553602));
#10860 = CARTESIAN_POINT('',(6.96,-9.294310465939E-02,0.915726321464));
#10861 = CARTESIAN_POINT('',(6.96,-0.10150496885,0.919011549987));
#10862 = CARTESIAN_POINT('',(6.96,-0.118958221281,0.926453836747));
#10863 = CARTESIAN_POINT('',(6.96,-0.127787715696,0.930666010737));
#10864 = CARTESIAN_POINT('',(6.96,-0.136306161655,0.935155928941));
#10865 = CARTESIAN_POINT('',(6.96,-0.144532121634,0.939904049757));
#10866 = CARTESIAN_POINT('',(6.96,-0.152479877126,0.944895641374));
#10867 = CARTESIAN_POINT('',(6.96,-0.168328600516,0.955672815412));
#10868 = CARTESIAN_POINT('',(6.96,-0.176194773963,0.961488214941));
#10869 = CARTESIAN_POINT('',(6.96,-0.183772608747,0.967551566344));
#10870 = CARTESIAN_POINT('',(6.96,-0.191071765541,0.973851742068));
#10871 = CARTESIAN_POINT('',(6.96,-0.198098606692,0.980379951052));
#10872 = CARTESIAN_POINT('',(6.96,-0.211800202804,0.994065659178));
#10873 = CARTESIAN_POINT('',(6.96,-0.218460270558,1.001234983766));
#10874 = CARTESIAN_POINT('',(6.96,-0.224839910615,1.00863041136));
#10875 = CARTESIAN_POINT('',(6.96,-0.230940211566,1.016245364777));
#10876 = CARTESIAN_POINT('',(6.96,-0.236759839456,1.024073990789));
#10877 = CARTESIAN_POINT('',(6.96,-0.247832003876,1.040150861324));
#10878 = CARTESIAN_POINT('',(6.96,-0.253084568675,1.048398903269));
#10879 = CARTESIAN_POINT('',(6.96,-0.258049049185,1.05685004652));
#10880 = CARTESIAN_POINT('',(6.96,-0.2627200155,1.065498685566));
#10881 = CARTESIAN_POINT('',(6.96,-0.267090290802,1.074338848812));
#10882 = CARTESIAN_POINT('',(6.96,-0.275134913375,1.092219064394));
#10883 = CARTESIAN_POINT('',(6.96,-0.278821000575,1.10125194666));
#10884 = CARTESIAN_POINT('',(6.96,-0.282200788118,1.110456818481));
#10885 = CARTESIAN_POINT('',(6.96,-0.285264726102,1.119826534893));
#10886 = CARTESIAN_POINT('',(6.96,-0.288002139566,1.129352832871));
#10887 = CARTESIAN_POINT('',(6.96,-0.292725370416,1.148397637921));
#10888 = CARTESIAN_POINT('',(6.96,-0.29473215882,1.157906911838));
#10889 = CARTESIAN_POINT('',(6.96,-0.296410834199,1.16754558505));
#10890 = CARTESIAN_POINT('',(6.96,-0.297750172302,1.177303521997));
#10891 = CARTESIAN_POINT('',(6.96,-0.298738484134,1.187169019587));
#10892 = CARTESIAN_POINT('',(6.96,-0.29996489055,1.20670853133));
#10893 = CARTESIAN_POINT('',(6.96,-0.300230362775,1.216375375657));
#10894 = CARTESIAN_POINT('',(6.96,-0.300149187552,1.22611747583));
#10895 = CARTESIAN_POINT('',(6.96,-0.299710732489,1.235921267953));
#10896 = CARTESIAN_POINT('',(6.96,-0.298904577874,1.245771488577));
#10897 = CARTESIAN_POINT('',(6.96,-0.296585075031,1.265125180201));
#10898 = CARTESIAN_POINT('',(6.96,-0.295102319855,1.27462625024));
#10899 = CARTESIAN_POINT('',(6.96,-0.293263243612,1.284139361954));
#10900 = CARTESIAN_POINT('',(6.96,-0.29105964956,1.293647958229));
#10901 = CARTESIAN_POINT('',(6.96,-0.288484151749,1.303133947704));
#10902 = CARTESIAN_POINT('',(6.96,-0.282698057797,1.321631888118));
#10903 = CARTESIAN_POINT('',(6.96,-0.279518212828,1.330647292743));
#10904 = CARTESIAN_POINT('',(6.96,-0.275984865526,1.339606568389));
#10905 = CARTESIAN_POINT('',(6.96,-0.27209347283,1.348491205415));
#10906 = CARTESIAN_POINT('',(6.96,-0.26784072321,1.357281534804));
#10907 = CARTESIAN_POINT('',(6.96,-0.258792456003,1.374285939199));
#10908 = CARTESIAN_POINT('',(6.96,-0.254025471274,1.382509099941));
#10909 = CARTESIAN_POINT('',(6.96,-0.248921774536,1.390607746147));
#10910 = CARTESIAN_POINT('',(6.96,-0.24348099529,1.398562707415));
#10911 = CARTESIAN_POINT('',(6.96,-0.237704200488,1.406354107177));
#10912 = CARTESIAN_POINT('',(6.96,-0.225715116467,1.421280374005));
#10913 = CARTESIAN_POINT('',(6.96,-0.219527700064,1.428429026844));
#10914 = CARTESIAN_POINT('',(6.96,-0.213033898729,1.435388985848));
#10915 = CARTESIAN_POINT('',(6.96,-0.206237442407,1.442141620875));
#10916 = CARTESIAN_POINT('',(6.96,-0.199143537578,1.448668007007));
#10917 = CARTESIAN_POINT('',(6.96,-0.184639358866,1.461004311837));
#10918 = CARTESIAN_POINT('',(6.96,-0.177249661366,1.46683162664));
#10919 = CARTESIAN_POINT('',(6.96,-0.169595743404,1.472413651413));
#10920 = CARTESIAN_POINT('',(6.96,-0.161685063001,1.477733185029));
#10921 = CARTESIAN_POINT('',(6.96,-0.153526567552,1.482773042789));
#10922 = CARTESIAN_POINT('',(6.96,-0.137020377957,1.492097733275));
#10923 = CARTESIAN_POINT('',(6.96,-0.128688741655,1.496402506097));
#10924 = CARTESIAN_POINT('',(6.96,-0.120145015698,1.500414870926));
#10925 = CARTESIAN_POINT('',(6.96,-0.111400273136,1.504119613979));
#10926 = CARTESIAN_POINT('',(6.96,-0.102467429294,1.507501811642));
#10927 = CARTESIAN_POINT('',(6.96,-8.453487359643E-02,1.513498183633));
#10928 = CARTESIAN_POINT('',(6.96,-7.554644720911E-02,1.51613308184));
#10929 = CARTESIAN_POINT('',(6.96,-6.640854708582E-02,1.518437839156));
#10930 = CARTESIAN_POINT('',(6.96,-5.713780068804E-02,1.520399910874));
#10931 = CARTESIAN_POINT('',(6.96,-4.775487845774E-02,1.522007893513));
#10932 = CARTESIAN_POINT('',(6.96,-2.969292548283E-02,1.52437977876));
#10933 = CARTESIAN_POINT('',(6.96,-2.102889094976E-02,1.525208924822));
#10934 = CARTESIAN_POINT('',(6.96,-1.231404153143E-02,1.525730890851));
#10935 = CARTESIAN_POINT('',(6.96,-3.572679276074E-03,1.525941220805));
#10936 = CARTESIAN_POINT('',(6.96,5.168243033088E-03,1.52583907475));
#10937 = CARTESIAN_POINT('',(6.96,2.337844678287E-02,1.524978413229));
#10938 = CARTESIAN_POINT('',(6.96,3.284373024997E-02,1.524160868463));
#10939 = CARTESIAN_POINT('',(6.96,4.224172239025E-02,1.522980299422));
#10940 = CARTESIAN_POINT('',(6.96,5.154503802108E-02,1.521444853212));
#10941 = CARTESIAN_POINT('',(6.96,6.073215666605E-02,1.519565119195));
#10942 = CARTESIAN_POINT('',(6.96,7.909771199475E-02,1.515080715405));
#10943 = CARTESIAN_POINT('',(6.96,8.82675531125E-02,1.512456387335));
#10944 = CARTESIAN_POINT('',(6.96,9.727920151967E-02,1.509494357792));
#10945 = CARTESIAN_POINT('',(6.96,0.106117302403,1.506208331254));
#10946 = CARTESIAN_POINT('',(6.96,0.114768890523,1.502612503667));
#10947 = CARTESIAN_POINT('',(6.96,0.1319661163,1.494697932395));
#10948 = CARTESIAN_POINT('',(6.96,0.140497712216,1.490358583428));
#10949 = CARTESIAN_POINT('',(6.96,0.148806071355,1.485719654426));
#10950 = CARTESIAN_POINT('',(6.96,0.156880646133,1.480797412311));
#10951 = CARTESIAN_POINT('',(6.96,0.164712447986,1.475608252032));
#10952 = CARTESIAN_POINT('',(6.96,0.180151425777,1.46453127229));
#10953 = CARTESIAN_POINT('',(6.96,0.187739967164,1.45862481836));
#10954 = CARTESIAN_POINT('',(6.96,0.195051332691,1.452467727028));
#10955 = CARTESIAN_POINT('',(6.96,0.20207865613,1.446078243141));
#10956 = CARTESIAN_POINT('',(6.96,0.208816543867,1.439474464151));
#10957 = CARTESIAN_POINT('',(6.96,0.221953238059,1.425612923524));
#10958 = CARTESIAN_POINT('',(6.96,0.228328994524,1.418339683896));
#10959 = CARTESIAN_POINT('',(6.96,0.234383964852,1.410874723556));
#10960 = CARTESIAN_POINT('',(6.96,0.240115238483,1.403237627432));
#10961 = CARTESIAN_POINT('',(6.96,0.245521373748,1.395447463058));
#10962 = CARTESIAN_POINT('',(6.96,0.25588986733,1.379276120213));
#10963 = CARTESIAN_POINT('',(6.96,0.260825161615,1.370883687614));
#10964 = CARTESIAN_POINT('',(6.96,0.265408347201,1.362366366749));
#10965 = CARTESIAN_POINT('',(6.96,0.269640836772,1.353744077057));
#10966 = CARTESIAN_POINT('',(6.96,0.273525389215,1.345035773446));
#10967 = CARTESIAN_POINT('',(6.96,0.280757370989,1.327109983642));
#10968 = CARTESIAN_POINT('',(6.96,0.284074778857,1.317886520225));
#10969 = CARTESIAN_POINT('',(6.96,0.28702301626,1.308609389122));
#10970 = CARTESIAN_POINT('',(6.96,0.289607785113,1.29929753334));
#10971 = CARTESIAN_POINT('',(6.96,0.291835806202,1.289968505808));
#10972 = CARTESIAN_POINT('',(6.96,0.295674983107,1.270905490066));
#10973 = CARTESIAN_POINT('',(6.96,0.297255138129,1.261171409814));
#10974 = CARTESIAN_POINT('',(6.96,0.298464076807,1.251454505978));
#10975 = CARTESIAN_POINT('',(6.96,0.299311079865,1.241771395371));
#10976 = CARTESIAN_POINT('',(6.96,0.299805916194,1.232137034265));
#10977 = CARTESIAN_POINT('',(6.96,0.300118111197,1.212595339038));
#10978 = CARTESIAN_POINT('',(6.96,0.299906304864,1.202693342182));
#10979 = CARTESIAN_POINT('',(6.96,0.299334986276,1.192873677979));
#10980 = CARTESIAN_POINT('',(6.96,0.298415549391,1.183149632812));
#10981 = CARTESIAN_POINT('',(6.96,0.29715921972,1.173532829284));
#10982 = CARTESIAN_POINT('',(6.96,0.293937801394,1.154190874));
#10983 = CARTESIAN_POINT('',(6.96,0.291948588365,1.144474495238));
#10984 = CARTESIAN_POINT('',(6.96,0.28962167445,1.134895115228));
#10985 = CARTESIAN_POINT('',(6.96,0.286968474246,1.125462408515));
#10986 = CARTESIAN_POINT('',(6.96,0.283999557728,1.116184698885));
#10987 = CARTESIAN_POINT('',(6.96,0.277365720041,1.097719338125));
#10988 = CARTESIAN_POINT('',(6.96,0.273684735103,1.088540329457));
#10989 = CARTESIAN_POINT('',(6.96,0.269692170683,1.079539418357));
#10990 = CARTESIAN_POINT('',(6.96,0.265397023465,1.070723360764));
#10991 = CARTESIAN_POINT('',(6.96,0.260806811571,1.062098183552));
#10992 = CARTESIAN_POINT('',(6.96,0.251004219697,1.045163947022));
#10993 = CARTESIAN_POINT('',(6.96,0.245786411547,1.036858741787));
#10994 = CARTESIAN_POINT('',(6.96,0.240280395782,1.028758943151));
#10995 = CARTESIAN_POINT('',(6.96,0.234490304979,1.02087012779));
#10996 = CARTESIAN_POINT('',(6.96,0.22841815861,1.013198074729));
#10997 = CARTESIAN_POINT('',(6.96,0.215801547815,0.998407234883));
#10998 = CARTESIAN_POINT('',(6.96,0.209264913083,0.99128247471));
#10999 = CARTESIAN_POINT('',(6.96,0.202454000094,0.984380026053));
#11000 = CARTESIAN_POINT('',(6.96,0.195365961507,0.977706983911));
#11001 = CARTESIAN_POINT('',(6.96,0.187995061392,0.971271997058));
#11002 = CARTESIAN_POINT('',(6.96,0.173012837564,0.959175029375));
#11003 = CARTESIAN_POINT('',(6.96,0.165426529007,0.953492099376));
#11004 = CARTESIAN_POINT('',(6.96,0.157566437944,0.948044934321));
#11005 = CARTESIAN_POINT('',(6.96,0.149421373308,0.942845601948));
#11006 = CARTESIAN_POINT('',(6.96,0.140976264593,0.937909781461));
#11007 = CARTESIAN_POINT('',(6.96,0.124148131162,0.928975627958));
#11008 = CARTESIAN_POINT('',(6.96,0.115814071992,0.924934439518));
#11009 = CARTESIAN_POINT('',(6.96,0.107194037794,0.921149181784));
#11010 = CARTESIAN_POINT('',(6.96,9.826937450524E-02,0.917639774974));
#11011 = CARTESIAN_POINT('',(6.96,8.901696421491E-02,0.914432828225));
#11012 = CARTESIAN_POINT('',(6.96,6.762356037127E-02,0.908046964389));
#11013 = CARTESIAN_POINT('',(6.96,5.540377745077E-02,0.905068595899));
#11014 = CARTESIAN_POINT('',(6.96,4.253681255711E-02,0.902629529668));
#11015 = CARTESIAN_POINT('',(6.96,2.893994360873E-02,0.900849442899));
#11016 = CARTESIAN_POINT('',(6.96,1.46772221458E-02,0.899909046356));
#11017 = CARTESIAN_POINT('',(6.96,0.,0.899909083395));
#11018 = PLANE('',#11019);
#11019 = AXIS2_PLACEMENT_3D('',#11020,#11021,#11022);
#11020 = CARTESIAN_POINT('',(6.96,1.25,1.25));
#11021 = DIRECTION('',(-1.,0.,0.));
#11022 = DIRECTION('',(0.,0.,-1.));
#11023 = ADVANCED_FACE('',(#11024),#11044,.T.);
#11024 = FACE_BOUND('',#11025,.T.);
#11025 = EDGE_LOOP('',(#11026,#11027,#11036,#11043));
#11026 = ORIENTED_EDGE('',*,*,#10847,.F.);
#11027 = ORIENTED_EDGE('',*,*,#11028,.T.);
#11028 = EDGE_CURVE('',#10848,#11029,#11031,.T.);
#11029 = VERTEX_POINT('',#11030);
#11030 = CARTESIAN_POINT('',(7.32,0.,0.35));
#11031 = CIRCLE('',#11032,0.6);
#11032 = AXIS2_PLACEMENT_3D('',#11033,#11034,#11035);
#11033 = CARTESIAN_POINT('',(6.72,1.102182119233E-16,0.35));
#11034 = DIRECTION('',(0.,1.,0.));
#11035 = DIRECTION('',(0.,-0.,1.));
#11036 = ORIENTED_EDGE('',*,*,#11037,.T.);
#11037 = EDGE_CURVE('',#11029,#11029,#11038,.T.);
#11038 = CIRCLE('',#11039,0.3);
#11039 = AXIS2_PLACEMENT_3D('',#11040,#11041,#11042);
#11040 = CARTESIAN_POINT('',(7.62,0.,0.35));
#11041 = DIRECTION('',(3.828568698927E-16,-0.,1.));
#11042 = DIRECTION('',(1.,0.,-3.828568698927E-16));
#11043 = ORIENTED_EDGE('',*,*,#11028,.F.);
#11044 = TOROIDAL_SURFACE('',#11045,0.9,0.3);
#11045 = AXIS2_PLACEMENT_3D('',#11046,#11047,#11048);
#11046 = CARTESIAN_POINT('',(6.72,0.,0.35));
#11047 = DIRECTION('',(0.,1.,0.));
#11048 = DIRECTION('',(0.,-0.,1.));
#11049 = ADVANCED_FACE('',(#11050),#11069,.T.);
#11050 = FACE_BOUND('',#11051,.T.);
#11051 = EDGE_LOOP('',(#11052,#11060,#11067,#11068));
#11052 = ORIENTED_EDGE('',*,*,#11053,.T.);
#11053 = EDGE_CURVE('',#11029,#11054,#11056,.T.);
#11054 = VERTEX_POINT('',#11055);
#11055 = CARTESIAN_POINT('',(7.32,-7.347880794884E-17,-3.));
#11056 = LINE('',#11057,#11058);
#11057 = CARTESIAN_POINT('',(7.32,0.,0.35));
#11058 = VECTOR('',#11059,1.);
#11059 = DIRECTION('',(0.,0.,-1.));
#11060 = ORIENTED_EDGE('',*,*,#11061,.F.);
#11061 = EDGE_CURVE('',#11054,#11054,#11062,.T.);
#11062 = CIRCLE('',#11063,0.3);
#11063 = AXIS2_PLACEMENT_3D('',#11064,#11065,#11066);
#11064 = CARTESIAN_POINT('',(7.62,0.,-3.));
#11065 = DIRECTION('',(0.,0.,-1.));
#11066 = DIRECTION('',(-1.,0.,0.));
#11067 = ORIENTED_EDGE('',*,*,#11053,.F.);
#11068 = ORIENTED_EDGE('',*,*,#11037,.F.);
#11069 = CYLINDRICAL_SURFACE('',#11070,0.3);
#11070 = AXIS2_PLACEMENT_3D('',#11071,#11072,#11073);
#11071 = CARTESIAN_POINT('',(7.62,0.,0.35));
#11072 = DIRECTION('',(0.,0.,-1.));
#11073 = DIRECTION('',(-1.,0.,0.));
#11074 = ADVANCED_FACE('',(#11075),#11078,.F.);
#11075 = FACE_BOUND('',#11076,.T.);
#11076 = EDGE_LOOP('',(#11077));
#11077 = ORIENTED_EDGE('',*,*,#11061,.T.);
#11078 = PLANE('',#11079);
#11079 = AXIS2_PLACEMENT_3D('',#11080,#11081,#11082);
#11080 = CARTESIAN_POINT('',(7.32,0.,-3.));
#11081 = DIRECTION('',(0.,0.,1.));
#11082 = DIRECTION('',(1.,0.,-0.));
#11083 = ( GEOMETRIC_REPRESENTATION_CONTEXT(3) 
GLOBAL_UNCERTAINTY_ASSIGNED_CONTEXT((#11087)) 
GLOBAL_UNIT_ASSIGNED_CONTEXT((#11084,#11085,#11086)) 
REPRESENTATION_CONTEXT('Context #1',
  '3D Context with UNIT and UNCERTAINTY') );
#11084 = ( LENGTH_UNIT() NAMED_UNIT(*) SI_UNIT(.MILLI.,.METRE.) );
#11085 = ( NAMED_UNIT(*) PLANE_ANGLE_UNIT() SI_UNIT($,.RADIAN.) );
#11086 = ( NAMED_UNIT(*) SI_UNIT($,.STERADIAN.) SOLID_ANGLE_UNIT() );
#11087 = UNCERTAINTY_MEASURE_WITH_UNIT(LENGTH_MEASURE(1.E-07),#11084,
  'distance_accuracy_value','confusion accuracy');
#11088 = CONTEXT_DEPENDENT_SHAPE_REPRESENTATION(#11089,#11091);
#11089 = ( REPRESENTATION_RELATIONSHIP('','',#10419,#10396) 
REPRESENTATION_RELATIONSHIP_WITH_TRANSFORMATION(#11090) 
SHAPE_REPRESENTATION_RELATIONSHIP() );
#11090 = ITEM_DEFINED_TRANSFORMATION('','',#11,#10397);
#11091 = PRODUCT_DEFINITION_SHAPE('Placement','Placement of an item',
  #11092);
#11092 = NEXT_ASSEMBLY_USAGE_OCCURRENCE('11','=>[0:1:1:11]','',#10391,
  #10414,$);
#11093 = PRODUCT_RELATED_PRODUCT_CATEGORY('part',$,(#10416));
#11094 = CONTEXT_DEPENDENT_SHAPE_REPRESENTATION(#11095,#11097);
#11095 = ( REPRESENTATION_RELATIONSHIP('','',#8243,#10) 
REPRESENTATION_RELATIONSHIP_WITH_TRANSFORMATION(#11096) 
SHAPE_REPRESENTATION_RELATIONSHIP() );
#11096 = ITEM_DEFINED_TRANSFORMATION('','',#11,#43);
#11097 = PRODUCT_DEFINITION_SHAPE('Placement','Placement of an item',
  #11098);
#11098 = NEXT_ASSEMBLY_USAGE_OCCURRENCE('13','RV2','',#5,#8238,$);
#11099 = CONTEXT_DEPENDENT_SHAPE_REPRESENTATION(#11100,#11102);
#11100 = ( REPRESENTATION_RELATIONSHIP('','',#10396,#10) 
REPRESENTATION_RELATIONSHIP_WITH_TRANSFORMATION(#11101) 
SHAPE_REPRESENTATION_RELATIONSHIP() );
#11101 = ITEM_DEFINED_TRANSFORMATION('','',#11,#47);
#11102 = PRODUCT_DEFINITION_SHAPE('Placement','Placement of an item',
  #11103);
#11103 = NEXT_ASSEMBLY_USAGE_OCCURRENCE('14','R1','',#5,#10391,$);
#11104 = CONTEXT_DEPENDENT_SHAPE_REPRESENTATION(#11105,#11107);
#11105 = ( REPRESENTATION_RELATIONSHIP('','',#84,#10) 
REPRESENTATION_RELATIONSHIP_WITH_TRANSFORMATION(#11106) 
SHAPE_REPRESENTATION_RELATIONSHIP() );
#11106 = ITEM_DEFINED_TRANSFORMATION('','',#11,#51);
#11107 = PRODUCT_DEFINITION_SHAPE('Placement','Placement of an item',
  #11108);
#11108 = NEXT_ASSEMBLY_USAGE_OCCURRENCE('15','C4','',#5,#79,$);
#11109 = CONTEXT_DEPENDENT_SHAPE_REPRESENTATION(#11110,#11112);
#11110 = ( REPRESENTATION_RELATIONSHIP('','',#84,#10) 
REPRESENTATION_RELATIONSHIP_WITH_TRANSFORMATION(#11111) 
SHAPE_REPRESENTATION_RELATIONSHIP() );
#11111 = ITEM_DEFINED_TRANSFORMATION('','',#11,#55);
#11112 = PRODUCT_DEFINITION_SHAPE('Placement','Placement of an item',
  #11113);
#11113 = NEXT_ASSEMBLY_USAGE_OCCURRENCE('16','C5','',#5,#79,$);
#11114 = CONTEXT_DEPENDENT_SHAPE_REPRESENTATION(#11115,#11117);
#11115 = ( REPRESENTATION_RELATIONSHIP('','',#6769,#10) 
REPRESENTATION_RELATIONSHIP_WITH_TRANSFORMATION(#11116) 
SHAPE_REPRESENTATION_RELATIONSHIP() );
#11116 = ITEM_DEFINED_TRANSFORMATION('','',#11,#59);
#11117 = PRODUCT_DEFINITION_SHAPE('Placement','Placement of an item',
  #11118);
#11118 = NEXT_ASSEMBLY_USAGE_OCCURRENCE('17','J2','',#5,#6764,$);
#11119 = CONTEXT_DEPENDENT_SHAPE_REPRESENTATION(#11120,#11122);
#11120 = ( REPRESENTATION_RELATIONSHIP('','',#6769,#10) 
REPRESENTATION_RELATIONSHIP_WITH_TRANSFORMATION(#11121) 
SHAPE_REPRESENTATION_RELATIONSHIP() );
#11121 = ITEM_DEFINED_TRANSFORMATION('','',#11,#63);
#11122 = PRODUCT_DEFINITION_SHAPE('Placement','Placement of an item',
  #11123);
#11123 = NEXT_ASSEMBLY_USAGE_OCCURRENCE('18','J1','',#5,#6764,$);
#11124 = SHAPE_DEFINITION_REPRESENTATION(#11125,#11131);
#11125 = PRODUCT_DEFINITION_SHAPE('','',#11126);
#11126 = PRODUCT_DEFINITION('design','',#11127,#11130);
#11127 = PRODUCT_DEFINITION_FORMATION('','',#11128);
#11128 = PRODUCT('Radio_Tutorial_PCB','Radio_Tutorial_PCB','',(#11129));
#11129 = PRODUCT_CONTEXT('',#2,'mechanical');
#11130 = PRODUCT_DEFINITION_CONTEXT('part definition',#2,'design');
#11131 = ADVANCED_BREP_SHAPE_REPRESENTATION('',(#11,#11132),#13948);
#11132 = MANIFOLD_SOLID_BREP('',#11133);
#11133 = CLOSED_SHELL('',(#11134,#11176,#11207,#11238,#11992,#12746,
    #12763,#12780,#12797,#12814,#12826,#12843,#12860,#12877,#12894,
    #12911,#12928,#12945,#12962,#12979,#12996,#13013,#13030,#13047,
    #13064,#13081,#13098,#13115,#13132,#13154,#13171,#13188,#13200,
    #13217,#13234,#13251,#13268,#13285,#13302,#13319,#13336,#13353,
    #13370,#13387,#13404,#13421,#13438,#13455,#13472,#13489,#13506,
    #13523,#13540,#13557,#13574,#13591,#13608,#13630,#13647,#13664,
    #13676,#13693,#13715,#13732,#13749,#13761,#13778,#13795,#13812,
    #13829,#13846,#13863,#13880,#13897,#13914,#13931));
#11134 = ADVANCED_FACE('',(#11135),#11171,.T.);
#11135 = FACE_BOUND('',#11136,.T.);
#11136 = EDGE_LOOP('',(#11137,#11147,#11156,#11164));
#11137 = ORIENTED_EDGE('',*,*,#11138,.T.);
#11138 = EDGE_CURVE('',#11139,#11141,#11143,.T.);
#11139 = VERTEX_POINT('',#11140);
#11140 = CARTESIAN_POINT('',(37.5,32.,0.));
#11141 = VERTEX_POINT('',#11142);
#11142 = CARTESIAN_POINT('',(37.5,32.,1.51));
#11143 = LINE('',#11144,#11145);
#11144 = CARTESIAN_POINT('',(37.5,32.,0.));
#11145 = VECTOR('',#11146,1.);
#11146 = DIRECTION('',(0.,0.,1.));
#11147 = ORIENTED_EDGE('',*,*,#11148,.T.);
#11148 = EDGE_CURVE('',#11141,#11149,#11151,.T.);
#11149 = VERTEX_POINT('',#11150);
#11150 = CARTESIAN_POINT('',(42.5,27.,1.51));
#11151 = CIRCLE('',#11152,4.999999678834);
#11152 = AXIS2_PLACEMENT_3D('',#11153,#11154,#11155);
#11153 = CARTESIAN_POINT('',(37.500000321166,27.000000321166,1.51));
#11154 = DIRECTION('',(0.,0.,-1.));
#11155 = DIRECTION('',(-6.423314275614E-08,1.,0.));
#11156 = ORIENTED_EDGE('',*,*,#11157,.F.);
#11157 = EDGE_CURVE('',#11158,#11149,#11160,.T.);
#11158 = VERTEX_POINT('',#11159);
#11159 = CARTESIAN_POINT('',(42.5,27.,0.));
#11160 = LINE('',#11161,#11162);
#11161 = CARTESIAN_POINT('',(42.5,27.,0.));
#11162 = VECTOR('',#11163,1.);
#11163 = DIRECTION('',(0.,0.,1.));
#11164 = ORIENTED_EDGE('',*,*,#11165,.F.);
#11165 = EDGE_CURVE('',#11139,#11158,#11166,.T.);
#11166 = CIRCLE('',#11167,4.999999678834);
#11167 = AXIS2_PLACEMENT_3D('',#11168,#11169,#11170);
#11168 = CARTESIAN_POINT('',(37.500000321166,27.000000321166,0.));
#11169 = DIRECTION('',(0.,0.,-1.));
#11170 = DIRECTION('',(-6.423314275614E-08,1.,0.));
#11171 = CYLINDRICAL_SURFACE('',#11172,4.999999678834);
#11172 = AXIS2_PLACEMENT_3D('',#11173,#11174,#11175);
#11173 = CARTESIAN_POINT('',(37.500000321166,27.000000321166,0.));
#11174 = DIRECTION('',(0.,0.,-1.));
#11175 = DIRECTION('',(-6.423314275614E-08,1.,0.));
#11176 = ADVANCED_FACE('',(#11177),#11202,.T.);
#11177 = FACE_BOUND('',#11178,.T.);
#11178 = EDGE_LOOP('',(#11179,#11189,#11195,#11196));
#11179 = ORIENTED_EDGE('',*,*,#11180,.T.);
#11180 = EDGE_CURVE('',#11181,#11183,#11185,.T.);
#11181 = VERTEX_POINT('',#11182);
#11182 = CARTESIAN_POINT('',(-37.5,32.,0.));
#11183 = VERTEX_POINT('',#11184);
#11184 = CARTESIAN_POINT('',(-37.5,32.,1.51));
#11185 = LINE('',#11186,#11187);
#11186 = CARTESIAN_POINT('',(-37.5,32.,0.));
#11187 = VECTOR('',#11188,1.);
#11188 = DIRECTION('',(0.,0.,1.));
#11189 = ORIENTED_EDGE('',*,*,#11190,.T.);
#11190 = EDGE_CURVE('',#11183,#11141,#11191,.T.);
#11191 = LINE('',#11192,#11193);
#11192 = CARTESIAN_POINT('',(-37.5,32.,1.51));
#11193 = VECTOR('',#11194,1.);
#11194 = DIRECTION('',(1.,0.,0.));
#11195 = ORIENTED_EDGE('',*,*,#11138,.F.);
#11196 = ORIENTED_EDGE('',*,*,#11197,.F.);
#11197 = EDGE_CURVE('',#11181,#11139,#11198,.T.);
#11198 = LINE('',#11199,#11200);
#11199 = CARTESIAN_POINT('',(-37.5,32.,0.));
#11200 = VECTOR('',#11201,1.);
#11201 = DIRECTION('',(1.,0.,0.));
#11202 = PLANE('',#11203);
#11203 = AXIS2_PLACEMENT_3D('',#11204,#11205,#11206);
#11204 = CARTESIAN_POINT('',(-37.5,32.,0.));
#11205 = DIRECTION('',(0.,1.,0.));
#11206 = DIRECTION('',(1.,0.,0.));
#11207 = ADVANCED_FACE('',(#11208),#11233,.T.);
#11208 = FACE_BOUND('',#11209,.T.);
#11209 = EDGE_LOOP('',(#11210,#11211,#11219,#11227));
#11210 = ORIENTED_EDGE('',*,*,#11157,.T.);
#11211 = ORIENTED_EDGE('',*,*,#11212,.T.);
#11212 = EDGE_CURVE('',#11149,#11213,#11215,.T.);
#11213 = VERTEX_POINT('',#11214);
#11214 = CARTESIAN_POINT('',(42.5,-27.,1.51));
#11215 = LINE('',#11216,#11217);
#11216 = CARTESIAN_POINT('',(42.5,27.,1.51));
#11217 = VECTOR('',#11218,1.);
#11218 = DIRECTION('',(0.,-1.,0.));
#11219 = ORIENTED_EDGE('',*,*,#11220,.F.);
#11220 = EDGE_CURVE('',#11221,#11213,#11223,.T.);
#11221 = VERTEX_POINT('',#11222);
#11222 = CARTESIAN_POINT('',(42.5,-27.,0.));
#11223 = LINE('',#11224,#11225);
#11224 = CARTESIAN_POINT('',(42.5,-27.,0.));
#11225 = VECTOR('',#11226,1.);
#11226 = DIRECTION('',(0.,0.,1.));
#11227 = ORIENTED_EDGE('',*,*,#11228,.F.);
#11228 = EDGE_CURVE('',#11158,#11221,#11229,.T.);
#11229 = LINE('',#11230,#11231);
#11230 = CARTESIAN_POINT('',(42.5,27.,0.));
#11231 = VECTOR('',#11232,1.);
#11232 = DIRECTION('',(0.,-1.,0.));
#11233 = PLANE('',#11234);
#11234 = AXIS2_PLACEMENT_3D('',#11235,#11236,#11237);
#11235 = CARTESIAN_POINT('',(42.5,27.,0.));
#11236 = DIRECTION('',(1.,0.,-0.));
#11237 = DIRECTION('',(0.,-1.,0.));
#11238 = ADVANCED_FACE('',(#11239,#11285,#11296,#11307,#11318,#11329,
    #11340,#11351,#11362,#11373,#11384,#11395,#11406,#11417,#11428,
    #11439,#11450,#11461,#11472,#11483,#11519,#11530,#11541,#11552,
    #11563,#11574,#11585,#11596,#11607,#11618,#11629,#11640,#11651,
    #11662,#11673,#11684,#11695,#11706,#11717,#11728,#11739,#11750,
    #11761,#11772,#11783,#11819,#11830,#11866,#11877,#11888,#11899,
    #11910,#11921,#11932,#11943,#11954,#11965,#11976),#11987,.F.);
#11239 = FACE_BOUND('',#11240,.F.);
#11240 = EDGE_LOOP('',(#11241,#11242,#11243,#11252,#11260,#11269,#11277,
    #11284));
#11241 = ORIENTED_EDGE('',*,*,#11165,.F.);
#11242 = ORIENTED_EDGE('',*,*,#11197,.F.);
#11243 = ORIENTED_EDGE('',*,*,#11244,.F.);
#11244 = EDGE_CURVE('',#11245,#11181,#11247,.T.);
#11245 = VERTEX_POINT('',#11246);
#11246 = CARTESIAN_POINT('',(-42.5,27.,0.));
#11247 = CIRCLE('',#11248,4.999999678834);
#11248 = AXIS2_PLACEMENT_3D('',#11249,#11250,#11251);
#11249 = CARTESIAN_POINT('',(-37.50000032116,27.000000321166,0.));
#11250 = DIRECTION('',(0.,0.,-1.));
#11251 = DIRECTION('',(-1.,-6.423314275614E-08,-0.));
#11252 = ORIENTED_EDGE('',*,*,#11253,.F.);
#11253 = EDGE_CURVE('',#11254,#11245,#11256,.T.);
#11254 = VERTEX_POINT('',#11255);
#11255 = CARTESIAN_POINT('',(-42.5,-27.,0.));
#11256 = LINE('',#11257,#11258);
#11257 = CARTESIAN_POINT('',(-42.5,-27.,0.));
#11258 = VECTOR('',#11259,1.);
#11259 = DIRECTION('',(0.,1.,0.));
#11260 = ORIENTED_EDGE('',*,*,#11261,.F.);
#11261 = EDGE_CURVE('',#11262,#11254,#11264,.T.);
#11262 = VERTEX_POINT('',#11263);
#11263 = CARTESIAN_POINT('',(-37.5,-32.,0.));
#11264 = CIRCLE('',#11265,4.999999678834);
#11265 = AXIS2_PLACEMENT_3D('',#11266,#11267,#11268);
#11266 = CARTESIAN_POINT('',(-37.50000032116,-27.00000032116,0.));
#11267 = DIRECTION('',(0.,0.,-1.));
#11268 = DIRECTION('',(6.423314275614E-08,-1.,0.));
#11269 = ORIENTED_EDGE('',*,*,#11270,.F.);
#11270 = EDGE_CURVE('',#11271,#11262,#11273,.T.);
#11271 = VERTEX_POINT('',#11272);
#11272 = CARTESIAN_POINT('',(37.5,-32.,0.));
#11273 = LINE('',#11274,#11275);
#11274 = CARTESIAN_POINT('',(37.5,-32.,0.));
#11275 = VECTOR('',#11276,1.);
#11276 = DIRECTION('',(-1.,0.,0.));
#11277 = ORIENTED_EDGE('',*,*,#11278,.F.);
#11278 = EDGE_CURVE('',#11221,#11271,#11279,.T.);
#11279 = CIRCLE('',#11280,4.999999678834);
#11280 = AXIS2_PLACEMENT_3D('',#11281,#11282,#11283);
#11281 = CARTESIAN_POINT('',(37.500000321166,-27.00000032116,0.));
#11282 = DIRECTION('',(0.,0.,-1.));
#11283 = DIRECTION('',(1.,6.423314275614E-08,0.));
#11284 = ORIENTED_EDGE('',*,*,#11228,.F.);
#11285 = FACE_BOUND('',#11286,.F.);
#11286 = EDGE_LOOP('',(#11287));
#11287 = ORIENTED_EDGE('',*,*,#11288,.T.);
#11288 = EDGE_CURVE('',#11289,#11289,#11291,.T.);
#11289 = VERTEX_POINT('',#11290);
#11290 = CARTESIAN_POINT('',(-37.5,-28.35,0.));
#11291 = CIRCLE('',#11292,1.35);
#11292 = AXIS2_PLACEMENT_3D('',#11293,#11294,#11295);
#11293 = CARTESIAN_POINT('',(-37.5,-27.,0.));
#11294 = DIRECTION('',(-0.,0.,-1.));
#11295 = DIRECTION('',(-0.,-1.,0.));
#11296 = FACE_BOUND('',#11297,.F.);
#11297 = EDGE_LOOP('',(#11298));
#11298 = ORIENTED_EDGE('',*,*,#11299,.T.);
#11299 = EDGE_CURVE('',#11300,#11300,#11302,.T.);
#11300 = VERTEX_POINT('',#11301);
#11301 = CARTESIAN_POINT('',(-39.3515,-4.5645,0.));
#11302 = CIRCLE('',#11303,0.4445);
#11303 = AXIS2_PLACEMENT_3D('',#11304,#11305,#11306);
#11304 = CARTESIAN_POINT('',(-39.3515,-4.12,0.));
#11305 = DIRECTION('',(-0.,0.,-1.));
#11306 = DIRECTION('',(-0.,-1.,0.));
#11307 = FACE_BOUND('',#11308,.F.);
#11308 = EDGE_LOOP('',(#11309));
#11309 = ORIENTED_EDGE('',*,*,#11310,.T.);
#11310 = EDGE_CURVE('',#11311,#11311,#11313,.T.);
#11311 = VERTEX_POINT('',#11312);
#11312 = CARTESIAN_POINT('',(-36.8115,-4.5645,0.));
#11313 = CIRCLE('',#11314,0.4445);
#11314 = AXIS2_PLACEMENT_3D('',#11315,#11316,#11317);
#11315 = CARTESIAN_POINT('',(-36.8115,-4.12,0.));
#11316 = DIRECTION('',(-0.,0.,-1.));
#11317 = DIRECTION('',(-1.598521340293E-14,-1.,0.));
#11318 = FACE_BOUND('',#11319,.F.);
#11319 = EDGE_LOOP('',(#11320));
#11320 = ORIENTED_EDGE('',*,*,#11321,.T.);
#11321 = EDGE_CURVE('',#11322,#11322,#11324,.T.);
#11322 = VERTEX_POINT('',#11323);
#11323 = CARTESIAN_POINT('',(-34.2715,-4.5645,0.));
#11324 = CIRCLE('',#11325,0.4445);
#11325 = AXIS2_PLACEMENT_3D('',#11326,#11327,#11328);
#11326 = CARTESIAN_POINT('',(-34.2715,-4.12,0.));
#11327 = DIRECTION('',(-0.,0.,-1.));
#11328 = DIRECTION('',(-0.,-1.,0.));
#11329 = FACE_BOUND('',#11330,.F.);
#11330 = EDGE_LOOP('',(#11331));
#11331 = ORIENTED_EDGE('',*,*,#11332,.T.);
#11332 = EDGE_CURVE('',#11333,#11333,#11335,.T.);
#11333 = VERTEX_POINT('',#11334);
#11334 = CARTESIAN_POINT('',(-31.7315,-4.5645,0.));
#11335 = CIRCLE('',#11336,0.4445);
#11336 = AXIS2_PLACEMENT_3D('',#11337,#11338,#11339);
#11337 = CARTESIAN_POINT('',(-31.7315,-4.12,0.));
#11338 = DIRECTION('',(-0.,0.,-1.));
#11339 = DIRECTION('',(-0.,-1.,0.));
#11340 = FACE_BOUND('',#11341,.F.);
#11341 = EDGE_LOOP('',(#11342));
#11342 = ORIENTED_EDGE('',*,*,#11343,.T.);
#11343 = EDGE_CURVE('',#11344,#11344,#11346,.T.);
#11344 = VERTEX_POINT('',#11345);
#11345 = CARTESIAN_POINT('',(-29.1915,-4.5645,0.));
#11346 = CIRCLE('',#11347,0.4445);
#11347 = AXIS2_PLACEMENT_3D('',#11348,#11349,#11350);
#11348 = CARTESIAN_POINT('',(-29.1915,-4.12,0.));
#11349 = DIRECTION('',(-0.,0.,-1.));
#11350 = DIRECTION('',(-7.992606701464E-15,-1.,0.));
#11351 = FACE_BOUND('',#11352,.F.);
#11352 = EDGE_LOOP('',(#11353));
#11353 = ORIENTED_EDGE('',*,*,#11354,.T.);
#11354 = EDGE_CURVE('',#11355,#11355,#11357,.T.);
#11355 = VERTEX_POINT('',#11356);
#11356 = CARTESIAN_POINT('',(-26.6515,-4.5645,0.));
#11357 = CIRCLE('',#11358,0.4445);
#11358 = AXIS2_PLACEMENT_3D('',#11359,#11360,#11361);
#11359 = CARTESIAN_POINT('',(-26.6515,-4.12,0.));
#11360 = DIRECTION('',(-0.,0.,-1.));
#11361 = DIRECTION('',(-0.,-1.,0.));
#11362 = FACE_BOUND('',#11363,.F.);
#11363 = EDGE_LOOP('',(#11364));
#11364 = ORIENTED_EDGE('',*,*,#11365,.T.);
#11365 = EDGE_CURVE('',#11366,#11366,#11368,.T.);
#11366 = VERTEX_POINT('',#11367);
#11367 = CARTESIAN_POINT('',(-24.1115,-4.5645,0.));
#11368 = CIRCLE('',#11369,0.4445);
#11369 = AXIS2_PLACEMENT_3D('',#11370,#11371,#11372);
#11370 = CARTESIAN_POINT('',(-24.1115,-4.12,0.));
#11371 = DIRECTION('',(-0.,0.,-1.));
#11372 = DIRECTION('',(-0.,-1.,0.));
#11373 = FACE_BOUND('',#11374,.F.);
#11374 = EDGE_LOOP('',(#11375));
#11375 = ORIENTED_EDGE('',*,*,#11376,.T.);
#11376 = EDGE_CURVE('',#11377,#11377,#11379,.T.);
#11377 = VERTEX_POINT('',#11378);
#11378 = CARTESIAN_POINT('',(-8.,-2.9,0.));
#11379 = CIRCLE('',#11380,0.4);
#11380 = AXIS2_PLACEMENT_3D('',#11381,#11382,#11383);
#11381 = CARTESIAN_POINT('',(-8.,-2.5,0.));
#11382 = DIRECTION('',(-0.,0.,-1.));
#11383 = DIRECTION('',(-0.,-1.,0.));
#11384 = FACE_BOUND('',#11385,.F.);
#11385 = EDGE_LOOP('',(#11386));
#11386 = ORIENTED_EDGE('',*,*,#11387,.T.);
#11387 = EDGE_CURVE('',#11388,#11388,#11390,.T.);
#11388 = VERTEX_POINT('',#11389);
#11389 = CARTESIAN_POINT('',(37.5,-28.35,0.));
#11390 = CIRCLE('',#11391,1.35);
#11391 = AXIS2_PLACEMENT_3D('',#11392,#11393,#11394);
#11392 = CARTESIAN_POINT('',(37.5,-27.,0.));
#11393 = DIRECTION('',(-0.,0.,-1.));
#11394 = DIRECTION('',(-0.,-1.,0.));
#11395 = FACE_BOUND('',#11396,.F.);
#11396 = EDGE_LOOP('',(#11397));
#11397 = ORIENTED_EDGE('',*,*,#11398,.T.);
#11398 = EDGE_CURVE('',#11399,#11399,#11401,.T.);
#11399 = VERTEX_POINT('',#11400);
#11400 = CARTESIAN_POINT('',(19.19,-11.71,0.));
#11401 = CIRCLE('',#11402,0.4);
#11402 = AXIS2_PLACEMENT_3D('',#11403,#11404,#11405);
#11403 = CARTESIAN_POINT('',(19.19,-11.31,0.));
#11404 = DIRECTION('',(-0.,0.,-1.));
#11405 = DIRECTION('',(8.881784197001E-15,-1.,-0.));
#11406 = FACE_BOUND('',#11407,.F.);
#11407 = EDGE_LOOP('',(#11408));
#11408 = ORIENTED_EDGE('',*,*,#11409,.T.);
#11409 = EDGE_CURVE('',#11410,#11410,#11412,.T.);
#11410 = VERTEX_POINT('',#11411);
#11411 = CARTESIAN_POINT('',(19.19,-4.09,0.));
#11412 = CIRCLE('',#11413,0.4);
#11413 = AXIS2_PLACEMENT_3D('',#11414,#11415,#11416);
#11414 = CARTESIAN_POINT('',(19.19,-3.69,0.));
#11415 = DIRECTION('',(-0.,0.,-1.));
#11416 = DIRECTION('',(8.881784197001E-15,-1.,-0.));
#11417 = FACE_BOUND('',#11418,.F.);
#11418 = EDGE_LOOP('',(#11419));
#11419 = ORIENTED_EDGE('',*,*,#11420,.T.);
#11420 = EDGE_CURVE('',#11421,#11421,#11423,.T.);
#11421 = VERTEX_POINT('',#11422);
#11422 = CARTESIAN_POINT('',(21.73,-11.71,0.));
#11423 = CIRCLE('',#11424,0.4);
#11424 = AXIS2_PLACEMENT_3D('',#11425,#11426,#11427);
#11425 = CARTESIAN_POINT('',(21.73,-11.31,0.));
#11426 = DIRECTION('',(-0.,0.,-1.));
#11427 = DIRECTION('',(8.881784197001E-15,-1.,-0.));
#11428 = FACE_BOUND('',#11429,.F.);
#11429 = EDGE_LOOP('',(#11430));
#11430 = ORIENTED_EDGE('',*,*,#11431,.T.);
#11431 = EDGE_CURVE('',#11432,#11432,#11434,.T.);
#11432 = VERTEX_POINT('',#11433);
#11433 = CARTESIAN_POINT('',(24.27,-11.71,0.));
#11434 = CIRCLE('',#11435,0.4);
#11435 = AXIS2_PLACEMENT_3D('',#11436,#11437,#11438);
#11436 = CARTESIAN_POINT('',(24.27,-11.31,0.));
#11437 = DIRECTION('',(-0.,0.,-1.));
#11438 = DIRECTION('',(-8.881784197001E-15,-1.,0.));
#11439 = FACE_BOUND('',#11440,.F.);
#11440 = EDGE_LOOP('',(#11441));
#11441 = ORIENTED_EDGE('',*,*,#11442,.T.);
#11442 = EDGE_CURVE('',#11443,#11443,#11445,.T.);
#11443 = VERTEX_POINT('',#11444);
#11444 = CARTESIAN_POINT('',(26.81,-11.71,0.));
#11445 = CIRCLE('',#11446,0.4);
#11446 = AXIS2_PLACEMENT_3D('',#11447,#11448,#11449);
#11447 = CARTESIAN_POINT('',(26.81,-11.31,0.));
#11448 = DIRECTION('',(-0.,0.,-1.));
#11449 = DIRECTION('',(-8.881784197001E-15,-1.,0.));
#11450 = FACE_BOUND('',#11451,.F.);
#11451 = EDGE_LOOP('',(#11452));
#11452 = ORIENTED_EDGE('',*,*,#11453,.T.);
#11453 = EDGE_CURVE('',#11454,#11454,#11456,.T.);
#11454 = VERTEX_POINT('',#11455);
#11455 = CARTESIAN_POINT('',(21.73,-4.09,0.));
#11456 = CIRCLE('',#11457,0.4);
#11457 = AXIS2_PLACEMENT_3D('',#11458,#11459,#11460);
#11458 = CARTESIAN_POINT('',(21.73,-3.69,0.));
#11459 = DIRECTION('',(-0.,0.,-1.));
#11460 = DIRECTION('',(8.881784197001E-15,-1.,-0.));
#11461 = FACE_BOUND('',#11462,.F.);
#11462 = EDGE_LOOP('',(#11463));
#11463 = ORIENTED_EDGE('',*,*,#11464,.T.);
#11464 = EDGE_CURVE('',#11465,#11465,#11467,.T.);
#11465 = VERTEX_POINT('',#11466);
#11466 = CARTESIAN_POINT('',(24.27,-4.09,0.));
#11467 = CIRCLE('',#11468,0.4);
#11468 = AXIS2_PLACEMENT_3D('',#11469,#11470,#11471);
#11469 = CARTESIAN_POINT('',(24.27,-3.69,0.));
#11470 = DIRECTION('',(-0.,0.,-1.));
#11471 = DIRECTION('',(-8.881784197001E-15,-1.,0.));
#11472 = FACE_BOUND('',#11473,.F.);
#11473 = EDGE_LOOP('',(#11474));
#11474 = ORIENTED_EDGE('',*,*,#11475,.T.);
#11475 = EDGE_CURVE('',#11476,#11476,#11478,.T.);
#11476 = VERTEX_POINT('',#11477);
#11477 = CARTESIAN_POINT('',(26.81,-4.09,0.));
#11478 = CIRCLE('',#11479,0.4);
#11479 = AXIS2_PLACEMENT_3D('',#11480,#11481,#11482);
#11480 = CARTESIAN_POINT('',(26.81,-3.69,0.));
#11481 = DIRECTION('',(-0.,0.,-1.));
#11482 = DIRECTION('',(-8.881784197001E-15,-1.,0.));
#11483 = FACE_BOUND('',#11484,.F.);
#11484 = EDGE_LOOP('',(#11485,#11496,#11504,#11513));
#11485 = ORIENTED_EDGE('',*,*,#11486,.T.);
#11486 = EDGE_CURVE('',#11487,#11489,#11491,.T.);
#11487 = VERTEX_POINT('',#11488);
#11488 = CARTESIAN_POINT('',(38.2,-2.199999,0.));
#11489 = VERTEX_POINT('',#11490);
#11490 = CARTESIAN_POINT('',(38.2,-1.600001,0.));
#11491 = CIRCLE('',#11492,0.299999);
#11492 = AXIS2_PLACEMENT_3D('',#11493,#11494,#11495);
#11493 = CARTESIAN_POINT('',(38.2,-1.9,0.));
#11494 = DIRECTION('',(-0.,0.,-1.));
#11495 = DIRECTION('',(0.,1.,0.));
#11496 = ORIENTED_EDGE('',*,*,#11497,.T.);
#11497 = EDGE_CURVE('',#11489,#11498,#11500,.T.);
#11498 = VERTEX_POINT('',#11499);
#11499 = CARTESIAN_POINT('',(38.8,-1.600001,0.));
#11500 = LINE('',#11501,#11502);
#11501 = CARTESIAN_POINT('',(19.4,-1.600001,0.));
#11502 = VECTOR('',#11503,1.);
#11503 = DIRECTION('',(1.,0.,-0.));
#11504 = ORIENTED_EDGE('',*,*,#11505,.T.);
#11505 = EDGE_CURVE('',#11498,#11506,#11508,.T.);
#11506 = VERTEX_POINT('',#11507);
#11507 = CARTESIAN_POINT('',(38.8,-2.199999,0.));
#11508 = CIRCLE('',#11509,0.299999);
#11509 = AXIS2_PLACEMENT_3D('',#11510,#11511,#11512);
#11510 = CARTESIAN_POINT('',(38.8,-1.9,0.));
#11511 = DIRECTION('',(-0.,0.,-1.));
#11512 = DIRECTION('',(-0.,-1.,0.));
#11513 = ORIENTED_EDGE('',*,*,#11514,.T.);
#11514 = EDGE_CURVE('',#11506,#11487,#11515,.T.);
#11515 = LINE('',#11516,#11517);
#11516 = CARTESIAN_POINT('',(19.1,-2.199999,0.));
#11517 = VECTOR('',#11518,1.);
#11518 = DIRECTION('',(-1.,0.,0.));
#11519 = FACE_BOUND('',#11520,.F.);
#11520 = EDGE_LOOP('',(#11521));
#11521 = ORIENTED_EDGE('',*,*,#11522,.T.);
#11522 = EDGE_CURVE('',#11523,#11523,#11525,.T.);
#11523 = VERTEX_POINT('',#11524);
#11524 = CARTESIAN_POINT('',(-39.3515,10.6755,0.));
#11525 = CIRCLE('',#11526,0.4445);
#11526 = AXIS2_PLACEMENT_3D('',#11527,#11528,#11529);
#11527 = CARTESIAN_POINT('',(-39.3515,11.12,0.));
#11528 = DIRECTION('',(-0.,0.,-1.));
#11529 = DIRECTION('',(-0.,-1.,0.));
#11530 = FACE_BOUND('',#11531,.F.);
#11531 = EDGE_LOOP('',(#11532));
#11532 = ORIENTED_EDGE('',*,*,#11533,.T.);
#11533 = EDGE_CURVE('',#11534,#11534,#11536,.T.);
#11534 = VERTEX_POINT('',#11535);
#11535 = CARTESIAN_POINT('',(-36.8115,10.6755,0.));
#11536 = CIRCLE('',#11537,0.4445);
#11537 = AXIS2_PLACEMENT_3D('',#11538,#11539,#11540);
#11538 = CARTESIAN_POINT('',(-36.8115,11.12,0.));
#11539 = DIRECTION('',(-0.,0.,-1.));
#11540 = DIRECTION('',(-1.598521340293E-14,-1.,0.));
#11541 = FACE_BOUND('',#11542,.F.);
#11542 = EDGE_LOOP('',(#11543));
#11543 = ORIENTED_EDGE('',*,*,#11544,.T.);
#11544 = EDGE_CURVE('',#11545,#11545,#11547,.T.);
#11545 = VERTEX_POINT('',#11546);
#11546 = CARTESIAN_POINT('',(-34.2715,10.6755,0.));
#11547 = CIRCLE('',#11548,0.4445);
#11548 = AXIS2_PLACEMENT_3D('',#11549,#11550,#11551);
#11549 = CARTESIAN_POINT('',(-34.2715,11.12,0.));
#11550 = DIRECTION('',(-0.,0.,-1.));
#11551 = DIRECTION('',(-0.,-1.,0.));
#11552 = FACE_BOUND('',#11553,.F.);
#11553 = EDGE_LOOP('',(#11554));
#11554 = ORIENTED_EDGE('',*,*,#11555,.T.);
#11555 = EDGE_CURVE('',#11556,#11556,#11558,.T.);
#11556 = VERTEX_POINT('',#11557);
#11557 = CARTESIAN_POINT('',(-31.7315,10.6755,0.));
#11558 = CIRCLE('',#11559,0.4445);
#11559 = AXIS2_PLACEMENT_3D('',#11560,#11561,#11562);
#11560 = CARTESIAN_POINT('',(-31.7315,11.12,0.));
#11561 = DIRECTION('',(-0.,0.,-1.));
#11562 = DIRECTION('',(-0.,-1.,0.));
#11563 = FACE_BOUND('',#11564,.F.);
#11564 = EDGE_LOOP('',(#11565));
#11565 = ORIENTED_EDGE('',*,*,#11566,.T.);
#11566 = EDGE_CURVE('',#11567,#11567,#11569,.T.);
#11567 = VERTEX_POINT('',#11568);
#11568 = CARTESIAN_POINT('',(-29.1915,10.6755,0.));
#11569 = CIRCLE('',#11570,0.4445);
#11570 = AXIS2_PLACEMENT_3D('',#11571,#11572,#11573);
#11571 = CARTESIAN_POINT('',(-29.1915,11.12,0.));
#11572 = DIRECTION('',(-0.,0.,-1.));
#11573 = DIRECTION('',(-7.992606701464E-15,-1.,0.));
#11574 = FACE_BOUND('',#11575,.F.);
#11575 = EDGE_LOOP('',(#11576));
#11576 = ORIENTED_EDGE('',*,*,#11577,.T.);
#11577 = EDGE_CURVE('',#11578,#11578,#11580,.T.);
#11578 = VERTEX_POINT('',#11579);
#11579 = CARTESIAN_POINT('',(-26.6515,10.6755,0.));
#11580 = CIRCLE('',#11581,0.4445);
#11581 = AXIS2_PLACEMENT_3D('',#11582,#11583,#11584);
#11582 = CARTESIAN_POINT('',(-26.6515,11.12,0.));
#11583 = DIRECTION('',(-0.,0.,-1.));
#11584 = DIRECTION('',(-0.,-1.,0.));
#11585 = FACE_BOUND('',#11586,.F.);
#11586 = EDGE_LOOP('',(#11587));
#11587 = ORIENTED_EDGE('',*,*,#11588,.T.);
#11588 = EDGE_CURVE('',#11589,#11589,#11591,.T.);
#11589 = VERTEX_POINT('',#11590);
#11590 = CARTESIAN_POINT('',(-24.1115,10.6755,0.));
#11591 = CIRCLE('',#11592,0.4445);
#11592 = AXIS2_PLACEMENT_3D('',#11593,#11594,#11595);
#11593 = CARTESIAN_POINT('',(-24.1115,11.12,0.));
#11594 = DIRECTION('',(-0.,0.,-1.));
#11595 = DIRECTION('',(-0.,-1.,0.));
#11596 = FACE_BOUND('',#11597,.F.);
#11597 = EDGE_LOOP('',(#11598));
#11598 = ORIENTED_EDGE('',*,*,#11599,.T.);
#11599 = EDGE_CURVE('',#11600,#11600,#11602,.T.);
#11600 = VERTEX_POINT('',#11601);
#11601 = CARTESIAN_POINT('',(-8.,-0.4,0.));
#11602 = CIRCLE('',#11603,0.4);
#11603 = AXIS2_PLACEMENT_3D('',#11604,#11605,#11606);
#11604 = CARTESIAN_POINT('',(-8.,4.440892098501E-16,0.));
#11605 = DIRECTION('',(-0.,0.,-1.));
#11606 = DIRECTION('',(-0.,-1.,0.));
#11607 = FACE_BOUND('',#11608,.F.);
#11608 = EDGE_LOOP('',(#11609));
#11609 = ORIENTED_EDGE('',*,*,#11610,.T.);
#11610 = EDGE_CURVE('',#11611,#11611,#11613,.T.);
#11611 = VERTEX_POINT('',#11612);
#11612 = CARTESIAN_POINT('',(-15.5,6.725,0.));
#11613 = CIRCLE('',#11614,0.5);
#11614 = AXIS2_PLACEMENT_3D('',#11615,#11616,#11617);
#11615 = CARTESIAN_POINT('',(-15.5,7.225,0.));
#11616 = DIRECTION('',(-0.,0.,-1.));
#11617 = DIRECTION('',(-0.,-1.,0.));
#11618 = FACE_BOUND('',#11619,.F.);
#11619 = EDGE_LOOP('',(#11620));
#11620 = ORIENTED_EDGE('',*,*,#11621,.T.);
#11621 = EDGE_CURVE('',#11622,#11622,#11624,.T.);
#11622 = VERTEX_POINT('',#11623);
#11623 = CARTESIAN_POINT('',(-15.5,9.265,0.));
#11624 = CIRCLE('',#11625,0.5);
#11625 = AXIS2_PLACEMENT_3D('',#11626,#11627,#11628);
#11626 = CARTESIAN_POINT('',(-15.5,9.765,0.));
#11627 = DIRECTION('',(-0.,0.,-1.));
#11628 = DIRECTION('',(-0.,-1.,0.));
#11629 = FACE_BOUND('',#11630,.F.);
#11630 = EDGE_LOOP('',(#11631));
#11631 = ORIENTED_EDGE('',*,*,#11632,.T.);
#11632 = EDGE_CURVE('',#11633,#11633,#11635,.T.);
#11633 = VERTEX_POINT('',#11634);
#11634 = CARTESIAN_POINT('',(-37.5,25.65,0.));
#11635 = CIRCLE('',#11636,1.35);
#11636 = AXIS2_PLACEMENT_3D('',#11637,#11638,#11639);
#11637 = CARTESIAN_POINT('',(-37.5,27.,0.));
#11638 = DIRECTION('',(-0.,0.,-1.));
#11639 = DIRECTION('',(-0.,-1.,0.));
#11640 = FACE_BOUND('',#11641,.F.);
#11641 = EDGE_LOOP('',(#11642));
#11642 = ORIENTED_EDGE('',*,*,#11643,.T.);
#11643 = EDGE_CURVE('',#11644,#11644,#11646,.T.);
#11644 = VERTEX_POINT('',#11645);
#11645 = CARTESIAN_POINT('',(-6.5,14.5,0.));
#11646 = CIRCLE('',#11647,0.5);
#11647 = AXIS2_PLACEMENT_3D('',#11648,#11649,#11650);
#11648 = CARTESIAN_POINT('',(-6.5,15.,0.));
#11649 = DIRECTION('',(-0.,0.,-1.));
#11650 = DIRECTION('',(-0.,-1.,0.));
#11651 = FACE_BOUND('',#11652,.F.);
#11652 = EDGE_LOOP('',(#11653));
#11653 = ORIENTED_EDGE('',*,*,#11654,.T.);
#11654 = EDGE_CURVE('',#11655,#11655,#11657,.T.);
#11655 = VERTEX_POINT('',#11656);
#11656 = CARTESIAN_POINT('',(-3.96,14.5,0.));
#11657 = CIRCLE('',#11658,0.5);
#11658 = AXIS2_PLACEMENT_3D('',#11659,#11660,#11661);
#11659 = CARTESIAN_POINT('',(-3.96,15.,0.));
#11660 = DIRECTION('',(-0.,0.,-1.));
#11661 = DIRECTION('',(-0.,-1.,0.));
#11662 = FACE_BOUND('',#11663,.F.);
#11663 = EDGE_LOOP('',(#11664));
#11664 = ORIENTED_EDGE('',*,*,#11665,.T.);
#11665 = EDGE_CURVE('',#11666,#11666,#11668,.T.);
#11666 = VERTEX_POINT('',#11667);
#11667 = CARTESIAN_POINT('',(-1.42,14.5,0.));
#11668 = CIRCLE('',#11669,0.5);
#11669 = AXIS2_PLACEMENT_3D('',#11670,#11671,#11672);
#11670 = CARTESIAN_POINT('',(-1.42,15.,0.));
#11671 = DIRECTION('',(-0.,0.,-1.));
#11672 = DIRECTION('',(-0.,-1.,0.));
#11673 = FACE_BOUND('',#11674,.F.);
#11674 = EDGE_LOOP('',(#11675));
#11675 = ORIENTED_EDGE('',*,*,#11676,.T.);
#11676 = EDGE_CURVE('',#11677,#11677,#11679,.T.);
#11677 = VERTEX_POINT('',#11678);
#11678 = CARTESIAN_POINT('',(-2.,23.225,0.));
#11679 = CIRCLE('',#11680,0.5);
#11680 = AXIS2_PLACEMENT_3D('',#11681,#11682,#11683);
#11681 = CARTESIAN_POINT('',(-2.,23.725,0.));
#11682 = DIRECTION('',(-0.,0.,-1.));
#11683 = DIRECTION('',(-0.,-1.,0.));
#11684 = FACE_BOUND('',#11685,.F.);
#11685 = EDGE_LOOP('',(#11686));
#11686 = ORIENTED_EDGE('',*,*,#11687,.T.);
#11687 = EDGE_CURVE('',#11688,#11688,#11690,.T.);
#11688 = VERTEX_POINT('',#11689);
#11689 = CARTESIAN_POINT('',(-2.,25.765,0.));
#11690 = CIRCLE('',#11691,0.5);
#11691 = AXIS2_PLACEMENT_3D('',#11692,#11693,#11694);
#11692 = CARTESIAN_POINT('',(-2.,26.265,0.));
#11693 = DIRECTION('',(-0.,0.,-1.));
#11694 = DIRECTION('',(-0.,-1.,0.));
#11695 = FACE_BOUND('',#11696,.F.);
#11696 = EDGE_LOOP('',(#11697));
#11697 = ORIENTED_EDGE('',*,*,#11698,.T.);
#11698 = EDGE_CURVE('',#11699,#11699,#11701,.T.);
#11699 = VERTEX_POINT('',#11700);
#11700 = CARTESIAN_POINT('',(16.5,2.6,0.));
#11701 = CIRCLE('',#11702,0.4);
#11702 = AXIS2_PLACEMENT_3D('',#11703,#11704,#11705);
#11703 = CARTESIAN_POINT('',(16.5,3.,0.));
#11704 = DIRECTION('',(-0.,0.,-1.));
#11705 = DIRECTION('',(-0.,-1.,0.));
#11706 = FACE_BOUND('',#11707,.F.);
#11707 = EDGE_LOOP('',(#11708));
#11708 = ORIENTED_EDGE('',*,*,#11709,.T.);
#11709 = EDGE_CURVE('',#11710,#11710,#11712,.T.);
#11710 = VERTEX_POINT('',#11711);
#11711 = CARTESIAN_POINT('',(16.5,5.1,0.));
#11712 = CIRCLE('',#11713,0.4);
#11713 = AXIS2_PLACEMENT_3D('',#11714,#11715,#11716);
#11714 = CARTESIAN_POINT('',(16.5,5.5,0.));
#11715 = DIRECTION('',(-0.,0.,-1.));
#11716 = DIRECTION('',(-0.,-1.,0.));
#11717 = FACE_BOUND('',#11718,.F.);
#11718 = EDGE_LOOP('',(#11719));
#11719 = ORIENTED_EDGE('',*,*,#11720,.T.);
#11720 = EDGE_CURVE('',#11721,#11721,#11723,.T.);
#11721 = VERTEX_POINT('',#11722);
#11722 = CARTESIAN_POINT('',(7.5,9.42,0.));
#11723 = CIRCLE('',#11724,0.5);
#11724 = AXIS2_PLACEMENT_3D('',#11725,#11726,#11727);
#11725 = CARTESIAN_POINT('',(7.5,9.92,0.));
#11726 = DIRECTION('',(-0.,0.,-1.));
#11727 = DIRECTION('',(-0.,-1.,0.));
#11728 = FACE_BOUND('',#11729,.F.);
#11729 = EDGE_LOOP('',(#11730));
#11730 = ORIENTED_EDGE('',*,*,#11731,.T.);
#11731 = EDGE_CURVE('',#11732,#11732,#11734,.T.);
#11732 = VERTEX_POINT('',#11733);
#11733 = CARTESIAN_POINT('',(7.5,11.96,0.));
#11734 = CIRCLE('',#11735,0.5);
#11735 = AXIS2_PLACEMENT_3D('',#11736,#11737,#11738);
#11736 = CARTESIAN_POINT('',(7.5,12.46,0.));
#11737 = DIRECTION('',(-0.,0.,-1.));
#11738 = DIRECTION('',(-0.,-1.,0.));
#11739 = FACE_BOUND('',#11740,.F.);
#11740 = EDGE_LOOP('',(#11741));
#11741 = ORIENTED_EDGE('',*,*,#11742,.T.);
#11742 = EDGE_CURVE('',#11743,#11743,#11745,.T.);
#11743 = VERTEX_POINT('',#11744);
#11744 = CARTESIAN_POINT('',(13.5,8.675,0.));
#11745 = CIRCLE('',#11746,0.4);
#11746 = AXIS2_PLACEMENT_3D('',#11747,#11748,#11749);
#11747 = CARTESIAN_POINT('',(13.5,9.075,0.));
#11748 = DIRECTION('',(-0.,0.,-1.));
#11749 = DIRECTION('',(-0.,-1.,0.));
#11750 = FACE_BOUND('',#11751,.F.);
#11751 = EDGE_LOOP('',(#11752));
#11752 = ORIENTED_EDGE('',*,*,#11753,.T.);
#11753 = EDGE_CURVE('',#11754,#11754,#11756,.T.);
#11754 = VERTEX_POINT('',#11755);
#11755 = CARTESIAN_POINT('',(28.,3.1,0.));
#11756 = CIRCLE('',#11757,0.4);
#11757 = AXIS2_PLACEMENT_3D('',#11758,#11759,#11760);
#11758 = CARTESIAN_POINT('',(28.,3.5,0.));
#11759 = DIRECTION('',(-0.,0.,-1.));
#11760 = DIRECTION('',(-0.,-1.,0.));
#11761 = FACE_BOUND('',#11762,.F.);
#11762 = EDGE_LOOP('',(#11763));
#11763 = ORIENTED_EDGE('',*,*,#11764,.T.);
#11764 = EDGE_CURVE('',#11765,#11765,#11767,.T.);
#11765 = VERTEX_POINT('',#11766);
#11766 = CARTESIAN_POINT('',(28.,5.6,0.));
#11767 = CIRCLE('',#11768,0.4);
#11768 = AXIS2_PLACEMENT_3D('',#11769,#11770,#11771);
#11769 = CARTESIAN_POINT('',(28.,6.,0.));
#11770 = DIRECTION('',(-0.,0.,-1.));
#11771 = DIRECTION('',(-0.,-1.,0.));
#11772 = FACE_BOUND('',#11773,.F.);
#11773 = EDGE_LOOP('',(#11774));
#11774 = ORIENTED_EDGE('',*,*,#11775,.T.);
#11775 = EDGE_CURVE('',#11776,#11776,#11778,.T.);
#11776 = VERTEX_POINT('',#11777);
#11777 = CARTESIAN_POINT('',(34.5,-0.1,0.));
#11778 = CIRCLE('',#11779,0.6);
#11779 = AXIS2_PLACEMENT_3D('',#11780,#11781,#11782);
#11780 = CARTESIAN_POINT('',(34.5,0.5,0.));
#11781 = DIRECTION('',(-0.,0.,-1.));
#11782 = DIRECTION('',(-0.,-1.,0.));
#11783 = FACE_BOUND('',#11784,.F.);
#11784 = EDGE_LOOP('',(#11785,#11796,#11804,#11813));
#11785 = ORIENTED_EDGE('',*,*,#11786,.T.);
#11786 = EDGE_CURVE('',#11787,#11789,#11791,.T.);
#11787 = VERTEX_POINT('',#11788);
#11788 = CARTESIAN_POINT('',(33.2,2.600001,0.));
#11789 = VERTEX_POINT('',#11790);
#11790 = CARTESIAN_POINT('',(33.2,3.199999,0.));
#11791 = CIRCLE('',#11792,0.299999);
#11792 = AXIS2_PLACEMENT_3D('',#11793,#11794,#11795);
#11793 = CARTESIAN_POINT('',(33.2,2.9,0.));
#11794 = DIRECTION('',(-0.,0.,-1.));
#11795 = DIRECTION('',(0.,1.,0.));
#11796 = ORIENTED_EDGE('',*,*,#11797,.T.);
#11797 = EDGE_CURVE('',#11789,#11798,#11800,.T.);
#11798 = VERTEX_POINT('',#11799);
#11799 = CARTESIAN_POINT('',(33.8,3.199999,0.));
#11800 = LINE('',#11801,#11802);
#11801 = CARTESIAN_POINT('',(16.9,3.199999,0.));
#11802 = VECTOR('',#11803,1.);
#11803 = DIRECTION('',(1.,0.,-0.));
#11804 = ORIENTED_EDGE('',*,*,#11805,.T.);
#11805 = EDGE_CURVE('',#11798,#11806,#11808,.T.);
#11806 = VERTEX_POINT('',#11807);
#11807 = CARTESIAN_POINT('',(33.8,2.600001,0.));
#11808 = CIRCLE('',#11809,0.299999);
#11809 = AXIS2_PLACEMENT_3D('',#11810,#11811,#11812);
#11810 = CARTESIAN_POINT('',(33.8,2.9,0.));
#11811 = DIRECTION('',(-0.,0.,-1.));
#11812 = DIRECTION('',(-0.,-1.,0.));
#11813 = ORIENTED_EDGE('',*,*,#11814,.T.);
#11814 = EDGE_CURVE('',#11806,#11787,#11815,.T.);
#11815 = LINE('',#11816,#11817);
#11816 = CARTESIAN_POINT('',(16.6,2.600001,0.));
#11817 = VECTOR('',#11818,1.);
#11818 = DIRECTION('',(-1.,0.,0.));
#11819 = FACE_BOUND('',#11820,.F.);
#11820 = EDGE_LOOP('',(#11821));
#11821 = ORIENTED_EDGE('',*,*,#11822,.T.);
#11822 = EDGE_CURVE('',#11823,#11823,#11825,.T.);
#11823 = VERTEX_POINT('',#11824);
#11824 = CARTESIAN_POINT('',(40.5,-0.1,0.));
#11825 = CIRCLE('',#11826,0.6);
#11826 = AXIS2_PLACEMENT_3D('',#11827,#11828,#11829);
#11827 = CARTESIAN_POINT('',(40.5,0.5,0.));
#11828 = DIRECTION('',(-0.,0.,-1.));
#11829 = DIRECTION('',(-0.,-1.,0.));
#11830 = FACE_BOUND('',#11831,.F.);
#11831 = EDGE_LOOP('',(#11832,#11843,#11851,#11860));
#11832 = ORIENTED_EDGE('',*,*,#11833,.T.);
#11833 = EDGE_CURVE('',#11834,#11836,#11838,.T.);
#11834 = VERTEX_POINT('',#11835);
#11835 = CARTESIAN_POINT('',(40.2,2.600001,0.));
#11836 = VERTEX_POINT('',#11837);
#11837 = CARTESIAN_POINT('',(40.2,3.199999,0.));
#11838 = CIRCLE('',#11839,0.299999);
#11839 = AXIS2_PLACEMENT_3D('',#11840,#11841,#11842);
#11840 = CARTESIAN_POINT('',(40.2,2.9,0.));
#11841 = DIRECTION('',(-0.,0.,-1.));
#11842 = DIRECTION('',(0.,1.,0.));
#11843 = ORIENTED_EDGE('',*,*,#11844,.T.);
#11844 = EDGE_CURVE('',#11836,#11845,#11847,.T.);
#11845 = VERTEX_POINT('',#11846);
#11846 = CARTESIAN_POINT('',(40.8,3.199999,0.));
#11847 = LINE('',#11848,#11849);
#11848 = CARTESIAN_POINT('',(20.4,3.199999,0.));
#11849 = VECTOR('',#11850,1.);
#11850 = DIRECTION('',(1.,0.,-0.));
#11851 = ORIENTED_EDGE('',*,*,#11852,.T.);
#11852 = EDGE_CURVE('',#11845,#11853,#11855,.T.);
#11853 = VERTEX_POINT('',#11854);
#11854 = CARTESIAN_POINT('',(40.8,2.600001,0.));
#11855 = CIRCLE('',#11856,0.299999);
#11856 = AXIS2_PLACEMENT_3D('',#11857,#11858,#11859);
#11857 = CARTESIAN_POINT('',(40.8,2.9,0.));
#11858 = DIRECTION('',(-0.,0.,-1.));
#11859 = DIRECTION('',(-0.,-1.,0.));
#11860 = ORIENTED_EDGE('',*,*,#11861,.T.);
#11861 = EDGE_CURVE('',#11853,#11834,#11862,.T.);
#11862 = LINE('',#11863,#11864);
#11863 = CARTESIAN_POINT('',(20.1,2.600001,0.));
#11864 = VECTOR('',#11865,1.);
#11865 = DIRECTION('',(-1.,0.,0.));
#11866 = FACE_BOUND('',#11867,.F.);
#11867 = EDGE_LOOP('',(#11868));
#11868 = ORIENTED_EDGE('',*,*,#11869,.T.);
#11869 = EDGE_CURVE('',#11870,#11870,#11872,.T.);
#11870 = VERTEX_POINT('',#11871);
#11871 = CARTESIAN_POINT('',(21.5,8.29,0.));
#11872 = CIRCLE('',#11873,0.4);
#11873 = AXIS2_PLACEMENT_3D('',#11874,#11875,#11876);
#11874 = CARTESIAN_POINT('',(21.5,8.69,0.));
#11875 = DIRECTION('',(-0.,0.,-1.));
#11876 = DIRECTION('',(-0.,-1.,0.));
#11877 = FACE_BOUND('',#11878,.F.);
#11878 = EDGE_LOOP('',(#11879));
#11879 = ORIENTED_EDGE('',*,*,#11880,.T.);
#11880 = EDGE_CURVE('',#11881,#11881,#11883,.T.);
#11881 = VERTEX_POINT('',#11882);
#11882 = CARTESIAN_POINT('',(30.,13.5,0.));
#11883 = CIRCLE('',#11884,0.5);
#11884 = AXIS2_PLACEMENT_3D('',#11885,#11886,#11887);
#11885 = CARTESIAN_POINT('',(30.,14.,0.));
#11886 = DIRECTION('',(-0.,0.,-1.));
#11887 = DIRECTION('',(-0.,-1.,0.));
#11888 = FACE_BOUND('',#11889,.F.);
#11889 = EDGE_LOOP('',(#11890));
#11890 = ORIENTED_EDGE('',*,*,#11891,.T.);
#11891 = EDGE_CURVE('',#11892,#11892,#11894,.T.);
#11892 = VERTEX_POINT('',#11893);
#11893 = CARTESIAN_POINT('',(7.5,14.5,0.));
#11894 = CIRCLE('',#11895,0.5);
#11895 = AXIS2_PLACEMENT_3D('',#11896,#11897,#11898);
#11896 = CARTESIAN_POINT('',(7.5,15.,0.));
#11897 = DIRECTION('',(-0.,0.,-1.));
#11898 = DIRECTION('',(-0.,-1.,0.));
#11899 = FACE_BOUND('',#11900,.F.);
#11900 = EDGE_LOOP('',(#11901));
#11901 = ORIENTED_EDGE('',*,*,#11902,.T.);
#11902 = EDGE_CURVE('',#11903,#11903,#11905,.T.);
#11903 = VERTEX_POINT('',#11904);
#11904 = CARTESIAN_POINT('',(13.5,16.295,0.));
#11905 = CIRCLE('',#11906,0.4);
#11906 = AXIS2_PLACEMENT_3D('',#11907,#11908,#11909);
#11907 = CARTESIAN_POINT('',(13.5,16.695,0.));
#11908 = DIRECTION('',(-0.,0.,-1.));
#11909 = DIRECTION('',(-0.,-1.,0.));
#11910 = FACE_BOUND('',#11911,.F.);
#11911 = EDGE_LOOP('',(#11912));
#11912 = ORIENTED_EDGE('',*,*,#11913,.T.);
#11913 = EDGE_CURVE('',#11914,#11914,#11916,.T.);
#11914 = VERTEX_POINT('',#11915);
#11915 = CARTESIAN_POINT('',(8.,23.6,0.));
#11916 = CIRCLE('',#11917,0.4);
#11917 = AXIS2_PLACEMENT_3D('',#11918,#11919,#11920);
#11918 = CARTESIAN_POINT('',(8.,24.,0.));
#11919 = DIRECTION('',(-0.,0.,-1.));
#11920 = DIRECTION('',(-0.,-1.,0.));
#11921 = FACE_BOUND('',#11922,.F.);
#11922 = EDGE_LOOP('',(#11923));
#11923 = ORIENTED_EDGE('',*,*,#11924,.T.);
#11924 = EDGE_CURVE('',#11925,#11925,#11927,.T.);
#11925 = VERTEX_POINT('',#11926);
#11926 = CARTESIAN_POINT('',(8.,26.1,0.));
#11927 = CIRCLE('',#11928,0.4);
#11928 = AXIS2_PLACEMENT_3D('',#11929,#11930,#11931);
#11929 = CARTESIAN_POINT('',(8.,26.5,0.));
#11930 = DIRECTION('',(-0.,0.,-1.));
#11931 = DIRECTION('',(-0.,-1.,0.));
#11932 = FACE_BOUND('',#11933,.F.);
#11933 = EDGE_LOOP('',(#11934));
#11934 = ORIENTED_EDGE('',*,*,#11935,.T.);
#11935 = EDGE_CURVE('',#11936,#11936,#11938,.T.);
#11936 = VERTEX_POINT('',#11937);
#11937 = CARTESIAN_POINT('',(19.5,23.91762,0.));
#11938 = CIRCLE('',#11939,0.4);
#11939 = AXIS2_PLACEMENT_3D('',#11940,#11941,#11942);
#11940 = CARTESIAN_POINT('',(19.5,24.31762,0.));
#11941 = DIRECTION('',(-0.,0.,-1.));
#11942 = DIRECTION('',(-0.,-1.,0.));
#11943 = FACE_BOUND('',#11944,.F.);
#11944 = EDGE_LOOP('',(#11945));
#11945 = ORIENTED_EDGE('',*,*,#11946,.T.);
#11946 = EDGE_CURVE('',#11947,#11947,#11949,.T.);
#11947 = VERTEX_POINT('',#11948);
#11948 = CARTESIAN_POINT('',(19.5,26.41762,0.));
#11949 = CIRCLE('',#11950,0.4);
#11950 = AXIS2_PLACEMENT_3D('',#11951,#11952,#11953);
#11951 = CARTESIAN_POINT('',(19.5,26.81762,0.));
#11952 = DIRECTION('',(-0.,0.,-1.));
#11953 = DIRECTION('',(-0.,-1.,0.));
#11954 = FACE_BOUND('',#11955,.F.);
#11955 = EDGE_LOOP('',(#11956));
#11956 = ORIENTED_EDGE('',*,*,#11957,.T.);
#11957 = EDGE_CURVE('',#11958,#11958,#11960,.T.);
#11958 = VERTEX_POINT('',#11959);
#11959 = CARTESIAN_POINT('',(21.5,15.91,0.));
#11960 = CIRCLE('',#11961,0.4);
#11961 = AXIS2_PLACEMENT_3D('',#11962,#11963,#11964);
#11962 = CARTESIAN_POINT('',(21.5,16.31,0.));
#11963 = DIRECTION('',(-0.,0.,-1.));
#11964 = DIRECTION('',(-0.,-1.,0.));
#11965 = FACE_BOUND('',#11966,.F.);
#11966 = EDGE_LOOP('',(#11967));
#11967 = ORIENTED_EDGE('',*,*,#11968,.T.);
#11968 = EDGE_CURVE('',#11969,#11969,#11971,.T.);
#11969 = VERTEX_POINT('',#11970);
#11970 = CARTESIAN_POINT('',(30.,16.04,0.));
#11971 = CIRCLE('',#11972,0.5);
#11972 = AXIS2_PLACEMENT_3D('',#11973,#11974,#11975);
#11973 = CARTESIAN_POINT('',(30.,16.54,0.));
#11974 = DIRECTION('',(-0.,0.,-1.));
#11975 = DIRECTION('',(-0.,-1.,0.));
#11976 = FACE_BOUND('',#11977,.F.);
#11977 = EDGE_LOOP('',(#11978));
#11978 = ORIENTED_EDGE('',*,*,#11979,.T.);
#11979 = EDGE_CURVE('',#11980,#11980,#11982,.T.);
#11980 = VERTEX_POINT('',#11981);
#11981 = CARTESIAN_POINT('',(37.5,25.65,0.));
#11982 = CIRCLE('',#11983,1.35);
#11983 = AXIS2_PLACEMENT_3D('',#11984,#11985,#11986);
#11984 = CARTESIAN_POINT('',(37.5,27.,0.));
#11985 = DIRECTION('',(-0.,0.,-1.));
#11986 = DIRECTION('',(-0.,-1.,0.));
#11987 = PLANE('',#11988);
#11988 = AXIS2_PLACEMENT_3D('',#11989,#11990,#11991);
#11989 = CARTESIAN_POINT('',(0.,0.,0.));
#11990 = DIRECTION('',(0.,0.,1.));
#11991 = DIRECTION('',(1.,0.,-0.));
#11992 = ADVANCED_FACE('',(#11993,#12039,#12050,#12061,#12072,#12083,
    #12094,#12105,#12116,#12127,#12138,#12149,#12160,#12171,#12182,
    #12193,#12204,#12215,#12226,#12237,#12273,#12284,#12295,#12306,
    #12317,#12328,#12339,#12350,#12361,#12372,#12383,#12394,#12405,
    #12416,#12427,#12438,#12449,#12460,#12471,#12482,#12493,#12504,
    #12515,#12526,#12537,#12573,#12584,#12620,#12631,#12642,#12653,
    #12664,#12675,#12686,#12697,#12708,#12719,#12730),#12741,.T.);
#11993 = FACE_BOUND('',#11994,.T.);
#11994 = EDGE_LOOP('',(#11995,#11996,#11997,#12006,#12014,#12023,#12031,
    #12038));
#11995 = ORIENTED_EDGE('',*,*,#11148,.F.);
#11996 = ORIENTED_EDGE('',*,*,#11190,.F.);
#11997 = ORIENTED_EDGE('',*,*,#11998,.F.);
#11998 = EDGE_CURVE('',#11999,#11183,#12001,.T.);
#11999 = VERTEX_POINT('',#12000);
#12000 = CARTESIAN_POINT('',(-42.5,27.,1.51));
#12001 = CIRCLE('',#12002,4.999999678834);
#12002 = AXIS2_PLACEMENT_3D('',#12003,#12004,#12005);
#12003 = CARTESIAN_POINT('',(-37.50000032116,27.000000321166,1.51));
#12004 = DIRECTION('',(0.,0.,-1.));
#12005 = DIRECTION('',(-1.,-6.423314275614E-08,-0.));
#12006 = ORIENTED_EDGE('',*,*,#12007,.F.);
#12007 = EDGE_CURVE('',#12008,#11999,#12010,.T.);
#12008 = VERTEX_POINT('',#12009);
#12009 = CARTESIAN_POINT('',(-42.5,-27.,1.51));
#12010 = LINE('',#12011,#12012);
#12011 = CARTESIAN_POINT('',(-42.5,-27.,1.51));
#12012 = VECTOR('',#12013,1.);
#12013 = DIRECTION('',(0.,1.,0.));
#12014 = ORIENTED_EDGE('',*,*,#12015,.F.);
#12015 = EDGE_CURVE('',#12016,#12008,#12018,.T.);
#12016 = VERTEX_POINT('',#12017);
#12017 = CARTESIAN_POINT('',(-37.5,-32.,1.51));
#12018 = CIRCLE('',#12019,4.999999678834);
#12019 = AXIS2_PLACEMENT_3D('',#12020,#12021,#12022);
#12020 = CARTESIAN_POINT('',(-37.50000032116,-27.00000032116,1.51));
#12021 = DIRECTION('',(0.,0.,-1.));
#12022 = DIRECTION('',(6.423314275614E-08,-1.,0.));
#12023 = ORIENTED_EDGE('',*,*,#12024,.F.);
#12024 = EDGE_CURVE('',#12025,#12016,#12027,.T.);
#12025 = VERTEX_POINT('',#12026);
#12026 = CARTESIAN_POINT('',(37.5,-32.,1.51));
#12027 = LINE('',#12028,#12029);
#12028 = CARTESIAN_POINT('',(37.5,-32.,1.51));
#12029 = VECTOR('',#12030,1.);
#12030 = DIRECTION('',(-1.,0.,0.));
#12031 = ORIENTED_EDGE('',*,*,#12032,.F.);
#12032 = EDGE_CURVE('',#11213,#12025,#12033,.T.);
#12033 = CIRCLE('',#12034,4.999999678834);
#12034 = AXIS2_PLACEMENT_3D('',#12035,#12036,#12037);
#12035 = CARTESIAN_POINT('',(37.500000321166,-27.00000032116,1.51));
#12036 = DIRECTION('',(0.,0.,-1.));
#12037 = DIRECTION('',(1.,6.423314275614E-08,0.));
#12038 = ORIENTED_EDGE('',*,*,#11212,.F.);
#12039 = FACE_BOUND('',#12040,.T.);
#12040 = EDGE_LOOP('',(#12041));
#12041 = ORIENTED_EDGE('',*,*,#12042,.T.);
#12042 = EDGE_CURVE('',#12043,#12043,#12045,.T.);
#12043 = VERTEX_POINT('',#12044);
#12044 = CARTESIAN_POINT('',(-37.5,-28.35,1.51));
#12045 = CIRCLE('',#12046,1.35);
#12046 = AXIS2_PLACEMENT_3D('',#12047,#12048,#12049);
#12047 = CARTESIAN_POINT('',(-37.5,-27.,1.51));
#12048 = DIRECTION('',(-0.,0.,-1.));
#12049 = DIRECTION('',(-0.,-1.,0.));
#12050 = FACE_BOUND('',#12051,.T.);
#12051 = EDGE_LOOP('',(#12052));
#12052 = ORIENTED_EDGE('',*,*,#12053,.T.);
#12053 = EDGE_CURVE('',#12054,#12054,#12056,.T.);
#12054 = VERTEX_POINT('',#12055);
#12055 = CARTESIAN_POINT('',(-39.3515,-4.5645,1.51));
#12056 = CIRCLE('',#12057,0.4445);
#12057 = AXIS2_PLACEMENT_3D('',#12058,#12059,#12060);
#12058 = CARTESIAN_POINT('',(-39.3515,-4.12,1.51));
#12059 = DIRECTION('',(-0.,0.,-1.));
#12060 = DIRECTION('',(-0.,-1.,0.));
#12061 = FACE_BOUND('',#12062,.T.);
#12062 = EDGE_LOOP('',(#12063));
#12063 = ORIENTED_EDGE('',*,*,#12064,.T.);
#12064 = EDGE_CURVE('',#12065,#12065,#12067,.T.);
#12065 = VERTEX_POINT('',#12066);
#12066 = CARTESIAN_POINT('',(-36.8115,-4.5645,1.51));
#12067 = CIRCLE('',#12068,0.4445);
#12068 = AXIS2_PLACEMENT_3D('',#12069,#12070,#12071);
#12069 = CARTESIAN_POINT('',(-36.8115,-4.12,1.51));
#12070 = DIRECTION('',(-0.,0.,-1.));
#12071 = DIRECTION('',(-1.598521340293E-14,-1.,0.));
#12072 = FACE_BOUND('',#12073,.T.);
#12073 = EDGE_LOOP('',(#12074));
#12074 = ORIENTED_EDGE('',*,*,#12075,.T.);
#12075 = EDGE_CURVE('',#12076,#12076,#12078,.T.);
#12076 = VERTEX_POINT('',#12077);
#12077 = CARTESIAN_POINT('',(-34.2715,-4.5645,1.51));
#12078 = CIRCLE('',#12079,0.4445);
#12079 = AXIS2_PLACEMENT_3D('',#12080,#12081,#12082);
#12080 = CARTESIAN_POINT('',(-34.2715,-4.12,1.51));
#12081 = DIRECTION('',(-0.,0.,-1.));
#12082 = DIRECTION('',(-0.,-1.,0.));
#12083 = FACE_BOUND('',#12084,.T.);
#12084 = EDGE_LOOP('',(#12085));
#12085 = ORIENTED_EDGE('',*,*,#12086,.T.);
#12086 = EDGE_CURVE('',#12087,#12087,#12089,.T.);
#12087 = VERTEX_POINT('',#12088);
#12088 = CARTESIAN_POINT('',(-31.7315,-4.5645,1.51));
#12089 = CIRCLE('',#12090,0.4445);
#12090 = AXIS2_PLACEMENT_3D('',#12091,#12092,#12093);
#12091 = CARTESIAN_POINT('',(-31.7315,-4.12,1.51));
#12092 = DIRECTION('',(-0.,0.,-1.));
#12093 = DIRECTION('',(-0.,-1.,0.));
#12094 = FACE_BOUND('',#12095,.T.);
#12095 = EDGE_LOOP('',(#12096));
#12096 = ORIENTED_EDGE('',*,*,#12097,.T.);
#12097 = EDGE_CURVE('',#12098,#12098,#12100,.T.);
#12098 = VERTEX_POINT('',#12099);
#12099 = CARTESIAN_POINT('',(-29.1915,-4.5645,1.51));
#12100 = CIRCLE('',#12101,0.4445);
#12101 = AXIS2_PLACEMENT_3D('',#12102,#12103,#12104);
#12102 = CARTESIAN_POINT('',(-29.1915,-4.12,1.51));
#12103 = DIRECTION('',(-0.,0.,-1.));
#12104 = DIRECTION('',(-7.992606701464E-15,-1.,0.));
#12105 = FACE_BOUND('',#12106,.T.);
#12106 = EDGE_LOOP('',(#12107));
#12107 = ORIENTED_EDGE('',*,*,#12108,.T.);
#12108 = EDGE_CURVE('',#12109,#12109,#12111,.T.);
#12109 = VERTEX_POINT('',#12110);
#12110 = CARTESIAN_POINT('',(-26.6515,-4.5645,1.51));
#12111 = CIRCLE('',#12112,0.4445);
#12112 = AXIS2_PLACEMENT_3D('',#12113,#12114,#12115);
#12113 = CARTESIAN_POINT('',(-26.6515,-4.12,1.51));
#12114 = DIRECTION('',(-0.,0.,-1.));
#12115 = DIRECTION('',(-0.,-1.,0.));
#12116 = FACE_BOUND('',#12117,.T.);
#12117 = EDGE_LOOP('',(#12118));
#12118 = ORIENTED_EDGE('',*,*,#12119,.T.);
#12119 = EDGE_CURVE('',#12120,#12120,#12122,.T.);
#12120 = VERTEX_POINT('',#12121);
#12121 = CARTESIAN_POINT('',(-24.1115,-4.5645,1.51));
#12122 = CIRCLE('',#12123,0.4445);
#12123 = AXIS2_PLACEMENT_3D('',#12124,#12125,#12126);
#12124 = CARTESIAN_POINT('',(-24.1115,-4.12,1.51));
#12125 = DIRECTION('',(-0.,0.,-1.));
#12126 = DIRECTION('',(-0.,-1.,0.));
#12127 = FACE_BOUND('',#12128,.T.);
#12128 = EDGE_LOOP('',(#12129));
#12129 = ORIENTED_EDGE('',*,*,#12130,.T.);
#12130 = EDGE_CURVE('',#12131,#12131,#12133,.T.);
#12131 = VERTEX_POINT('',#12132);
#12132 = CARTESIAN_POINT('',(-8.,-2.9,1.51));
#12133 = CIRCLE('',#12134,0.4);
#12134 = AXIS2_PLACEMENT_3D('',#12135,#12136,#12137);
#12135 = CARTESIAN_POINT('',(-8.,-2.5,1.51));
#12136 = DIRECTION('',(-0.,0.,-1.));
#12137 = DIRECTION('',(-0.,-1.,0.));
#12138 = FACE_BOUND('',#12139,.T.);
#12139 = EDGE_LOOP('',(#12140));
#12140 = ORIENTED_EDGE('',*,*,#12141,.T.);
#12141 = EDGE_CURVE('',#12142,#12142,#12144,.T.);
#12142 = VERTEX_POINT('',#12143);
#12143 = CARTESIAN_POINT('',(37.5,-28.35,1.51));
#12144 = CIRCLE('',#12145,1.35);
#12145 = AXIS2_PLACEMENT_3D('',#12146,#12147,#12148);
#12146 = CARTESIAN_POINT('',(37.5,-27.,1.51));
#12147 = DIRECTION('',(-0.,0.,-1.));
#12148 = DIRECTION('',(-0.,-1.,0.));
#12149 = FACE_BOUND('',#12150,.T.);
#12150 = EDGE_LOOP('',(#12151));
#12151 = ORIENTED_EDGE('',*,*,#12152,.T.);
#12152 = EDGE_CURVE('',#12153,#12153,#12155,.T.);
#12153 = VERTEX_POINT('',#12154);
#12154 = CARTESIAN_POINT('',(19.19,-11.71,1.51));
#12155 = CIRCLE('',#12156,0.4);
#12156 = AXIS2_PLACEMENT_3D('',#12157,#12158,#12159);
#12157 = CARTESIAN_POINT('',(19.19,-11.31,1.51));
#12158 = DIRECTION('',(-0.,0.,-1.));
#12159 = DIRECTION('',(8.881784197001E-15,-1.,-0.));
#12160 = FACE_BOUND('',#12161,.T.);
#12161 = EDGE_LOOP('',(#12162));
#12162 = ORIENTED_EDGE('',*,*,#12163,.T.);
#12163 = EDGE_CURVE('',#12164,#12164,#12166,.T.);
#12164 = VERTEX_POINT('',#12165);
#12165 = CARTESIAN_POINT('',(19.19,-4.09,1.51));
#12166 = CIRCLE('',#12167,0.4);
#12167 = AXIS2_PLACEMENT_3D('',#12168,#12169,#12170);
#12168 = CARTESIAN_POINT('',(19.19,-3.69,1.51));
#12169 = DIRECTION('',(-0.,0.,-1.));
#12170 = DIRECTION('',(8.881784197001E-15,-1.,-0.));
#12171 = FACE_BOUND('',#12172,.T.);
#12172 = EDGE_LOOP('',(#12173));
#12173 = ORIENTED_EDGE('',*,*,#12174,.T.);
#12174 = EDGE_CURVE('',#12175,#12175,#12177,.T.);
#12175 = VERTEX_POINT('',#12176);
#12176 = CARTESIAN_POINT('',(21.73,-11.71,1.51));
#12177 = CIRCLE('',#12178,0.4);
#12178 = AXIS2_PLACEMENT_3D('',#12179,#12180,#12181);
#12179 = CARTESIAN_POINT('',(21.73,-11.31,1.51));
#12180 = DIRECTION('',(-0.,0.,-1.));
#12181 = DIRECTION('',(8.881784197001E-15,-1.,-0.));
#12182 = FACE_BOUND('',#12183,.T.);
#12183 = EDGE_LOOP('',(#12184));
#12184 = ORIENTED_EDGE('',*,*,#12185,.T.);
#12185 = EDGE_CURVE('',#12186,#12186,#12188,.T.);
#12186 = VERTEX_POINT('',#12187);
#12187 = CARTESIAN_POINT('',(24.27,-11.71,1.51));
#12188 = CIRCLE('',#12189,0.4);
#12189 = AXIS2_PLACEMENT_3D('',#12190,#12191,#12192);
#12190 = CARTESIAN_POINT('',(24.27,-11.31,1.51));
#12191 = DIRECTION('',(-0.,0.,-1.));
#12192 = DIRECTION('',(-8.881784197001E-15,-1.,0.));
#12193 = FACE_BOUND('',#12194,.T.);
#12194 = EDGE_LOOP('',(#12195));
#12195 = ORIENTED_EDGE('',*,*,#12196,.T.);
#12196 = EDGE_CURVE('',#12197,#12197,#12199,.T.);
#12197 = VERTEX_POINT('',#12198);
#12198 = CARTESIAN_POINT('',(26.81,-11.71,1.51));
#12199 = CIRCLE('',#12200,0.4);
#12200 = AXIS2_PLACEMENT_3D('',#12201,#12202,#12203);
#12201 = CARTESIAN_POINT('',(26.81,-11.31,1.51));
#12202 = DIRECTION('',(-0.,0.,-1.));
#12203 = DIRECTION('',(-8.881784197001E-15,-1.,0.));
#12204 = FACE_BOUND('',#12205,.T.);
#12205 = EDGE_LOOP('',(#12206));
#12206 = ORIENTED_EDGE('',*,*,#12207,.T.);
#12207 = EDGE_CURVE('',#12208,#12208,#12210,.T.);
#12208 = VERTEX_POINT('',#12209);
#12209 = CARTESIAN_POINT('',(21.73,-4.09,1.51));
#12210 = CIRCLE('',#12211,0.4);
#12211 = AXIS2_PLACEMENT_3D('',#12212,#12213,#12214);
#12212 = CARTESIAN_POINT('',(21.73,-3.69,1.51));
#12213 = DIRECTION('',(-0.,0.,-1.));
#12214 = DIRECTION('',(8.881784197001E-15,-1.,-0.));
#12215 = FACE_BOUND('',#12216,.T.);
#12216 = EDGE_LOOP('',(#12217));
#12217 = ORIENTED_EDGE('',*,*,#12218,.T.);
#12218 = EDGE_CURVE('',#12219,#12219,#12221,.T.);
#12219 = VERTEX_POINT('',#12220);
#12220 = CARTESIAN_POINT('',(24.27,-4.09,1.51));
#12221 = CIRCLE('',#12222,0.4);
#12222 = AXIS2_PLACEMENT_3D('',#12223,#12224,#12225);
#12223 = CARTESIAN_POINT('',(24.27,-3.69,1.51));
#12224 = DIRECTION('',(-0.,0.,-1.));
#12225 = DIRECTION('',(-8.881784197001E-15,-1.,0.));
#12226 = FACE_BOUND('',#12227,.T.);
#12227 = EDGE_LOOP('',(#12228));
#12228 = ORIENTED_EDGE('',*,*,#12229,.T.);
#12229 = EDGE_CURVE('',#12230,#12230,#12232,.T.);
#12230 = VERTEX_POINT('',#12231);
#12231 = CARTESIAN_POINT('',(26.81,-4.09,1.51));
#12232 = CIRCLE('',#12233,0.4);
#12233 = AXIS2_PLACEMENT_3D('',#12234,#12235,#12236);
#12234 = CARTESIAN_POINT('',(26.81,-3.69,1.51));
#12235 = DIRECTION('',(-0.,0.,-1.));
#12236 = DIRECTION('',(-8.881784197001E-15,-1.,0.));
#12237 = FACE_BOUND('',#12238,.T.);
#12238 = EDGE_LOOP('',(#12239,#12250,#12258,#12267));
#12239 = ORIENTED_EDGE('',*,*,#12240,.T.);
#12240 = EDGE_CURVE('',#12241,#12243,#12245,.T.);
#12241 = VERTEX_POINT('',#12242);
#12242 = CARTESIAN_POINT('',(38.2,-2.199999,1.51));
#12243 = VERTEX_POINT('',#12244);
#12244 = CARTESIAN_POINT('',(38.2,-1.600001,1.51));
#12245 = CIRCLE('',#12246,0.299999);
#12246 = AXIS2_PLACEMENT_3D('',#12247,#12248,#12249);
#12247 = CARTESIAN_POINT('',(38.2,-1.9,1.51));
#12248 = DIRECTION('',(-0.,0.,-1.));
#12249 = DIRECTION('',(0.,1.,0.));
#12250 = ORIENTED_EDGE('',*,*,#12251,.T.);
#12251 = EDGE_CURVE('',#12243,#12252,#12254,.T.);
#12252 = VERTEX_POINT('',#12253);
#12253 = CARTESIAN_POINT('',(38.8,-1.600001,1.51));
#12254 = LINE('',#12255,#12256);
#12255 = CARTESIAN_POINT('',(19.4,-1.600001,1.51));
#12256 = VECTOR('',#12257,1.);
#12257 = DIRECTION('',(1.,0.,-0.));
#12258 = ORIENTED_EDGE('',*,*,#12259,.T.);
#12259 = EDGE_CURVE('',#12252,#12260,#12262,.T.);
#12260 = VERTEX_POINT('',#12261);
#12261 = CARTESIAN_POINT('',(38.8,-2.199999,1.51));
#12262 = CIRCLE('',#12263,0.299999);
#12263 = AXIS2_PLACEMENT_3D('',#12264,#12265,#12266);
#12264 = CARTESIAN_POINT('',(38.8,-1.9,1.51));
#12265 = DIRECTION('',(-0.,0.,-1.));
#12266 = DIRECTION('',(-0.,-1.,0.));
#12267 = ORIENTED_EDGE('',*,*,#12268,.T.);
#12268 = EDGE_CURVE('',#12260,#12241,#12269,.T.);
#12269 = LINE('',#12270,#12271);
#12270 = CARTESIAN_POINT('',(19.1,-2.199999,1.51));
#12271 = VECTOR('',#12272,1.);
#12272 = DIRECTION('',(-1.,0.,0.));
#12273 = FACE_BOUND('',#12274,.T.);
#12274 = EDGE_LOOP('',(#12275));
#12275 = ORIENTED_EDGE('',*,*,#12276,.T.);
#12276 = EDGE_CURVE('',#12277,#12277,#12279,.T.);
#12277 = VERTEX_POINT('',#12278);
#12278 = CARTESIAN_POINT('',(-39.3515,10.6755,1.51));
#12279 = CIRCLE('',#12280,0.4445);
#12280 = AXIS2_PLACEMENT_3D('',#12281,#12282,#12283);
#12281 = CARTESIAN_POINT('',(-39.3515,11.12,1.51));
#12282 = DIRECTION('',(-0.,0.,-1.));
#12283 = DIRECTION('',(-0.,-1.,0.));
#12284 = FACE_BOUND('',#12285,.T.);
#12285 = EDGE_LOOP('',(#12286));
#12286 = ORIENTED_EDGE('',*,*,#12287,.T.);
#12287 = EDGE_CURVE('',#12288,#12288,#12290,.T.);
#12288 = VERTEX_POINT('',#12289);
#12289 = CARTESIAN_POINT('',(-36.8115,10.6755,1.51));
#12290 = CIRCLE('',#12291,0.4445);
#12291 = AXIS2_PLACEMENT_3D('',#12292,#12293,#12294);
#12292 = CARTESIAN_POINT('',(-36.8115,11.12,1.51));
#12293 = DIRECTION('',(-0.,0.,-1.));
#12294 = DIRECTION('',(-1.598521340293E-14,-1.,0.));
#12295 = FACE_BOUND('',#12296,.T.);
#12296 = EDGE_LOOP('',(#12297));
#12297 = ORIENTED_EDGE('',*,*,#12298,.T.);
#12298 = EDGE_CURVE('',#12299,#12299,#12301,.T.);
#12299 = VERTEX_POINT('',#12300);
#12300 = CARTESIAN_POINT('',(-34.2715,10.6755,1.51));
#12301 = CIRCLE('',#12302,0.4445);
#12302 = AXIS2_PLACEMENT_3D('',#12303,#12304,#12305);
#12303 = CARTESIAN_POINT('',(-34.2715,11.12,1.51));
#12304 = DIRECTION('',(-0.,0.,-1.));
#12305 = DIRECTION('',(-0.,-1.,0.));
#12306 = FACE_BOUND('',#12307,.T.);
#12307 = EDGE_LOOP('',(#12308));
#12308 = ORIENTED_EDGE('',*,*,#12309,.T.);
#12309 = EDGE_CURVE('',#12310,#12310,#12312,.T.);
#12310 = VERTEX_POINT('',#12311);
#12311 = CARTESIAN_POINT('',(-31.7315,10.6755,1.51));
#12312 = CIRCLE('',#12313,0.4445);
#12313 = AXIS2_PLACEMENT_3D('',#12314,#12315,#12316);
#12314 = CARTESIAN_POINT('',(-31.7315,11.12,1.51));
#12315 = DIRECTION('',(-0.,0.,-1.));
#12316 = DIRECTION('',(-0.,-1.,0.));
#12317 = FACE_BOUND('',#12318,.T.);
#12318 = EDGE_LOOP('',(#12319));
#12319 = ORIENTED_EDGE('',*,*,#12320,.T.);
#12320 = EDGE_CURVE('',#12321,#12321,#12323,.T.);
#12321 = VERTEX_POINT('',#12322);
#12322 = CARTESIAN_POINT('',(-29.1915,10.6755,1.51));
#12323 = CIRCLE('',#12324,0.4445);
#12324 = AXIS2_PLACEMENT_3D('',#12325,#12326,#12327);
#12325 = CARTESIAN_POINT('',(-29.1915,11.12,1.51));
#12326 = DIRECTION('',(-0.,0.,-1.));
#12327 = DIRECTION('',(-7.992606701464E-15,-1.,0.));
#12328 = FACE_BOUND('',#12329,.T.);
#12329 = EDGE_LOOP('',(#12330));
#12330 = ORIENTED_EDGE('',*,*,#12331,.T.);
#12331 = EDGE_CURVE('',#12332,#12332,#12334,.T.);
#12332 = VERTEX_POINT('',#12333);
#12333 = CARTESIAN_POINT('',(-26.6515,10.6755,1.51));
#12334 = CIRCLE('',#12335,0.4445);
#12335 = AXIS2_PLACEMENT_3D('',#12336,#12337,#12338);
#12336 = CARTESIAN_POINT('',(-26.6515,11.12,1.51));
#12337 = DIRECTION('',(-0.,0.,-1.));
#12338 = DIRECTION('',(-0.,-1.,0.));
#12339 = FACE_BOUND('',#12340,.T.);
#12340 = EDGE_LOOP('',(#12341));
#12341 = ORIENTED_EDGE('',*,*,#12342,.T.);
#12342 = EDGE_CURVE('',#12343,#12343,#12345,.T.);
#12343 = VERTEX_POINT('',#12344);
#12344 = CARTESIAN_POINT('',(-24.1115,10.6755,1.51));
#12345 = CIRCLE('',#12346,0.4445);
#12346 = AXIS2_PLACEMENT_3D('',#12347,#12348,#12349);
#12347 = CARTESIAN_POINT('',(-24.1115,11.12,1.51));
#12348 = DIRECTION('',(-0.,0.,-1.));
#12349 = DIRECTION('',(-0.,-1.,0.));
#12350 = FACE_BOUND('',#12351,.T.);
#12351 = EDGE_LOOP('',(#12352));
#12352 = ORIENTED_EDGE('',*,*,#12353,.T.);
#12353 = EDGE_CURVE('',#12354,#12354,#12356,.T.);
#12354 = VERTEX_POINT('',#12355);
#12355 = CARTESIAN_POINT('',(-8.,-0.4,1.51));
#12356 = CIRCLE('',#12357,0.4);
#12357 = AXIS2_PLACEMENT_3D('',#12358,#12359,#12360);
#12358 = CARTESIAN_POINT('',(-8.,4.440892098501E-16,1.51));
#12359 = DIRECTION('',(-0.,0.,-1.));
#12360 = DIRECTION('',(-0.,-1.,0.));
#12361 = FACE_BOUND('',#12362,.T.);
#12362 = EDGE_LOOP('',(#12363));
#12363 = ORIENTED_EDGE('',*,*,#12364,.T.);
#12364 = EDGE_CURVE('',#12365,#12365,#12367,.T.);
#12365 = VERTEX_POINT('',#12366);
#12366 = CARTESIAN_POINT('',(-15.5,6.725,1.51));
#12367 = CIRCLE('',#12368,0.5);
#12368 = AXIS2_PLACEMENT_3D('',#12369,#12370,#12371);
#12369 = CARTESIAN_POINT('',(-15.5,7.225,1.51));
#12370 = DIRECTION('',(-0.,0.,-1.));
#12371 = DIRECTION('',(-0.,-1.,0.));
#12372 = FACE_BOUND('',#12373,.T.);
#12373 = EDGE_LOOP('',(#12374));
#12374 = ORIENTED_EDGE('',*,*,#12375,.T.);
#12375 = EDGE_CURVE('',#12376,#12376,#12378,.T.);
#12376 = VERTEX_POINT('',#12377);
#12377 = CARTESIAN_POINT('',(-15.5,9.265,1.51));
#12378 = CIRCLE('',#12379,0.5);
#12379 = AXIS2_PLACEMENT_3D('',#12380,#12381,#12382);
#12380 = CARTESIAN_POINT('',(-15.5,9.765,1.51));
#12381 = DIRECTION('',(-0.,0.,-1.));
#12382 = DIRECTION('',(-0.,-1.,0.));
#12383 = FACE_BOUND('',#12384,.T.);
#12384 = EDGE_LOOP('',(#12385));
#12385 = ORIENTED_EDGE('',*,*,#12386,.T.);
#12386 = EDGE_CURVE('',#12387,#12387,#12389,.T.);
#12387 = VERTEX_POINT('',#12388);
#12388 = CARTESIAN_POINT('',(-37.5,25.65,1.51));
#12389 = CIRCLE('',#12390,1.35);
#12390 = AXIS2_PLACEMENT_3D('',#12391,#12392,#12393);
#12391 = CARTESIAN_POINT('',(-37.5,27.,1.51));
#12392 = DIRECTION('',(-0.,0.,-1.));
#12393 = DIRECTION('',(-0.,-1.,0.));
#12394 = FACE_BOUND('',#12395,.T.);
#12395 = EDGE_LOOP('',(#12396));
#12396 = ORIENTED_EDGE('',*,*,#12397,.T.);
#12397 = EDGE_CURVE('',#12398,#12398,#12400,.T.);
#12398 = VERTEX_POINT('',#12399);
#12399 = CARTESIAN_POINT('',(-6.5,14.5,1.51));
#12400 = CIRCLE('',#12401,0.5);
#12401 = AXIS2_PLACEMENT_3D('',#12402,#12403,#12404);
#12402 = CARTESIAN_POINT('',(-6.5,15.,1.51));
#12403 = DIRECTION('',(-0.,0.,-1.));
#12404 = DIRECTION('',(-0.,-1.,0.));
#12405 = FACE_BOUND('',#12406,.T.);
#12406 = EDGE_LOOP('',(#12407));
#12407 = ORIENTED_EDGE('',*,*,#12408,.T.);
#12408 = EDGE_CURVE('',#12409,#12409,#12411,.T.);
#12409 = VERTEX_POINT('',#12410);
#12410 = CARTESIAN_POINT('',(-3.96,14.5,1.51));
#12411 = CIRCLE('',#12412,0.5);
#12412 = AXIS2_PLACEMENT_3D('',#12413,#12414,#12415);
#12413 = CARTESIAN_POINT('',(-3.96,15.,1.51));
#12414 = DIRECTION('',(-0.,0.,-1.));
#12415 = DIRECTION('',(-0.,-1.,0.));
#12416 = FACE_BOUND('',#12417,.T.);
#12417 = EDGE_LOOP('',(#12418));
#12418 = ORIENTED_EDGE('',*,*,#12419,.T.);
#12419 = EDGE_CURVE('',#12420,#12420,#12422,.T.);
#12420 = VERTEX_POINT('',#12421);
#12421 = CARTESIAN_POINT('',(-1.42,14.5,1.51));
#12422 = CIRCLE('',#12423,0.5);
#12423 = AXIS2_PLACEMENT_3D('',#12424,#12425,#12426);
#12424 = CARTESIAN_POINT('',(-1.42,15.,1.51));
#12425 = DIRECTION('',(-0.,0.,-1.));
#12426 = DIRECTION('',(-0.,-1.,0.));
#12427 = FACE_BOUND('',#12428,.T.);
#12428 = EDGE_LOOP('',(#12429));
#12429 = ORIENTED_EDGE('',*,*,#12430,.T.);
#12430 = EDGE_CURVE('',#12431,#12431,#12433,.T.);
#12431 = VERTEX_POINT('',#12432);
#12432 = CARTESIAN_POINT('',(-2.,23.225,1.51));
#12433 = CIRCLE('',#12434,0.5);
#12434 = AXIS2_PLACEMENT_3D('',#12435,#12436,#12437);
#12435 = CARTESIAN_POINT('',(-2.,23.725,1.51));
#12436 = DIRECTION('',(-0.,0.,-1.));
#12437 = DIRECTION('',(-0.,-1.,0.));
#12438 = FACE_BOUND('',#12439,.T.);
#12439 = EDGE_LOOP('',(#12440));
#12440 = ORIENTED_EDGE('',*,*,#12441,.T.);
#12441 = EDGE_CURVE('',#12442,#12442,#12444,.T.);
#12442 = VERTEX_POINT('',#12443);
#12443 = CARTESIAN_POINT('',(-2.,25.765,1.51));
#12444 = CIRCLE('',#12445,0.5);
#12445 = AXIS2_PLACEMENT_3D('',#12446,#12447,#12448);
#12446 = CARTESIAN_POINT('',(-2.,26.265,1.51));
#12447 = DIRECTION('',(-0.,0.,-1.));
#12448 = DIRECTION('',(-0.,-1.,0.));
#12449 = FACE_BOUND('',#12450,.T.);
#12450 = EDGE_LOOP('',(#12451));
#12451 = ORIENTED_EDGE('',*,*,#12452,.T.);
#12452 = EDGE_CURVE('',#12453,#12453,#12455,.T.);
#12453 = VERTEX_POINT('',#12454);
#12454 = CARTESIAN_POINT('',(16.5,2.6,1.51));
#12455 = CIRCLE('',#12456,0.4);
#12456 = AXIS2_PLACEMENT_3D('',#12457,#12458,#12459);
#12457 = CARTESIAN_POINT('',(16.5,3.,1.51));
#12458 = DIRECTION('',(-0.,0.,-1.));
#12459 = DIRECTION('',(-0.,-1.,0.));
#12460 = FACE_BOUND('',#12461,.T.);
#12461 = EDGE_LOOP('',(#12462));
#12462 = ORIENTED_EDGE('',*,*,#12463,.T.);
#12463 = EDGE_CURVE('',#12464,#12464,#12466,.T.);
#12464 = VERTEX_POINT('',#12465);
#12465 = CARTESIAN_POINT('',(16.5,5.1,1.51));
#12466 = CIRCLE('',#12467,0.4);
#12467 = AXIS2_PLACEMENT_3D('',#12468,#12469,#12470);
#12468 = CARTESIAN_POINT('',(16.5,5.5,1.51));
#12469 = DIRECTION('',(-0.,0.,-1.));
#12470 = DIRECTION('',(-0.,-1.,0.));
#12471 = FACE_BOUND('',#12472,.T.);
#12472 = EDGE_LOOP('',(#12473));
#12473 = ORIENTED_EDGE('',*,*,#12474,.T.);
#12474 = EDGE_CURVE('',#12475,#12475,#12477,.T.);
#12475 = VERTEX_POINT('',#12476);
#12476 = CARTESIAN_POINT('',(7.5,9.42,1.51));
#12477 = CIRCLE('',#12478,0.5);
#12478 = AXIS2_PLACEMENT_3D('',#12479,#12480,#12481);
#12479 = CARTESIAN_POINT('',(7.5,9.92,1.51));
#12480 = DIRECTION('',(-0.,0.,-1.));
#12481 = DIRECTION('',(-0.,-1.,0.));
#12482 = FACE_BOUND('',#12483,.T.);
#12483 = EDGE_LOOP('',(#12484));
#12484 = ORIENTED_EDGE('',*,*,#12485,.T.);
#12485 = EDGE_CURVE('',#12486,#12486,#12488,.T.);
#12486 = VERTEX_POINT('',#12487);
#12487 = CARTESIAN_POINT('',(7.5,11.96,1.51));
#12488 = CIRCLE('',#12489,0.5);
#12489 = AXIS2_PLACEMENT_3D('',#12490,#12491,#12492);
#12490 = CARTESIAN_POINT('',(7.5,12.46,1.51));
#12491 = DIRECTION('',(-0.,0.,-1.));
#12492 = DIRECTION('',(-0.,-1.,0.));
#12493 = FACE_BOUND('',#12494,.T.);
#12494 = EDGE_LOOP('',(#12495));
#12495 = ORIENTED_EDGE('',*,*,#12496,.T.);
#12496 = EDGE_CURVE('',#12497,#12497,#12499,.T.);
#12497 = VERTEX_POINT('',#12498);
#12498 = CARTESIAN_POINT('',(13.5,8.675,1.51));
#12499 = CIRCLE('',#12500,0.4);
#12500 = AXIS2_PLACEMENT_3D('',#12501,#12502,#12503);
#12501 = CARTESIAN_POINT('',(13.5,9.075,1.51));
#12502 = DIRECTION('',(-0.,0.,-1.));
#12503 = DIRECTION('',(-0.,-1.,0.));
#12504 = FACE_BOUND('',#12505,.T.);
#12505 = EDGE_LOOP('',(#12506));
#12506 = ORIENTED_EDGE('',*,*,#12507,.T.);
#12507 = EDGE_CURVE('',#12508,#12508,#12510,.T.);
#12508 = VERTEX_POINT('',#12509);
#12509 = CARTESIAN_POINT('',(28.,3.1,1.51));
#12510 = CIRCLE('',#12511,0.4);
#12511 = AXIS2_PLACEMENT_3D('',#12512,#12513,#12514);
#12512 = CARTESIAN_POINT('',(28.,3.5,1.51));
#12513 = DIRECTION('',(-0.,0.,-1.));
#12514 = DIRECTION('',(-0.,-1.,0.));
#12515 = FACE_BOUND('',#12516,.T.);
#12516 = EDGE_LOOP('',(#12517));
#12517 = ORIENTED_EDGE('',*,*,#12518,.T.);
#12518 = EDGE_CURVE('',#12519,#12519,#12521,.T.);
#12519 = VERTEX_POINT('',#12520);
#12520 = CARTESIAN_POINT('',(28.,5.6,1.51));
#12521 = CIRCLE('',#12522,0.4);
#12522 = AXIS2_PLACEMENT_3D('',#12523,#12524,#12525);
#12523 = CARTESIAN_POINT('',(28.,6.,1.51));
#12524 = DIRECTION('',(-0.,0.,-1.));
#12525 = DIRECTION('',(-0.,-1.,0.));
#12526 = FACE_BOUND('',#12527,.T.);
#12527 = EDGE_LOOP('',(#12528));
#12528 = ORIENTED_EDGE('',*,*,#12529,.T.);
#12529 = EDGE_CURVE('',#12530,#12530,#12532,.T.);
#12530 = VERTEX_POINT('',#12531);
#12531 = CARTESIAN_POINT('',(34.5,-0.1,1.51));
#12532 = CIRCLE('',#12533,0.6);
#12533 = AXIS2_PLACEMENT_3D('',#12534,#12535,#12536);
#12534 = CARTESIAN_POINT('',(34.5,0.5,1.51));
#12535 = DIRECTION('',(-0.,0.,-1.));
#12536 = DIRECTION('',(-0.,-1.,0.));
#12537 = FACE_BOUND('',#12538,.T.);
#12538 = EDGE_LOOP('',(#12539,#12550,#12558,#12567));
#12539 = ORIENTED_EDGE('',*,*,#12540,.T.);
#12540 = EDGE_CURVE('',#12541,#12543,#12545,.T.);
#12541 = VERTEX_POINT('',#12542);
#12542 = CARTESIAN_POINT('',(33.2,2.600001,1.51));
#12543 = VERTEX_POINT('',#12544);
#12544 = CARTESIAN_POINT('',(33.2,3.199999,1.51));
#12545 = CIRCLE('',#12546,0.299999);
#12546 = AXIS2_PLACEMENT_3D('',#12547,#12548,#12549);
#12547 = CARTESIAN_POINT('',(33.2,2.9,1.51));
#12548 = DIRECTION('',(-0.,0.,-1.));
#12549 = DIRECTION('',(0.,1.,0.));
#12550 = ORIENTED_EDGE('',*,*,#12551,.T.);
#12551 = EDGE_CURVE('',#12543,#12552,#12554,.T.);
#12552 = VERTEX_POINT('',#12553);
#12553 = CARTESIAN_POINT('',(33.8,3.199999,1.51));
#12554 = LINE('',#12555,#12556);
#12555 = CARTESIAN_POINT('',(16.9,3.199999,1.51));
#12556 = VECTOR('',#12557,1.);
#12557 = DIRECTION('',(1.,0.,-0.));
#12558 = ORIENTED_EDGE('',*,*,#12559,.T.);
#12559 = EDGE_CURVE('',#12552,#12560,#12562,.T.);
#12560 = VERTEX_POINT('',#12561);
#12561 = CARTESIAN_POINT('',(33.8,2.600001,1.51));
#12562 = CIRCLE('',#12563,0.299999);
#12563 = AXIS2_PLACEMENT_3D('',#12564,#12565,#12566);
#12564 = CARTESIAN_POINT('',(33.8,2.9,1.51));
#12565 = DIRECTION('',(-0.,0.,-1.));
#12566 = DIRECTION('',(-0.,-1.,0.));
#12567 = ORIENTED_EDGE('',*,*,#12568,.T.);
#12568 = EDGE_CURVE('',#12560,#12541,#12569,.T.);
#12569 = LINE('',#12570,#12571);
#12570 = CARTESIAN_POINT('',(16.6,2.600001,1.51));
#12571 = VECTOR('',#12572,1.);
#12572 = DIRECTION('',(-1.,0.,0.));
#12573 = FACE_BOUND('',#12574,.T.);
#12574 = EDGE_LOOP('',(#12575));
#12575 = ORIENTED_EDGE('',*,*,#12576,.T.);
#12576 = EDGE_CURVE('',#12577,#12577,#12579,.T.);
#12577 = VERTEX_POINT('',#12578);
#12578 = CARTESIAN_POINT('',(40.5,-0.1,1.51));
#12579 = CIRCLE('',#12580,0.6);
#12580 = AXIS2_PLACEMENT_3D('',#12581,#12582,#12583);
#12581 = CARTESIAN_POINT('',(40.5,0.5,1.51));
#12582 = DIRECTION('',(-0.,0.,-1.));
#12583 = DIRECTION('',(-0.,-1.,0.));
#12584 = FACE_BOUND('',#12585,.T.);
#12585 = EDGE_LOOP('',(#12586,#12597,#12605,#12614));
#12586 = ORIENTED_EDGE('',*,*,#12587,.T.);
#12587 = EDGE_CURVE('',#12588,#12590,#12592,.T.);
#12588 = VERTEX_POINT('',#12589);
#12589 = CARTESIAN_POINT('',(40.2,2.600001,1.51));
#12590 = VERTEX_POINT('',#12591);
#12591 = CARTESIAN_POINT('',(40.2,3.199999,1.51));
#12592 = CIRCLE('',#12593,0.299999);
#12593 = AXIS2_PLACEMENT_3D('',#12594,#12595,#12596);
#12594 = CARTESIAN_POINT('',(40.2,2.9,1.51));
#12595 = DIRECTION('',(-0.,0.,-1.));
#12596 = DIRECTION('',(0.,1.,0.));
#12597 = ORIENTED_EDGE('',*,*,#12598,.T.);
#12598 = EDGE_CURVE('',#12590,#12599,#12601,.T.);
#12599 = VERTEX_POINT('',#12600);
#12600 = CARTESIAN_POINT('',(40.8,3.199999,1.51));
#12601 = LINE('',#12602,#12603);
#12602 = CARTESIAN_POINT('',(20.4,3.199999,1.51));
#12603 = VECTOR('',#12604,1.);
#12604 = DIRECTION('',(1.,0.,-0.));
#12605 = ORIENTED_EDGE('',*,*,#12606,.T.);
#12606 = EDGE_CURVE('',#12599,#12607,#12609,.T.);
#12607 = VERTEX_POINT('',#12608);
#12608 = CARTESIAN_POINT('',(40.8,2.600001,1.51));
#12609 = CIRCLE('',#12610,0.299999);
#12610 = AXIS2_PLACEMENT_3D('',#12611,#12612,#12613);
#12611 = CARTESIAN_POINT('',(40.8,2.9,1.51));
#12612 = DIRECTION('',(-0.,0.,-1.));
#12613 = DIRECTION('',(-0.,-1.,0.));
#12614 = ORIENTED_EDGE('',*,*,#12615,.T.);
#12615 = EDGE_CURVE('',#12607,#12588,#12616,.T.);
#12616 = LINE('',#12617,#12618);
#12617 = CARTESIAN_POINT('',(20.1,2.600001,1.51));
#12618 = VECTOR('',#12619,1.);
#12619 = DIRECTION('',(-1.,0.,0.));
#12620 = FACE_BOUND('',#12621,.T.);
#12621 = EDGE_LOOP('',(#12622));
#12622 = ORIENTED_EDGE('',*,*,#12623,.T.);
#12623 = EDGE_CURVE('',#12624,#12624,#12626,.T.);
#12624 = VERTEX_POINT('',#12625);
#12625 = CARTESIAN_POINT('',(21.5,8.29,1.51));
#12626 = CIRCLE('',#12627,0.4);
#12627 = AXIS2_PLACEMENT_3D('',#12628,#12629,#12630);
#12628 = CARTESIAN_POINT('',(21.5,8.69,1.51));
#12629 = DIRECTION('',(-0.,0.,-1.));
#12630 = DIRECTION('',(-0.,-1.,0.));
#12631 = FACE_BOUND('',#12632,.T.);
#12632 = EDGE_LOOP('',(#12633));
#12633 = ORIENTED_EDGE('',*,*,#12634,.T.);
#12634 = EDGE_CURVE('',#12635,#12635,#12637,.T.);
#12635 = VERTEX_POINT('',#12636);
#12636 = CARTESIAN_POINT('',(30.,13.5,1.51));
#12637 = CIRCLE('',#12638,0.5);
#12638 = AXIS2_PLACEMENT_3D('',#12639,#12640,#12641);
#12639 = CARTESIAN_POINT('',(30.,14.,1.51));
#12640 = DIRECTION('',(-0.,0.,-1.));
#12641 = DIRECTION('',(-0.,-1.,0.));
#12642 = FACE_BOUND('',#12643,.T.);
#12643 = EDGE_LOOP('',(#12644));
#12644 = ORIENTED_EDGE('',*,*,#12645,.T.);
#12645 = EDGE_CURVE('',#12646,#12646,#12648,.T.);
#12646 = VERTEX_POINT('',#12647);
#12647 = CARTESIAN_POINT('',(7.5,14.5,1.51));
#12648 = CIRCLE('',#12649,0.5);
#12649 = AXIS2_PLACEMENT_3D('',#12650,#12651,#12652);
#12650 = CARTESIAN_POINT('',(7.5,15.,1.51));
#12651 = DIRECTION('',(-0.,0.,-1.));
#12652 = DIRECTION('',(-0.,-1.,0.));
#12653 = FACE_BOUND('',#12654,.T.);
#12654 = EDGE_LOOP('',(#12655));
#12655 = ORIENTED_EDGE('',*,*,#12656,.T.);
#12656 = EDGE_CURVE('',#12657,#12657,#12659,.T.);
#12657 = VERTEX_POINT('',#12658);
#12658 = CARTESIAN_POINT('',(13.5,16.295,1.51));
#12659 = CIRCLE('',#12660,0.4);
#12660 = AXIS2_PLACEMENT_3D('',#12661,#12662,#12663);
#12661 = CARTESIAN_POINT('',(13.5,16.695,1.51));
#12662 = DIRECTION('',(-0.,0.,-1.));
#12663 = DIRECTION('',(-0.,-1.,0.));
#12664 = FACE_BOUND('',#12665,.T.);
#12665 = EDGE_LOOP('',(#12666));
#12666 = ORIENTED_EDGE('',*,*,#12667,.T.);
#12667 = EDGE_CURVE('',#12668,#12668,#12670,.T.);
#12668 = VERTEX_POINT('',#12669);
#12669 = CARTESIAN_POINT('',(8.,23.6,1.51));
#12670 = CIRCLE('',#12671,0.4);
#12671 = AXIS2_PLACEMENT_3D('',#12672,#12673,#12674);
#12672 = CARTESIAN_POINT('',(8.,24.,1.51));
#12673 = DIRECTION('',(-0.,0.,-1.));
#12674 = DIRECTION('',(-0.,-1.,0.));
#12675 = FACE_BOUND('',#12676,.T.);
#12676 = EDGE_LOOP('',(#12677));
#12677 = ORIENTED_EDGE('',*,*,#12678,.T.);
#12678 = EDGE_CURVE('',#12679,#12679,#12681,.T.);
#12679 = VERTEX_POINT('',#12680);
#12680 = CARTESIAN_POINT('',(8.,26.1,1.51));
#12681 = CIRCLE('',#12682,0.4);
#12682 = AXIS2_PLACEMENT_3D('',#12683,#12684,#12685);
#12683 = CARTESIAN_POINT('',(8.,26.5,1.51));
#12684 = DIRECTION('',(-0.,0.,-1.));
#12685 = DIRECTION('',(-0.,-1.,0.));
#12686 = FACE_BOUND('',#12687,.T.);
#12687 = EDGE_LOOP('',(#12688));
#12688 = ORIENTED_EDGE('',*,*,#12689,.T.);
#12689 = EDGE_CURVE('',#12690,#12690,#12692,.T.);
#12690 = VERTEX_POINT('',#12691);
#12691 = CARTESIAN_POINT('',(19.5,23.91762,1.51));
#12692 = CIRCLE('',#12693,0.4);
#12693 = AXIS2_PLACEMENT_3D('',#12694,#12695,#12696);
#12694 = CARTESIAN_POINT('',(19.5,24.31762,1.51));
#12695 = DIRECTION('',(-0.,0.,-1.));
#12696 = DIRECTION('',(-0.,-1.,0.));
#12697 = FACE_BOUND('',#12698,.T.);
#12698 = EDGE_LOOP('',(#12699));
#12699 = ORIENTED_EDGE('',*,*,#12700,.T.);
#12700 = EDGE_CURVE('',#12701,#12701,#12703,.T.);
#12701 = VERTEX_POINT('',#12702);
#12702 = CARTESIAN_POINT('',(19.5,26.41762,1.51));
#12703 = CIRCLE('',#12704,0.4);
#12704 = AXIS2_PLACEMENT_3D('',#12705,#12706,#12707);
#12705 = CARTESIAN_POINT('',(19.5,26.81762,1.51));
#12706 = DIRECTION('',(-0.,0.,-1.));
#12707 = DIRECTION('',(-0.,-1.,0.));
#12708 = FACE_BOUND('',#12709,.T.);
#12709 = EDGE_LOOP('',(#12710));
#12710 = ORIENTED_EDGE('',*,*,#12711,.T.);
#12711 = EDGE_CURVE('',#12712,#12712,#12714,.T.);
#12712 = VERTEX_POINT('',#12713);
#12713 = CARTESIAN_POINT('',(21.5,15.91,1.51));
#12714 = CIRCLE('',#12715,0.4);
#12715 = AXIS2_PLACEMENT_3D('',#12716,#12717,#12718);
#12716 = CARTESIAN_POINT('',(21.5,16.31,1.51));
#12717 = DIRECTION('',(-0.,0.,-1.));
#12718 = DIRECTION('',(-0.,-1.,0.));
#12719 = FACE_BOUND('',#12720,.T.);
#12720 = EDGE_LOOP('',(#12721));
#12721 = ORIENTED_EDGE('',*,*,#12722,.T.);
#12722 = EDGE_CURVE('',#12723,#12723,#12725,.T.);
#12723 = VERTEX_POINT('',#12724);
#12724 = CARTESIAN_POINT('',(30.,16.04,1.51));
#12725 = CIRCLE('',#12726,0.5);
#12726 = AXIS2_PLACEMENT_3D('',#12727,#12728,#12729);
#12727 = CARTESIAN_POINT('',(30.,16.54,1.51));
#12728 = DIRECTION('',(-0.,0.,-1.));
#12729 = DIRECTION('',(-0.,-1.,0.));
#12730 = FACE_BOUND('',#12731,.T.);
#12731 = EDGE_LOOP('',(#12732));
#12732 = ORIENTED_EDGE('',*,*,#12733,.T.);
#12733 = EDGE_CURVE('',#12734,#12734,#12736,.T.);
#12734 = VERTEX_POINT('',#12735);
#12735 = CARTESIAN_POINT('',(37.5,25.65,1.51));
#12736 = CIRCLE('',#12737,1.35);
#12737 = AXIS2_PLACEMENT_3D('',#12738,#12739,#12740);
#12738 = CARTESIAN_POINT('',(37.5,27.,1.51));
#12739 = DIRECTION('',(-0.,0.,-1.));
#12740 = DIRECTION('',(-0.,-1.,0.));
#12741 = PLANE('',#12742);
#12742 = AXIS2_PLACEMENT_3D('',#12743,#12744,#12745);
#12743 = CARTESIAN_POINT('',(0.,0.,1.51));
#12744 = DIRECTION('',(0.,0.,1.));
#12745 = DIRECTION('',(1.,0.,-0.));
#12746 = ADVANCED_FACE('',(#12747),#12758,.T.);
#12747 = FACE_BOUND('',#12748,.T.);
#12748 = EDGE_LOOP('',(#12749,#12755,#12756,#12757));
#12749 = ORIENTED_EDGE('',*,*,#12750,.T.);
#12750 = EDGE_CURVE('',#11245,#11999,#12751,.T.);
#12751 = LINE('',#12752,#12753);
#12752 = CARTESIAN_POINT('',(-42.5,27.,0.));
#12753 = VECTOR('',#12754,1.);
#12754 = DIRECTION('',(0.,0.,1.));
#12755 = ORIENTED_EDGE('',*,*,#11998,.T.);
#12756 = ORIENTED_EDGE('',*,*,#11180,.F.);
#12757 = ORIENTED_EDGE('',*,*,#11244,.F.);
#12758 = CYLINDRICAL_SURFACE('',#12759,4.999999678834);
#12759 = AXIS2_PLACEMENT_3D('',#12760,#12761,#12762);
#12760 = CARTESIAN_POINT('',(-37.50000032116,27.000000321166,0.));
#12761 = DIRECTION('',(0.,0.,-1.));
#12762 = DIRECTION('',(-1.,-6.423314275614E-08,-0.));
#12763 = ADVANCED_FACE('',(#12764),#12775,.T.);
#12764 = FACE_BOUND('',#12765,.T.);
#12765 = EDGE_LOOP('',(#12766,#12767,#12768,#12774));
#12766 = ORIENTED_EDGE('',*,*,#11220,.T.);
#12767 = ORIENTED_EDGE('',*,*,#12032,.T.);
#12768 = ORIENTED_EDGE('',*,*,#12769,.F.);
#12769 = EDGE_CURVE('',#11271,#12025,#12770,.T.);
#12770 = LINE('',#12771,#12772);
#12771 = CARTESIAN_POINT('',(37.5,-32.,0.));
#12772 = VECTOR('',#12773,1.);
#12773 = DIRECTION('',(0.,0.,1.));
#12774 = ORIENTED_EDGE('',*,*,#11278,.F.);
#12775 = CYLINDRICAL_SURFACE('',#12776,4.999999678834);
#12776 = AXIS2_PLACEMENT_3D('',#12777,#12778,#12779);
#12777 = CARTESIAN_POINT('',(37.500000321166,-27.00000032116,0.));
#12778 = DIRECTION('',(0.,0.,-1.));
#12779 = DIRECTION('',(1.,6.423314275614E-08,0.));
#12780 = ADVANCED_FACE('',(#12781),#12792,.T.);
#12781 = FACE_BOUND('',#12782,.T.);
#12782 = EDGE_LOOP('',(#12783,#12789,#12790,#12791));
#12783 = ORIENTED_EDGE('',*,*,#12784,.T.);
#12784 = EDGE_CURVE('',#11254,#12008,#12785,.T.);
#12785 = LINE('',#12786,#12787);
#12786 = CARTESIAN_POINT('',(-42.5,-27.,0.));
#12787 = VECTOR('',#12788,1.);
#12788 = DIRECTION('',(0.,0.,1.));
#12789 = ORIENTED_EDGE('',*,*,#12007,.T.);
#12790 = ORIENTED_EDGE('',*,*,#12750,.F.);
#12791 = ORIENTED_EDGE('',*,*,#11253,.F.);
#12792 = PLANE('',#12793);
#12793 = AXIS2_PLACEMENT_3D('',#12794,#12795,#12796);
#12794 = CARTESIAN_POINT('',(-42.5,-27.,0.));
#12795 = DIRECTION('',(-1.,0.,0.));
#12796 = DIRECTION('',(0.,1.,0.));
#12797 = ADVANCED_FACE('',(#12798),#12809,.T.);
#12798 = FACE_BOUND('',#12799,.T.);
#12799 = EDGE_LOOP('',(#12800,#12801,#12802,#12808));
#12800 = ORIENTED_EDGE('',*,*,#12769,.T.);
#12801 = ORIENTED_EDGE('',*,*,#12024,.T.);
#12802 = ORIENTED_EDGE('',*,*,#12803,.F.);
#12803 = EDGE_CURVE('',#11262,#12016,#12804,.T.);
#12804 = LINE('',#12805,#12806);
#12805 = CARTESIAN_POINT('',(-37.5,-32.,0.));
#12806 = VECTOR('',#12807,1.);
#12807 = DIRECTION('',(0.,0.,1.));
#12808 = ORIENTED_EDGE('',*,*,#11270,.F.);
#12809 = PLANE('',#12810);
#12810 = AXIS2_PLACEMENT_3D('',#12811,#12812,#12813);
#12811 = CARTESIAN_POINT('',(37.5,-32.,0.));
#12812 = DIRECTION('',(0.,-1.,0.));
#12813 = DIRECTION('',(-1.,0.,0.));
#12814 = ADVANCED_FACE('',(#12815),#12821,.T.);
#12815 = FACE_BOUND('',#12816,.T.);
#12816 = EDGE_LOOP('',(#12817,#12818,#12819,#12820));
#12817 = ORIENTED_EDGE('',*,*,#12803,.T.);
#12818 = ORIENTED_EDGE('',*,*,#12015,.T.);
#12819 = ORIENTED_EDGE('',*,*,#12784,.F.);
#12820 = ORIENTED_EDGE('',*,*,#11261,.F.);
#12821 = CYLINDRICAL_SURFACE('',#12822,4.999999678834);
#12822 = AXIS2_PLACEMENT_3D('',#12823,#12824,#12825);
#12823 = CARTESIAN_POINT('',(-37.50000032116,-27.00000032116,0.));
#12824 = DIRECTION('',(0.,0.,-1.));
#12825 = DIRECTION('',(6.423314275614E-08,-1.,0.));
#12826 = ADVANCED_FACE('',(#12827),#12838,.F.);
#12827 = FACE_BOUND('',#12828,.T.);
#12828 = EDGE_LOOP('',(#12829,#12830,#12836,#12837));
#12829 = ORIENTED_EDGE('',*,*,#11288,.T.);
#12830 = ORIENTED_EDGE('',*,*,#12831,.T.);
#12831 = EDGE_CURVE('',#11289,#12043,#12832,.T.);
#12832 = LINE('',#12833,#12834);
#12833 = CARTESIAN_POINT('',(-37.5,-28.35,-4.6E-02));
#12834 = VECTOR('',#12835,1.);
#12835 = DIRECTION('',(0.,0.,1.));
#12836 = ORIENTED_EDGE('',*,*,#12042,.F.);
#12837 = ORIENTED_EDGE('',*,*,#12831,.F.);
#12838 = CYLINDRICAL_SURFACE('',#12839,1.35);
#12839 = AXIS2_PLACEMENT_3D('',#12840,#12841,#12842);
#12840 = CARTESIAN_POINT('',(-37.5,-27.,-4.6E-02));
#12841 = DIRECTION('',(-0.,-0.,-1.));
#12842 = DIRECTION('',(-0.,-1.,0.));
#12843 = ADVANCED_FACE('',(#12844),#12855,.F.);
#12844 = FACE_BOUND('',#12845,.T.);
#12845 = EDGE_LOOP('',(#12846,#12847,#12853,#12854));
#12846 = ORIENTED_EDGE('',*,*,#11299,.T.);
#12847 = ORIENTED_EDGE('',*,*,#12848,.T.);
#12848 = EDGE_CURVE('',#11300,#12054,#12849,.T.);
#12849 = LINE('',#12850,#12851);
#12850 = CARTESIAN_POINT('',(-39.3515,-4.5645,-4.6E-02));
#12851 = VECTOR('',#12852,1.);
#12852 = DIRECTION('',(0.,0.,1.));
#12853 = ORIENTED_EDGE('',*,*,#12053,.F.);
#12854 = ORIENTED_EDGE('',*,*,#12848,.F.);
#12855 = CYLINDRICAL_SURFACE('',#12856,0.4445);
#12856 = AXIS2_PLACEMENT_3D('',#12857,#12858,#12859);
#12857 = CARTESIAN_POINT('',(-39.3515,-4.12,-4.6E-02));
#12858 = DIRECTION('',(-0.,-0.,-1.));
#12859 = DIRECTION('',(-0.,-1.,0.));
#12860 = ADVANCED_FACE('',(#12861),#12872,.F.);
#12861 = FACE_BOUND('',#12862,.T.);
#12862 = EDGE_LOOP('',(#12863,#12864,#12870,#12871));
#12863 = ORIENTED_EDGE('',*,*,#11310,.T.);
#12864 = ORIENTED_EDGE('',*,*,#12865,.T.);
#12865 = EDGE_CURVE('',#11311,#12065,#12866,.T.);
#12866 = LINE('',#12867,#12868);
#12867 = CARTESIAN_POINT('',(-36.8115,-4.5645,-4.6E-02));
#12868 = VECTOR('',#12869,1.);
#12869 = DIRECTION('',(0.,0.,1.));
#12870 = ORIENTED_EDGE('',*,*,#12064,.F.);
#12871 = ORIENTED_EDGE('',*,*,#12865,.F.);
#12872 = CYLINDRICAL_SURFACE('',#12873,0.4445);
#12873 = AXIS2_PLACEMENT_3D('',#12874,#12875,#12876);
#12874 = CARTESIAN_POINT('',(-36.8115,-4.12,-4.6E-02));
#12875 = DIRECTION('',(-0.,-0.,-1.));
#12876 = DIRECTION('',(-1.598521340293E-14,-1.,0.));
#12877 = ADVANCED_FACE('',(#12878),#12889,.F.);
#12878 = FACE_BOUND('',#12879,.T.);
#12879 = EDGE_LOOP('',(#12880,#12881,#12887,#12888));
#12880 = ORIENTED_EDGE('',*,*,#11321,.T.);
#12881 = ORIENTED_EDGE('',*,*,#12882,.T.);
#12882 = EDGE_CURVE('',#11322,#12076,#12883,.T.);
#12883 = LINE('',#12884,#12885);
#12884 = CARTESIAN_POINT('',(-34.2715,-4.5645,-4.6E-02));
#12885 = VECTOR('',#12886,1.);
#12886 = DIRECTION('',(0.,0.,1.));
#12887 = ORIENTED_EDGE('',*,*,#12075,.F.);
#12888 = ORIENTED_EDGE('',*,*,#12882,.F.);
#12889 = CYLINDRICAL_SURFACE('',#12890,0.4445);
#12890 = AXIS2_PLACEMENT_3D('',#12891,#12892,#12893);
#12891 = CARTESIAN_POINT('',(-34.2715,-4.12,-4.6E-02));
#12892 = DIRECTION('',(-0.,-0.,-1.));
#12893 = DIRECTION('',(-0.,-1.,0.));
#12894 = ADVANCED_FACE('',(#12895),#12906,.F.);
#12895 = FACE_BOUND('',#12896,.T.);
#12896 = EDGE_LOOP('',(#12897,#12898,#12904,#12905));
#12897 = ORIENTED_EDGE('',*,*,#11332,.T.);
#12898 = ORIENTED_EDGE('',*,*,#12899,.T.);
#12899 = EDGE_CURVE('',#11333,#12087,#12900,.T.);
#12900 = LINE('',#12901,#12902);
#12901 = CARTESIAN_POINT('',(-31.7315,-4.5645,-4.6E-02));
#12902 = VECTOR('',#12903,1.);
#12903 = DIRECTION('',(0.,0.,1.));
#12904 = ORIENTED_EDGE('',*,*,#12086,.F.);
#12905 = ORIENTED_EDGE('',*,*,#12899,.F.);
#12906 = CYLINDRICAL_SURFACE('',#12907,0.4445);
#12907 = AXIS2_PLACEMENT_3D('',#12908,#12909,#12910);
#12908 = CARTESIAN_POINT('',(-31.7315,-4.12,-4.6E-02));
#12909 = DIRECTION('',(-0.,-0.,-1.));
#12910 = DIRECTION('',(-0.,-1.,0.));
#12911 = ADVANCED_FACE('',(#12912),#12923,.F.);
#12912 = FACE_BOUND('',#12913,.T.);
#12913 = EDGE_LOOP('',(#12914,#12915,#12921,#12922));
#12914 = ORIENTED_EDGE('',*,*,#11343,.T.);
#12915 = ORIENTED_EDGE('',*,*,#12916,.T.);
#12916 = EDGE_CURVE('',#11344,#12098,#12917,.T.);
#12917 = LINE('',#12918,#12919);
#12918 = CARTESIAN_POINT('',(-29.1915,-4.5645,-4.6E-02));
#12919 = VECTOR('',#12920,1.);
#12920 = DIRECTION('',(0.,0.,1.));
#12921 = ORIENTED_EDGE('',*,*,#12097,.F.);
#12922 = ORIENTED_EDGE('',*,*,#12916,.F.);
#12923 = CYLINDRICAL_SURFACE('',#12924,0.4445);
#12924 = AXIS2_PLACEMENT_3D('',#12925,#12926,#12927);
#12925 = CARTESIAN_POINT('',(-29.1915,-4.12,-4.6E-02));
#12926 = DIRECTION('',(-0.,-0.,-1.));
#12927 = DIRECTION('',(-7.992606701464E-15,-1.,0.));
#12928 = ADVANCED_FACE('',(#12929),#12940,.F.);
#12929 = FACE_BOUND('',#12930,.T.);
#12930 = EDGE_LOOP('',(#12931,#12932,#12938,#12939));
#12931 = ORIENTED_EDGE('',*,*,#11354,.T.);
#12932 = ORIENTED_EDGE('',*,*,#12933,.T.);
#12933 = EDGE_CURVE('',#11355,#12109,#12934,.T.);
#12934 = LINE('',#12935,#12936);
#12935 = CARTESIAN_POINT('',(-26.6515,-4.5645,-4.6E-02));
#12936 = VECTOR('',#12937,1.);
#12937 = DIRECTION('',(0.,0.,1.));
#12938 = ORIENTED_EDGE('',*,*,#12108,.F.);
#12939 = ORIENTED_EDGE('',*,*,#12933,.F.);
#12940 = CYLINDRICAL_SURFACE('',#12941,0.4445);
#12941 = AXIS2_PLACEMENT_3D('',#12942,#12943,#12944);
#12942 = CARTESIAN_POINT('',(-26.6515,-4.12,-4.6E-02));
#12943 = DIRECTION('',(-0.,-0.,-1.));
#12944 = DIRECTION('',(-0.,-1.,0.));
#12945 = ADVANCED_FACE('',(#12946),#12957,.F.);
#12946 = FACE_BOUND('',#12947,.T.);
#12947 = EDGE_LOOP('',(#12948,#12949,#12955,#12956));
#12948 = ORIENTED_EDGE('',*,*,#11365,.T.);
#12949 = ORIENTED_EDGE('',*,*,#12950,.T.);
#12950 = EDGE_CURVE('',#11366,#12120,#12951,.T.);
#12951 = LINE('',#12952,#12953);
#12952 = CARTESIAN_POINT('',(-24.1115,-4.5645,-4.6E-02));
#12953 = VECTOR('',#12954,1.);
#12954 = DIRECTION('',(0.,0.,1.));
#12955 = ORIENTED_EDGE('',*,*,#12119,.F.);
#12956 = ORIENTED_EDGE('',*,*,#12950,.F.);
#12957 = CYLINDRICAL_SURFACE('',#12958,0.4445);
#12958 = AXIS2_PLACEMENT_3D('',#12959,#12960,#12961);
#12959 = CARTESIAN_POINT('',(-24.1115,-4.12,-4.6E-02));
#12960 = DIRECTION('',(-0.,-0.,-1.));
#12961 = DIRECTION('',(-0.,-1.,0.));
#12962 = ADVANCED_FACE('',(#12963),#12974,.F.);
#12963 = FACE_BOUND('',#12964,.T.);
#12964 = EDGE_LOOP('',(#12965,#12966,#12972,#12973));
#12965 = ORIENTED_EDGE('',*,*,#11376,.T.);
#12966 = ORIENTED_EDGE('',*,*,#12967,.T.);
#12967 = EDGE_CURVE('',#11377,#12131,#12968,.T.);
#12968 = LINE('',#12969,#12970);
#12969 = CARTESIAN_POINT('',(-8.,-2.9,-4.6E-02));
#12970 = VECTOR('',#12971,1.);
#12971 = DIRECTION('',(0.,0.,1.));
#12972 = ORIENTED_EDGE('',*,*,#12130,.F.);
#12973 = ORIENTED_EDGE('',*,*,#12967,.F.);
#12974 = CYLINDRICAL_SURFACE('',#12975,0.4);
#12975 = AXIS2_PLACEMENT_3D('',#12976,#12977,#12978);
#12976 = CARTESIAN_POINT('',(-8.,-2.5,-4.6E-02));
#12977 = DIRECTION('',(-0.,-0.,-1.));
#12978 = DIRECTION('',(-0.,-1.,0.));
#12979 = ADVANCED_FACE('',(#12980),#12991,.F.);
#12980 = FACE_BOUND('',#12981,.T.);
#12981 = EDGE_LOOP('',(#12982,#12983,#12989,#12990));
#12982 = ORIENTED_EDGE('',*,*,#11387,.T.);
#12983 = ORIENTED_EDGE('',*,*,#12984,.T.);
#12984 = EDGE_CURVE('',#11388,#12142,#12985,.T.);
#12985 = LINE('',#12986,#12987);
#12986 = CARTESIAN_POINT('',(37.5,-28.35,-4.6E-02));
#12987 = VECTOR('',#12988,1.);
#12988 = DIRECTION('',(0.,0.,1.));
#12989 = ORIENTED_EDGE('',*,*,#12141,.F.);
#12990 = ORIENTED_EDGE('',*,*,#12984,.F.);
#12991 = CYLINDRICAL_SURFACE('',#12992,1.35);
#12992 = AXIS2_PLACEMENT_3D('',#12993,#12994,#12995);
#12993 = CARTESIAN_POINT('',(37.5,-27.,-4.6E-02));
#12994 = DIRECTION('',(-0.,-0.,-1.));
#12995 = DIRECTION('',(-0.,-1.,0.));
#12996 = ADVANCED_FACE('',(#12997),#13008,.F.);
#12997 = FACE_BOUND('',#12998,.T.);
#12998 = EDGE_LOOP('',(#12999,#13000,#13006,#13007));
#12999 = ORIENTED_EDGE('',*,*,#11398,.T.);
#13000 = ORIENTED_EDGE('',*,*,#13001,.T.);
#13001 = EDGE_CURVE('',#11399,#12153,#13002,.T.);
#13002 = LINE('',#13003,#13004);
#13003 = CARTESIAN_POINT('',(19.19,-11.71,-4.6E-02));
#13004 = VECTOR('',#13005,1.);
#13005 = DIRECTION('',(0.,0.,1.));
#13006 = ORIENTED_EDGE('',*,*,#12152,.F.);
#13007 = ORIENTED_EDGE('',*,*,#13001,.F.);
#13008 = CYLINDRICAL_SURFACE('',#13009,0.4);
#13009 = AXIS2_PLACEMENT_3D('',#13010,#13011,#13012);
#13010 = CARTESIAN_POINT('',(19.19,-11.31,-4.6E-02));
#13011 = DIRECTION('',(-0.,0.,-1.));
#13012 = DIRECTION('',(8.881784197001E-15,-1.,-0.));
#13013 = ADVANCED_FACE('',(#13014),#13025,.F.);
#13014 = FACE_BOUND('',#13015,.T.);
#13015 = EDGE_LOOP('',(#13016,#13017,#13023,#13024));
#13016 = ORIENTED_EDGE('',*,*,#11409,.T.);
#13017 = ORIENTED_EDGE('',*,*,#13018,.T.);
#13018 = EDGE_CURVE('',#11410,#12164,#13019,.T.);
#13019 = LINE('',#13020,#13021);
#13020 = CARTESIAN_POINT('',(19.19,-4.09,-4.6E-02));
#13021 = VECTOR('',#13022,1.);
#13022 = DIRECTION('',(0.,0.,1.));
#13023 = ORIENTED_EDGE('',*,*,#12163,.F.);
#13024 = ORIENTED_EDGE('',*,*,#13018,.F.);
#13025 = CYLINDRICAL_SURFACE('',#13026,0.4);
#13026 = AXIS2_PLACEMENT_3D('',#13027,#13028,#13029);
#13027 = CARTESIAN_POINT('',(19.19,-3.69,-4.6E-02));
#13028 = DIRECTION('',(-0.,0.,-1.));
#13029 = DIRECTION('',(8.881784197001E-15,-1.,-0.));
#13030 = ADVANCED_FACE('',(#13031),#13042,.F.);
#13031 = FACE_BOUND('',#13032,.T.);
#13032 = EDGE_LOOP('',(#13033,#13034,#13040,#13041));
#13033 = ORIENTED_EDGE('',*,*,#11420,.T.);
#13034 = ORIENTED_EDGE('',*,*,#13035,.T.);
#13035 = EDGE_CURVE('',#11421,#12175,#13036,.T.);
#13036 = LINE('',#13037,#13038);
#13037 = CARTESIAN_POINT('',(21.73,-11.71,-4.6E-02));
#13038 = VECTOR('',#13039,1.);
#13039 = DIRECTION('',(0.,0.,1.));
#13040 = ORIENTED_EDGE('',*,*,#12174,.F.);
#13041 = ORIENTED_EDGE('',*,*,#13035,.F.);
#13042 = CYLINDRICAL_SURFACE('',#13043,0.4);
#13043 = AXIS2_PLACEMENT_3D('',#13044,#13045,#13046);
#13044 = CARTESIAN_POINT('',(21.73,-11.31,-4.6E-02));
#13045 = DIRECTION('',(-0.,0.,-1.));
#13046 = DIRECTION('',(8.881784197001E-15,-1.,-0.));
#13047 = ADVANCED_FACE('',(#13048),#13059,.F.);
#13048 = FACE_BOUND('',#13049,.T.);
#13049 = EDGE_LOOP('',(#13050,#13051,#13057,#13058));
#13050 = ORIENTED_EDGE('',*,*,#11431,.T.);
#13051 = ORIENTED_EDGE('',*,*,#13052,.T.);
#13052 = EDGE_CURVE('',#11432,#12186,#13053,.T.);
#13053 = LINE('',#13054,#13055);
#13054 = CARTESIAN_POINT('',(24.27,-11.71,-4.6E-02));
#13055 = VECTOR('',#13056,1.);
#13056 = DIRECTION('',(0.,0.,1.));
#13057 = ORIENTED_EDGE('',*,*,#12185,.F.);
#13058 = ORIENTED_EDGE('',*,*,#13052,.F.);
#13059 = CYLINDRICAL_SURFACE('',#13060,0.4);
#13060 = AXIS2_PLACEMENT_3D('',#13061,#13062,#13063);
#13061 = CARTESIAN_POINT('',(24.27,-11.31,-4.6E-02));
#13062 = DIRECTION('',(-0.,-0.,-1.));
#13063 = DIRECTION('',(-8.881784197001E-15,-1.,0.));
#13064 = ADVANCED_FACE('',(#13065),#13076,.F.);
#13065 = FACE_BOUND('',#13066,.T.);
#13066 = EDGE_LOOP('',(#13067,#13068,#13074,#13075));
#13067 = ORIENTED_EDGE('',*,*,#11442,.T.);
#13068 = ORIENTED_EDGE('',*,*,#13069,.T.);
#13069 = EDGE_CURVE('',#11443,#12197,#13070,.T.);
#13070 = LINE('',#13071,#13072);
#13071 = CARTESIAN_POINT('',(26.81,-11.71,-4.6E-02));
#13072 = VECTOR('',#13073,1.);
#13073 = DIRECTION('',(0.,0.,1.));
#13074 = ORIENTED_EDGE('',*,*,#12196,.F.);
#13075 = ORIENTED_EDGE('',*,*,#13069,.F.);
#13076 = CYLINDRICAL_SURFACE('',#13077,0.4);
#13077 = AXIS2_PLACEMENT_3D('',#13078,#13079,#13080);
#13078 = CARTESIAN_POINT('',(26.81,-11.31,-4.6E-02));
#13079 = DIRECTION('',(-0.,-0.,-1.));
#13080 = DIRECTION('',(-8.881784197001E-15,-1.,0.));
#13081 = ADVANCED_FACE('',(#13082),#13093,.F.);
#13082 = FACE_BOUND('',#13083,.T.);
#13083 = EDGE_LOOP('',(#13084,#13085,#13091,#13092));
#13084 = ORIENTED_EDGE('',*,*,#11453,.T.);
#13085 = ORIENTED_EDGE('',*,*,#13086,.T.);
#13086 = EDGE_CURVE('',#11454,#12208,#13087,.T.);
#13087 = LINE('',#13088,#13089);
#13088 = CARTESIAN_POINT('',(21.73,-4.09,-4.6E-02));
#13089 = VECTOR('',#13090,1.);
#13090 = DIRECTION('',(0.,0.,1.));
#13091 = ORIENTED_EDGE('',*,*,#12207,.F.);
#13092 = ORIENTED_EDGE('',*,*,#13086,.F.);
#13093 = CYLINDRICAL_SURFACE('',#13094,0.4);
#13094 = AXIS2_PLACEMENT_3D('',#13095,#13096,#13097);
#13095 = CARTESIAN_POINT('',(21.73,-3.69,-4.6E-02));
#13096 = DIRECTION('',(-0.,0.,-1.));
#13097 = DIRECTION('',(8.881784197001E-15,-1.,-0.));
#13098 = ADVANCED_FACE('',(#13099),#13110,.F.);
#13099 = FACE_BOUND('',#13100,.T.);
#13100 = EDGE_LOOP('',(#13101,#13102,#13108,#13109));
#13101 = ORIENTED_EDGE('',*,*,#11464,.T.);
#13102 = ORIENTED_EDGE('',*,*,#13103,.T.);
#13103 = EDGE_CURVE('',#11465,#12219,#13104,.T.);
#13104 = LINE('',#13105,#13106);
#13105 = CARTESIAN_POINT('',(24.27,-4.09,-4.6E-02));
#13106 = VECTOR('',#13107,1.);
#13107 = DIRECTION('',(0.,0.,1.));
#13108 = ORIENTED_EDGE('',*,*,#12218,.F.);
#13109 = ORIENTED_EDGE('',*,*,#13103,.F.);
#13110 = CYLINDRICAL_SURFACE('',#13111,0.4);
#13111 = AXIS2_PLACEMENT_3D('',#13112,#13113,#13114);
#13112 = CARTESIAN_POINT('',(24.27,-3.69,-4.6E-02));
#13113 = DIRECTION('',(-0.,-0.,-1.));
#13114 = DIRECTION('',(-8.881784197001E-15,-1.,0.));
#13115 = ADVANCED_FACE('',(#13116),#13127,.F.);
#13116 = FACE_BOUND('',#13117,.T.);
#13117 = EDGE_LOOP('',(#13118,#13119,#13125,#13126));
#13118 = ORIENTED_EDGE('',*,*,#11475,.T.);
#13119 = ORIENTED_EDGE('',*,*,#13120,.T.);
#13120 = EDGE_CURVE('',#11476,#12230,#13121,.T.);
#13121 = LINE('',#13122,#13123);
#13122 = CARTESIAN_POINT('',(26.81,-4.09,-4.6E-02));
#13123 = VECTOR('',#13124,1.);
#13124 = DIRECTION('',(0.,0.,1.));
#13125 = ORIENTED_EDGE('',*,*,#12229,.F.);
#13126 = ORIENTED_EDGE('',*,*,#13120,.F.);
#13127 = CYLINDRICAL_SURFACE('',#13128,0.4);
#13128 = AXIS2_PLACEMENT_3D('',#13129,#13130,#13131);
#13129 = CARTESIAN_POINT('',(26.81,-3.69,-4.6E-02));
#13130 = DIRECTION('',(-0.,-0.,-1.));
#13131 = DIRECTION('',(-8.881784197001E-15,-1.,0.));
#13132 = ADVANCED_FACE('',(#13133),#13149,.F.);
#13133 = FACE_BOUND('',#13134,.T.);
#13134 = EDGE_LOOP('',(#13135,#13136,#13142,#13143));
#13135 = ORIENTED_EDGE('',*,*,#11486,.T.);
#13136 = ORIENTED_EDGE('',*,*,#13137,.T.);
#13137 = EDGE_CURVE('',#11489,#12243,#13138,.T.);
#13138 = LINE('',#13139,#13140);
#13139 = CARTESIAN_POINT('',(38.2,-1.600001,-4.6E-02));
#13140 = VECTOR('',#13141,1.);
#13141 = DIRECTION('',(0.,0.,1.));
#13142 = ORIENTED_EDGE('',*,*,#12240,.F.);
#13143 = ORIENTED_EDGE('',*,*,#13144,.F.);
#13144 = EDGE_CURVE('',#11487,#12241,#13145,.T.);
#13145 = LINE('',#13146,#13147);
#13146 = CARTESIAN_POINT('',(38.2,-2.199999,-4.6E-02));
#13147 = VECTOR('',#13148,1.);
#13148 = DIRECTION('',(0.,0.,1.));
#13149 = CYLINDRICAL_SURFACE('',#13150,0.299999);
#13150 = AXIS2_PLACEMENT_3D('',#13151,#13152,#13153);
#13151 = CARTESIAN_POINT('',(38.2,-1.9,-4.6E-02));
#13152 = DIRECTION('',(-0.,0.,-1.));
#13153 = DIRECTION('',(0.,1.,0.));
#13154 = ADVANCED_FACE('',(#13155),#13166,.T.);
#13155 = FACE_BOUND('',#13156,.T.);
#13156 = EDGE_LOOP('',(#13157,#13158,#13159,#13160));
#13157 = ORIENTED_EDGE('',*,*,#11514,.T.);
#13158 = ORIENTED_EDGE('',*,*,#13144,.T.);
#13159 = ORIENTED_EDGE('',*,*,#12268,.F.);
#13160 = ORIENTED_EDGE('',*,*,#13161,.F.);
#13161 = EDGE_CURVE('',#11506,#12260,#13162,.T.);
#13162 = LINE('',#13163,#13164);
#13163 = CARTESIAN_POINT('',(38.8,-2.199999,-4.6E-02));
#13164 = VECTOR('',#13165,1.);
#13165 = DIRECTION('',(0.,0.,1.));
#13166 = PLANE('',#13167);
#13167 = AXIS2_PLACEMENT_3D('',#13168,#13169,#13170);
#13168 = CARTESIAN_POINT('',(38.2,-2.199999,-4.6E-02));
#13169 = DIRECTION('',(0.,1.,0.));
#13170 = DIRECTION('',(1.,0.,0.));
#13171 = ADVANCED_FACE('',(#13172),#13183,.F.);
#13172 = FACE_BOUND('',#13173,.T.);
#13173 = EDGE_LOOP('',(#13174,#13175,#13176,#13177));
#13174 = ORIENTED_EDGE('',*,*,#11505,.T.);
#13175 = ORIENTED_EDGE('',*,*,#13161,.T.);
#13176 = ORIENTED_EDGE('',*,*,#12259,.F.);
#13177 = ORIENTED_EDGE('',*,*,#13178,.F.);
#13178 = EDGE_CURVE('',#11498,#12252,#13179,.T.);
#13179 = LINE('',#13180,#13181);
#13180 = CARTESIAN_POINT('',(38.8,-1.600001,-4.6E-02));
#13181 = VECTOR('',#13182,1.);
#13182 = DIRECTION('',(0.,0.,1.));
#13183 = CYLINDRICAL_SURFACE('',#13184,0.299999);
#13184 = AXIS2_PLACEMENT_3D('',#13185,#13186,#13187);
#13185 = CARTESIAN_POINT('',(38.8,-1.9,-4.6E-02));
#13186 = DIRECTION('',(-0.,-0.,-1.));
#13187 = DIRECTION('',(-0.,-1.,0.));
#13188 = ADVANCED_FACE('',(#13189),#13195,.T.);
#13189 = FACE_BOUND('',#13190,.T.);
#13190 = EDGE_LOOP('',(#13191,#13192,#13193,#13194));
#13191 = ORIENTED_EDGE('',*,*,#11497,.T.);
#13192 = ORIENTED_EDGE('',*,*,#13178,.T.);
#13193 = ORIENTED_EDGE('',*,*,#12251,.F.);
#13194 = ORIENTED_EDGE('',*,*,#13137,.F.);
#13195 = PLANE('',#13196);
#13196 = AXIS2_PLACEMENT_3D('',#13197,#13198,#13199);
#13197 = CARTESIAN_POINT('',(38.8,-1.600001,-4.6E-02));
#13198 = DIRECTION('',(0.,-1.,0.));
#13199 = DIRECTION('',(-1.,0.,0.));
#13200 = ADVANCED_FACE('',(#13201),#13212,.F.);
#13201 = FACE_BOUND('',#13202,.T.);
#13202 = EDGE_LOOP('',(#13203,#13204,#13210,#13211));
#13203 = ORIENTED_EDGE('',*,*,#11522,.T.);
#13204 = ORIENTED_EDGE('',*,*,#13205,.T.);
#13205 = EDGE_CURVE('',#11523,#12277,#13206,.T.);
#13206 = LINE('',#13207,#13208);
#13207 = CARTESIAN_POINT('',(-39.3515,10.6755,-4.6E-02));
#13208 = VECTOR('',#13209,1.);
#13209 = DIRECTION('',(0.,0.,1.));
#13210 = ORIENTED_EDGE('',*,*,#12276,.F.);
#13211 = ORIENTED_EDGE('',*,*,#13205,.F.);
#13212 = CYLINDRICAL_SURFACE('',#13213,0.4445);
#13213 = AXIS2_PLACEMENT_3D('',#13214,#13215,#13216);
#13214 = CARTESIAN_POINT('',(-39.3515,11.12,-4.6E-02));
#13215 = DIRECTION('',(-0.,-0.,-1.));
#13216 = DIRECTION('',(-0.,-1.,0.));
#13217 = ADVANCED_FACE('',(#13218),#13229,.F.);
#13218 = FACE_BOUND('',#13219,.T.);
#13219 = EDGE_LOOP('',(#13220,#13221,#13227,#13228));
#13220 = ORIENTED_EDGE('',*,*,#11533,.T.);
#13221 = ORIENTED_EDGE('',*,*,#13222,.T.);
#13222 = EDGE_CURVE('',#11534,#12288,#13223,.T.);
#13223 = LINE('',#13224,#13225);
#13224 = CARTESIAN_POINT('',(-36.8115,10.6755,-4.6E-02));
#13225 = VECTOR('',#13226,1.);
#13226 = DIRECTION('',(0.,0.,1.));
#13227 = ORIENTED_EDGE('',*,*,#12287,.F.);
#13228 = ORIENTED_EDGE('',*,*,#13222,.F.);
#13229 = CYLINDRICAL_SURFACE('',#13230,0.4445);
#13230 = AXIS2_PLACEMENT_3D('',#13231,#13232,#13233);
#13231 = CARTESIAN_POINT('',(-36.8115,11.12,-4.6E-02));
#13232 = DIRECTION('',(-0.,-0.,-1.));
#13233 = DIRECTION('',(-1.598521340293E-14,-1.,0.));
#13234 = ADVANCED_FACE('',(#13235),#13246,.F.);
#13235 = FACE_BOUND('',#13236,.T.);
#13236 = EDGE_LOOP('',(#13237,#13238,#13244,#13245));
#13237 = ORIENTED_EDGE('',*,*,#11544,.T.);
#13238 = ORIENTED_EDGE('',*,*,#13239,.T.);
#13239 = EDGE_CURVE('',#11545,#12299,#13240,.T.);
#13240 = LINE('',#13241,#13242);
#13241 = CARTESIAN_POINT('',(-34.2715,10.6755,-4.6E-02));
#13242 = VECTOR('',#13243,1.);
#13243 = DIRECTION('',(0.,0.,1.));
#13244 = ORIENTED_EDGE('',*,*,#12298,.F.);
#13245 = ORIENTED_EDGE('',*,*,#13239,.F.);
#13246 = CYLINDRICAL_SURFACE('',#13247,0.4445);
#13247 = AXIS2_PLACEMENT_3D('',#13248,#13249,#13250);
#13248 = CARTESIAN_POINT('',(-34.2715,11.12,-4.6E-02));
#13249 = DIRECTION('',(-0.,-0.,-1.));
#13250 = DIRECTION('',(-0.,-1.,0.));
#13251 = ADVANCED_FACE('',(#13252),#13263,.F.);
#13252 = FACE_BOUND('',#13253,.T.);
#13253 = EDGE_LOOP('',(#13254,#13255,#13261,#13262));
#13254 = ORIENTED_EDGE('',*,*,#11555,.T.);
#13255 = ORIENTED_EDGE('',*,*,#13256,.T.);
#13256 = EDGE_CURVE('',#11556,#12310,#13257,.T.);
#13257 = LINE('',#13258,#13259);
#13258 = CARTESIAN_POINT('',(-31.7315,10.6755,-4.6E-02));
#13259 = VECTOR('',#13260,1.);
#13260 = DIRECTION('',(0.,0.,1.));
#13261 = ORIENTED_EDGE('',*,*,#12309,.F.);
#13262 = ORIENTED_EDGE('',*,*,#13256,.F.);
#13263 = CYLINDRICAL_SURFACE('',#13264,0.4445);
#13264 = AXIS2_PLACEMENT_3D('',#13265,#13266,#13267);
#13265 = CARTESIAN_POINT('',(-31.7315,11.12,-4.6E-02));
#13266 = DIRECTION('',(-0.,-0.,-1.));
#13267 = DIRECTION('',(-0.,-1.,0.));
#13268 = ADVANCED_FACE('',(#13269),#13280,.F.);
#13269 = FACE_BOUND('',#13270,.T.);
#13270 = EDGE_LOOP('',(#13271,#13272,#13278,#13279));
#13271 = ORIENTED_EDGE('',*,*,#11566,.T.);
#13272 = ORIENTED_EDGE('',*,*,#13273,.T.);
#13273 = EDGE_CURVE('',#11567,#12321,#13274,.T.);
#13274 = LINE('',#13275,#13276);
#13275 = CARTESIAN_POINT('',(-29.1915,10.6755,-4.6E-02));
#13276 = VECTOR('',#13277,1.);
#13277 = DIRECTION('',(0.,0.,1.));
#13278 = ORIENTED_EDGE('',*,*,#12320,.F.);
#13279 = ORIENTED_EDGE('',*,*,#13273,.F.);
#13280 = CYLINDRICAL_SURFACE('',#13281,0.4445);
#13281 = AXIS2_PLACEMENT_3D('',#13282,#13283,#13284);
#13282 = CARTESIAN_POINT('',(-29.1915,11.12,-4.6E-02));
#13283 = DIRECTION('',(-0.,-0.,-1.));
#13284 = DIRECTION('',(-7.992606701464E-15,-1.,0.));
#13285 = ADVANCED_FACE('',(#13286),#13297,.F.);
#13286 = FACE_BOUND('',#13287,.T.);
#13287 = EDGE_LOOP('',(#13288,#13289,#13295,#13296));
#13288 = ORIENTED_EDGE('',*,*,#11577,.T.);
#13289 = ORIENTED_EDGE('',*,*,#13290,.T.);
#13290 = EDGE_CURVE('',#11578,#12332,#13291,.T.);
#13291 = LINE('',#13292,#13293);
#13292 = CARTESIAN_POINT('',(-26.6515,10.6755,-4.6E-02));
#13293 = VECTOR('',#13294,1.);
#13294 = DIRECTION('',(0.,0.,1.));
#13295 = ORIENTED_EDGE('',*,*,#12331,.F.);
#13296 = ORIENTED_EDGE('',*,*,#13290,.F.);
#13297 = CYLINDRICAL_SURFACE('',#13298,0.4445);
#13298 = AXIS2_PLACEMENT_3D('',#13299,#13300,#13301);
#13299 = CARTESIAN_POINT('',(-26.6515,11.12,-4.6E-02));
#13300 = DIRECTION('',(-0.,-0.,-1.));
#13301 = DIRECTION('',(-0.,-1.,0.));
#13302 = ADVANCED_FACE('',(#13303),#13314,.F.);
#13303 = FACE_BOUND('',#13304,.T.);
#13304 = EDGE_LOOP('',(#13305,#13306,#13312,#13313));
#13305 = ORIENTED_EDGE('',*,*,#11588,.T.);
#13306 = ORIENTED_EDGE('',*,*,#13307,.T.);
#13307 = EDGE_CURVE('',#11589,#12343,#13308,.T.);
#13308 = LINE('',#13309,#13310);
#13309 = CARTESIAN_POINT('',(-24.1115,10.6755,-4.6E-02));
#13310 = VECTOR('',#13311,1.);
#13311 = DIRECTION('',(0.,0.,1.));
#13312 = ORIENTED_EDGE('',*,*,#12342,.F.);
#13313 = ORIENTED_EDGE('',*,*,#13307,.F.);
#13314 = CYLINDRICAL_SURFACE('',#13315,0.4445);
#13315 = AXIS2_PLACEMENT_3D('',#13316,#13317,#13318);
#13316 = CARTESIAN_POINT('',(-24.1115,11.12,-4.6E-02));
#13317 = DIRECTION('',(-0.,-0.,-1.));
#13318 = DIRECTION('',(-0.,-1.,0.));
#13319 = ADVANCED_FACE('',(#13320),#13331,.F.);
#13320 = FACE_BOUND('',#13321,.T.);
#13321 = EDGE_LOOP('',(#13322,#13323,#13329,#13330));
#13322 = ORIENTED_EDGE('',*,*,#11599,.T.);
#13323 = ORIENTED_EDGE('',*,*,#13324,.T.);
#13324 = EDGE_CURVE('',#11600,#12354,#13325,.T.);
#13325 = LINE('',#13326,#13327);
#13326 = CARTESIAN_POINT('',(-8.,-0.4,-4.6E-02));
#13327 = VECTOR('',#13328,1.);
#13328 = DIRECTION('',(0.,0.,1.));
#13329 = ORIENTED_EDGE('',*,*,#12353,.F.);
#13330 = ORIENTED_EDGE('',*,*,#13324,.F.);
#13331 = CYLINDRICAL_SURFACE('',#13332,0.4);
#13332 = AXIS2_PLACEMENT_3D('',#13333,#13334,#13335);
#13333 = CARTESIAN_POINT('',(-8.,4.440892098501E-16,-4.6E-02));
#13334 = DIRECTION('',(-0.,-0.,-1.));
#13335 = DIRECTION('',(-0.,-1.,0.));
#13336 = ADVANCED_FACE('',(#13337),#13348,.F.);
#13337 = FACE_BOUND('',#13338,.T.);
#13338 = EDGE_LOOP('',(#13339,#13340,#13346,#13347));
#13339 = ORIENTED_EDGE('',*,*,#11610,.T.);
#13340 = ORIENTED_EDGE('',*,*,#13341,.T.);
#13341 = EDGE_CURVE('',#11611,#12365,#13342,.T.);
#13342 = LINE('',#13343,#13344);
#13343 = CARTESIAN_POINT('',(-15.5,6.725,-4.6E-02));
#13344 = VECTOR('',#13345,1.);
#13345 = DIRECTION('',(0.,0.,1.));
#13346 = ORIENTED_EDGE('',*,*,#12364,.F.);
#13347 = ORIENTED_EDGE('',*,*,#13341,.F.);
#13348 = CYLINDRICAL_SURFACE('',#13349,0.5);
#13349 = AXIS2_PLACEMENT_3D('',#13350,#13351,#13352);
#13350 = CARTESIAN_POINT('',(-15.5,7.225,-4.6E-02));
#13351 = DIRECTION('',(-0.,-0.,-1.));
#13352 = DIRECTION('',(-0.,-1.,0.));
#13353 = ADVANCED_FACE('',(#13354),#13365,.F.);
#13354 = FACE_BOUND('',#13355,.T.);
#13355 = EDGE_LOOP('',(#13356,#13357,#13363,#13364));
#13356 = ORIENTED_EDGE('',*,*,#11621,.T.);
#13357 = ORIENTED_EDGE('',*,*,#13358,.T.);
#13358 = EDGE_CURVE('',#11622,#12376,#13359,.T.);
#13359 = LINE('',#13360,#13361);
#13360 = CARTESIAN_POINT('',(-15.5,9.265,-4.6E-02));
#13361 = VECTOR('',#13362,1.);
#13362 = DIRECTION('',(0.,0.,1.));
#13363 = ORIENTED_EDGE('',*,*,#12375,.F.);
#13364 = ORIENTED_EDGE('',*,*,#13358,.F.);
#13365 = CYLINDRICAL_SURFACE('',#13366,0.5);
#13366 = AXIS2_PLACEMENT_3D('',#13367,#13368,#13369);
#13367 = CARTESIAN_POINT('',(-15.5,9.765,-4.6E-02));
#13368 = DIRECTION('',(-0.,-0.,-1.));
#13369 = DIRECTION('',(-0.,-1.,0.));
#13370 = ADVANCED_FACE('',(#13371),#13382,.F.);
#13371 = FACE_BOUND('',#13372,.T.);
#13372 = EDGE_LOOP('',(#13373,#13374,#13380,#13381));
#13373 = ORIENTED_EDGE('',*,*,#11632,.T.);
#13374 = ORIENTED_EDGE('',*,*,#13375,.T.);
#13375 = EDGE_CURVE('',#11633,#12387,#13376,.T.);
#13376 = LINE('',#13377,#13378);
#13377 = CARTESIAN_POINT('',(-37.5,25.65,-4.6E-02));
#13378 = VECTOR('',#13379,1.);
#13379 = DIRECTION('',(0.,0.,1.));
#13380 = ORIENTED_EDGE('',*,*,#12386,.F.);
#13381 = ORIENTED_EDGE('',*,*,#13375,.F.);
#13382 = CYLINDRICAL_SURFACE('',#13383,1.35);
#13383 = AXIS2_PLACEMENT_3D('',#13384,#13385,#13386);
#13384 = CARTESIAN_POINT('',(-37.5,27.,-4.6E-02));
#13385 = DIRECTION('',(-0.,-0.,-1.));
#13386 = DIRECTION('',(-0.,-1.,0.));
#13387 = ADVANCED_FACE('',(#13388),#13399,.F.);
#13388 = FACE_BOUND('',#13389,.T.);
#13389 = EDGE_LOOP('',(#13390,#13391,#13397,#13398));
#13390 = ORIENTED_EDGE('',*,*,#11643,.T.);
#13391 = ORIENTED_EDGE('',*,*,#13392,.T.);
#13392 = EDGE_CURVE('',#11644,#12398,#13393,.T.);
#13393 = LINE('',#13394,#13395);
#13394 = CARTESIAN_POINT('',(-6.5,14.5,-4.6E-02));
#13395 = VECTOR('',#13396,1.);
#13396 = DIRECTION('',(0.,0.,1.));
#13397 = ORIENTED_EDGE('',*,*,#12397,.F.);
#13398 = ORIENTED_EDGE('',*,*,#13392,.F.);
#13399 = CYLINDRICAL_SURFACE('',#13400,0.5);
#13400 = AXIS2_PLACEMENT_3D('',#13401,#13402,#13403);
#13401 = CARTESIAN_POINT('',(-6.5,15.,-4.6E-02));
#13402 = DIRECTION('',(-0.,-0.,-1.));
#13403 = DIRECTION('',(-0.,-1.,0.));
#13404 = ADVANCED_FACE('',(#13405),#13416,.F.);
#13405 = FACE_BOUND('',#13406,.T.);
#13406 = EDGE_LOOP('',(#13407,#13408,#13414,#13415));
#13407 = ORIENTED_EDGE('',*,*,#11654,.T.);
#13408 = ORIENTED_EDGE('',*,*,#13409,.T.);
#13409 = EDGE_CURVE('',#11655,#12409,#13410,.T.);
#13410 = LINE('',#13411,#13412);
#13411 = CARTESIAN_POINT('',(-3.96,14.5,-4.6E-02));
#13412 = VECTOR('',#13413,1.);
#13413 = DIRECTION('',(0.,0.,1.));
#13414 = ORIENTED_EDGE('',*,*,#12408,.F.);
#13415 = ORIENTED_EDGE('',*,*,#13409,.F.);
#13416 = CYLINDRICAL_SURFACE('',#13417,0.5);
#13417 = AXIS2_PLACEMENT_3D('',#13418,#13419,#13420);
#13418 = CARTESIAN_POINT('',(-3.96,15.,-4.6E-02));
#13419 = DIRECTION('',(-0.,-0.,-1.));
#13420 = DIRECTION('',(-0.,-1.,0.));
#13421 = ADVANCED_FACE('',(#13422),#13433,.F.);
#13422 = FACE_BOUND('',#13423,.T.);
#13423 = EDGE_LOOP('',(#13424,#13425,#13431,#13432));
#13424 = ORIENTED_EDGE('',*,*,#11665,.T.);
#13425 = ORIENTED_EDGE('',*,*,#13426,.T.);
#13426 = EDGE_CURVE('',#11666,#12420,#13427,.T.);
#13427 = LINE('',#13428,#13429);
#13428 = CARTESIAN_POINT('',(-1.42,14.5,-4.6E-02));
#13429 = VECTOR('',#13430,1.);
#13430 = DIRECTION('',(0.,0.,1.));
#13431 = ORIENTED_EDGE('',*,*,#12419,.F.);
#13432 = ORIENTED_EDGE('',*,*,#13426,.F.);
#13433 = CYLINDRICAL_SURFACE('',#13434,0.5);
#13434 = AXIS2_PLACEMENT_3D('',#13435,#13436,#13437);
#13435 = CARTESIAN_POINT('',(-1.42,15.,-4.6E-02));
#13436 = DIRECTION('',(-0.,-0.,-1.));
#13437 = DIRECTION('',(-0.,-1.,0.));
#13438 = ADVANCED_FACE('',(#13439),#13450,.F.);
#13439 = FACE_BOUND('',#13440,.T.);
#13440 = EDGE_LOOP('',(#13441,#13442,#13448,#13449));
#13441 = ORIENTED_EDGE('',*,*,#11676,.T.);
#13442 = ORIENTED_EDGE('',*,*,#13443,.T.);
#13443 = EDGE_CURVE('',#11677,#12431,#13444,.T.);
#13444 = LINE('',#13445,#13446);
#13445 = CARTESIAN_POINT('',(-2.,23.225,-4.6E-02));
#13446 = VECTOR('',#13447,1.);
#13447 = DIRECTION('',(0.,0.,1.));
#13448 = ORIENTED_EDGE('',*,*,#12430,.F.);
#13449 = ORIENTED_EDGE('',*,*,#13443,.F.);
#13450 = CYLINDRICAL_SURFACE('',#13451,0.5);
#13451 = AXIS2_PLACEMENT_3D('',#13452,#13453,#13454);
#13452 = CARTESIAN_POINT('',(-2.,23.725,-4.6E-02));
#13453 = DIRECTION('',(-0.,-0.,-1.));
#13454 = DIRECTION('',(-0.,-1.,0.));
#13455 = ADVANCED_FACE('',(#13456),#13467,.F.);
#13456 = FACE_BOUND('',#13457,.T.);
#13457 = EDGE_LOOP('',(#13458,#13459,#13465,#13466));
#13458 = ORIENTED_EDGE('',*,*,#11687,.T.);
#13459 = ORIENTED_EDGE('',*,*,#13460,.T.);
#13460 = EDGE_CURVE('',#11688,#12442,#13461,.T.);
#13461 = LINE('',#13462,#13463);
#13462 = CARTESIAN_POINT('',(-2.,25.765,-4.6E-02));
#13463 = VECTOR('',#13464,1.);
#13464 = DIRECTION('',(0.,0.,1.));
#13465 = ORIENTED_EDGE('',*,*,#12441,.F.);
#13466 = ORIENTED_EDGE('',*,*,#13460,.F.);
#13467 = CYLINDRICAL_SURFACE('',#13468,0.5);
#13468 = AXIS2_PLACEMENT_3D('',#13469,#13470,#13471);
#13469 = CARTESIAN_POINT('',(-2.,26.265,-4.6E-02));
#13470 = DIRECTION('',(-0.,-0.,-1.));
#13471 = DIRECTION('',(-0.,-1.,0.));
#13472 = ADVANCED_FACE('',(#13473),#13484,.F.);
#13473 = FACE_BOUND('',#13474,.T.);
#13474 = EDGE_LOOP('',(#13475,#13476,#13482,#13483));
#13475 = ORIENTED_EDGE('',*,*,#11698,.T.);
#13476 = ORIENTED_EDGE('',*,*,#13477,.T.);
#13477 = EDGE_CURVE('',#11699,#12453,#13478,.T.);
#13478 = LINE('',#13479,#13480);
#13479 = CARTESIAN_POINT('',(16.5,2.6,-4.6E-02));
#13480 = VECTOR('',#13481,1.);
#13481 = DIRECTION('',(0.,0.,1.));
#13482 = ORIENTED_EDGE('',*,*,#12452,.F.);
#13483 = ORIENTED_EDGE('',*,*,#13477,.F.);
#13484 = CYLINDRICAL_SURFACE('',#13485,0.4);
#13485 = AXIS2_PLACEMENT_3D('',#13486,#13487,#13488);
#13486 = CARTESIAN_POINT('',(16.5,3.,-4.6E-02));
#13487 = DIRECTION('',(-0.,-0.,-1.));
#13488 = DIRECTION('',(-0.,-1.,0.));
#13489 = ADVANCED_FACE('',(#13490),#13501,.F.);
#13490 = FACE_BOUND('',#13491,.T.);
#13491 = EDGE_LOOP('',(#13492,#13493,#13499,#13500));
#13492 = ORIENTED_EDGE('',*,*,#11709,.T.);
#13493 = ORIENTED_EDGE('',*,*,#13494,.T.);
#13494 = EDGE_CURVE('',#11710,#12464,#13495,.T.);
#13495 = LINE('',#13496,#13497);
#13496 = CARTESIAN_POINT('',(16.5,5.1,-4.6E-02));
#13497 = VECTOR('',#13498,1.);
#13498 = DIRECTION('',(0.,0.,1.));
#13499 = ORIENTED_EDGE('',*,*,#12463,.F.);
#13500 = ORIENTED_EDGE('',*,*,#13494,.F.);
#13501 = CYLINDRICAL_SURFACE('',#13502,0.4);
#13502 = AXIS2_PLACEMENT_3D('',#13503,#13504,#13505);
#13503 = CARTESIAN_POINT('',(16.5,5.5,-4.6E-02));
#13504 = DIRECTION('',(-0.,-0.,-1.));
#13505 = DIRECTION('',(-0.,-1.,0.));
#13506 = ADVANCED_FACE('',(#13507),#13518,.F.);
#13507 = FACE_BOUND('',#13508,.T.);
#13508 = EDGE_LOOP('',(#13509,#13510,#13516,#13517));
#13509 = ORIENTED_EDGE('',*,*,#11720,.T.);
#13510 = ORIENTED_EDGE('',*,*,#13511,.T.);
#13511 = EDGE_CURVE('',#11721,#12475,#13512,.T.);
#13512 = LINE('',#13513,#13514);
#13513 = CARTESIAN_POINT('',(7.5,9.42,-4.6E-02));
#13514 = VECTOR('',#13515,1.);
#13515 = DIRECTION('',(0.,0.,1.));
#13516 = ORIENTED_EDGE('',*,*,#12474,.F.);
#13517 = ORIENTED_EDGE('',*,*,#13511,.F.);
#13518 = CYLINDRICAL_SURFACE('',#13519,0.5);
#13519 = AXIS2_PLACEMENT_3D('',#13520,#13521,#13522);
#13520 = CARTESIAN_POINT('',(7.5,9.92,-4.6E-02));
#13521 = DIRECTION('',(-0.,-0.,-1.));
#13522 = DIRECTION('',(-0.,-1.,0.));
#13523 = ADVANCED_FACE('',(#13524),#13535,.F.);
#13524 = FACE_BOUND('',#13525,.T.);
#13525 = EDGE_LOOP('',(#13526,#13527,#13533,#13534));
#13526 = ORIENTED_EDGE('',*,*,#11731,.T.);
#13527 = ORIENTED_EDGE('',*,*,#13528,.T.);
#13528 = EDGE_CURVE('',#11732,#12486,#13529,.T.);
#13529 = LINE('',#13530,#13531);
#13530 = CARTESIAN_POINT('',(7.5,11.96,-4.6E-02));
#13531 = VECTOR('',#13532,1.);
#13532 = DIRECTION('',(0.,0.,1.));
#13533 = ORIENTED_EDGE('',*,*,#12485,.F.);
#13534 = ORIENTED_EDGE('',*,*,#13528,.F.);
#13535 = CYLINDRICAL_SURFACE('',#13536,0.5);
#13536 = AXIS2_PLACEMENT_3D('',#13537,#13538,#13539);
#13537 = CARTESIAN_POINT('',(7.5,12.46,-4.6E-02));
#13538 = DIRECTION('',(-0.,-0.,-1.));
#13539 = DIRECTION('',(-0.,-1.,0.));
#13540 = ADVANCED_FACE('',(#13541),#13552,.F.);
#13541 = FACE_BOUND('',#13542,.T.);
#13542 = EDGE_LOOP('',(#13543,#13544,#13550,#13551));
#13543 = ORIENTED_EDGE('',*,*,#11742,.T.);
#13544 = ORIENTED_EDGE('',*,*,#13545,.T.);
#13545 = EDGE_CURVE('',#11743,#12497,#13546,.T.);
#13546 = LINE('',#13547,#13548);
#13547 = CARTESIAN_POINT('',(13.5,8.675,-4.6E-02));
#13548 = VECTOR('',#13549,1.);
#13549 = DIRECTION('',(0.,0.,1.));
#13550 = ORIENTED_EDGE('',*,*,#12496,.F.);
#13551 = ORIENTED_EDGE('',*,*,#13545,.F.);
#13552 = CYLINDRICAL_SURFACE('',#13553,0.4);
#13553 = AXIS2_PLACEMENT_3D('',#13554,#13555,#13556);
#13554 = CARTESIAN_POINT('',(13.5,9.075,-4.6E-02));
#13555 = DIRECTION('',(-0.,-0.,-1.));
#13556 = DIRECTION('',(-0.,-1.,0.));
#13557 = ADVANCED_FACE('',(#13558),#13569,.F.);
#13558 = FACE_BOUND('',#13559,.T.);
#13559 = EDGE_LOOP('',(#13560,#13561,#13567,#13568));
#13560 = ORIENTED_EDGE('',*,*,#11753,.T.);
#13561 = ORIENTED_EDGE('',*,*,#13562,.T.);
#13562 = EDGE_CURVE('',#11754,#12508,#13563,.T.);
#13563 = LINE('',#13564,#13565);
#13564 = CARTESIAN_POINT('',(28.,3.1,-4.6E-02));
#13565 = VECTOR('',#13566,1.);
#13566 = DIRECTION('',(0.,0.,1.));
#13567 = ORIENTED_EDGE('',*,*,#12507,.F.);
#13568 = ORIENTED_EDGE('',*,*,#13562,.F.);
#13569 = CYLINDRICAL_SURFACE('',#13570,0.4);
#13570 = AXIS2_PLACEMENT_3D('',#13571,#13572,#13573);
#13571 = CARTESIAN_POINT('',(28.,3.5,-4.6E-02));
#13572 = DIRECTION('',(-0.,-0.,-1.));
#13573 = DIRECTION('',(-0.,-1.,0.));
#13574 = ADVANCED_FACE('',(#13575),#13586,.F.);
#13575 = FACE_BOUND('',#13576,.T.);
#13576 = EDGE_LOOP('',(#13577,#13578,#13584,#13585));
#13577 = ORIENTED_EDGE('',*,*,#11764,.T.);
#13578 = ORIENTED_EDGE('',*,*,#13579,.T.);
#13579 = EDGE_CURVE('',#11765,#12519,#13580,.T.);
#13580 = LINE('',#13581,#13582);
#13581 = CARTESIAN_POINT('',(28.,5.6,-4.6E-02));
#13582 = VECTOR('',#13583,1.);
#13583 = DIRECTION('',(0.,0.,1.));
#13584 = ORIENTED_EDGE('',*,*,#12518,.F.);
#13585 = ORIENTED_EDGE('',*,*,#13579,.F.);
#13586 = CYLINDRICAL_SURFACE('',#13587,0.4);
#13587 = AXIS2_PLACEMENT_3D('',#13588,#13589,#13590);
#13588 = CARTESIAN_POINT('',(28.,6.,-4.6E-02));
#13589 = DIRECTION('',(-0.,-0.,-1.));
#13590 = DIRECTION('',(-0.,-1.,0.));
#13591 = ADVANCED_FACE('',(#13592),#13603,.F.);
#13592 = FACE_BOUND('',#13593,.T.);
#13593 = EDGE_LOOP('',(#13594,#13595,#13601,#13602));
#13594 = ORIENTED_EDGE('',*,*,#11775,.T.);
#13595 = ORIENTED_EDGE('',*,*,#13596,.T.);
#13596 = EDGE_CURVE('',#11776,#12530,#13597,.T.);
#13597 = LINE('',#13598,#13599);
#13598 = CARTESIAN_POINT('',(34.5,-0.1,-4.6E-02));
#13599 = VECTOR('',#13600,1.);
#13600 = DIRECTION('',(0.,0.,1.));
#13601 = ORIENTED_EDGE('',*,*,#12529,.F.);
#13602 = ORIENTED_EDGE('',*,*,#13596,.F.);
#13603 = CYLINDRICAL_SURFACE('',#13604,0.6);
#13604 = AXIS2_PLACEMENT_3D('',#13605,#13606,#13607);
#13605 = CARTESIAN_POINT('',(34.5,0.5,-4.6E-02));
#13606 = DIRECTION('',(-0.,-0.,-1.));
#13607 = DIRECTION('',(-0.,-1.,0.));
#13608 = ADVANCED_FACE('',(#13609),#13625,.F.);
#13609 = FACE_BOUND('',#13610,.T.);
#13610 = EDGE_LOOP('',(#13611,#13612,#13618,#13619));
#13611 = ORIENTED_EDGE('',*,*,#11786,.T.);
#13612 = ORIENTED_EDGE('',*,*,#13613,.T.);
#13613 = EDGE_CURVE('',#11789,#12543,#13614,.T.);
#13614 = LINE('',#13615,#13616);
#13615 = CARTESIAN_POINT('',(33.2,3.199999,-4.6E-02));
#13616 = VECTOR('',#13617,1.);
#13617 = DIRECTION('',(0.,0.,1.));
#13618 = ORIENTED_EDGE('',*,*,#12540,.F.);
#13619 = ORIENTED_EDGE('',*,*,#13620,.F.);
#13620 = EDGE_CURVE('',#11787,#12541,#13621,.T.);
#13621 = LINE('',#13622,#13623);
#13622 = CARTESIAN_POINT('',(33.2,2.600001,-4.6E-02));
#13623 = VECTOR('',#13624,1.);
#13624 = DIRECTION('',(0.,0.,1.));
#13625 = CYLINDRICAL_SURFACE('',#13626,0.299999);
#13626 = AXIS2_PLACEMENT_3D('',#13627,#13628,#13629);
#13627 = CARTESIAN_POINT('',(33.2,2.9,-4.6E-02));
#13628 = DIRECTION('',(-0.,0.,-1.));
#13629 = DIRECTION('',(0.,1.,0.));
#13630 = ADVANCED_FACE('',(#13631),#13642,.T.);
#13631 = FACE_BOUND('',#13632,.T.);
#13632 = EDGE_LOOP('',(#13633,#13634,#13635,#13636));
#13633 = ORIENTED_EDGE('',*,*,#11814,.T.);
#13634 = ORIENTED_EDGE('',*,*,#13620,.T.);
#13635 = ORIENTED_EDGE('',*,*,#12568,.F.);
#13636 = ORIENTED_EDGE('',*,*,#13637,.F.);
#13637 = EDGE_CURVE('',#11806,#12560,#13638,.T.);
#13638 = LINE('',#13639,#13640);
#13639 = CARTESIAN_POINT('',(33.8,2.600001,-4.6E-02));
#13640 = VECTOR('',#13641,1.);
#13641 = DIRECTION('',(0.,0.,1.));
#13642 = PLANE('',#13643);
#13643 = AXIS2_PLACEMENT_3D('',#13644,#13645,#13646);
#13644 = CARTESIAN_POINT('',(33.2,2.600001,-4.6E-02));
#13645 = DIRECTION('',(0.,1.,0.));
#13646 = DIRECTION('',(1.,0.,0.));
#13647 = ADVANCED_FACE('',(#13648),#13659,.F.);
#13648 = FACE_BOUND('',#13649,.T.);
#13649 = EDGE_LOOP('',(#13650,#13651,#13652,#13653));
#13650 = ORIENTED_EDGE('',*,*,#11805,.T.);
#13651 = ORIENTED_EDGE('',*,*,#13637,.T.);
#13652 = ORIENTED_EDGE('',*,*,#12559,.F.);
#13653 = ORIENTED_EDGE('',*,*,#13654,.F.);
#13654 = EDGE_CURVE('',#11798,#12552,#13655,.T.);
#13655 = LINE('',#13656,#13657);
#13656 = CARTESIAN_POINT('',(33.8,3.199999,-4.6E-02));
#13657 = VECTOR('',#13658,1.);
#13658 = DIRECTION('',(0.,0.,1.));
#13659 = CYLINDRICAL_SURFACE('',#13660,0.299999);
#13660 = AXIS2_PLACEMENT_3D('',#13661,#13662,#13663);
#13661 = CARTESIAN_POINT('',(33.8,2.9,-4.6E-02));
#13662 = DIRECTION('',(-0.,-0.,-1.));
#13663 = DIRECTION('',(-0.,-1.,0.));
#13664 = ADVANCED_FACE('',(#13665),#13671,.T.);
#13665 = FACE_BOUND('',#13666,.T.);
#13666 = EDGE_LOOP('',(#13667,#13668,#13669,#13670));
#13667 = ORIENTED_EDGE('',*,*,#11797,.T.);
#13668 = ORIENTED_EDGE('',*,*,#13654,.T.);
#13669 = ORIENTED_EDGE('',*,*,#12551,.F.);
#13670 = ORIENTED_EDGE('',*,*,#13613,.F.);
#13671 = PLANE('',#13672);
#13672 = AXIS2_PLACEMENT_3D('',#13673,#13674,#13675);
#13673 = CARTESIAN_POINT('',(33.8,3.199999,-4.6E-02));
#13674 = DIRECTION('',(0.,-1.,0.));
#13675 = DIRECTION('',(-1.,0.,0.));
#13676 = ADVANCED_FACE('',(#13677),#13688,.F.);
#13677 = FACE_BOUND('',#13678,.T.);
#13678 = EDGE_LOOP('',(#13679,#13680,#13686,#13687));
#13679 = ORIENTED_EDGE('',*,*,#11822,.T.);
#13680 = ORIENTED_EDGE('',*,*,#13681,.T.);
#13681 = EDGE_CURVE('',#11823,#12577,#13682,.T.);
#13682 = LINE('',#13683,#13684);
#13683 = CARTESIAN_POINT('',(40.5,-0.1,-4.6E-02));
#13684 = VECTOR('',#13685,1.);
#13685 = DIRECTION('',(0.,0.,1.));
#13686 = ORIENTED_EDGE('',*,*,#12576,.F.);
#13687 = ORIENTED_EDGE('',*,*,#13681,.F.);
#13688 = CYLINDRICAL_SURFACE('',#13689,0.6);
#13689 = AXIS2_PLACEMENT_3D('',#13690,#13691,#13692);
#13690 = CARTESIAN_POINT('',(40.5,0.5,-4.6E-02));
#13691 = DIRECTION('',(-0.,-0.,-1.));
#13692 = DIRECTION('',(-0.,-1.,0.));
#13693 = ADVANCED_FACE('',(#13694),#13710,.F.);
#13694 = FACE_BOUND('',#13695,.T.);
#13695 = EDGE_LOOP('',(#13696,#13697,#13703,#13704));
#13696 = ORIENTED_EDGE('',*,*,#11833,.T.);
#13697 = ORIENTED_EDGE('',*,*,#13698,.T.);
#13698 = EDGE_CURVE('',#11836,#12590,#13699,.T.);
#13699 = LINE('',#13700,#13701);
#13700 = CARTESIAN_POINT('',(40.2,3.199999,-4.6E-02));
#13701 = VECTOR('',#13702,1.);
#13702 = DIRECTION('',(0.,0.,1.));
#13703 = ORIENTED_EDGE('',*,*,#12587,.F.);
#13704 = ORIENTED_EDGE('',*,*,#13705,.F.);
#13705 = EDGE_CURVE('',#11834,#12588,#13706,.T.);
#13706 = LINE('',#13707,#13708);
#13707 = CARTESIAN_POINT('',(40.2,2.600001,-4.6E-02));
#13708 = VECTOR('',#13709,1.);
#13709 = DIRECTION('',(0.,0.,1.));
#13710 = CYLINDRICAL_SURFACE('',#13711,0.299999);
#13711 = AXIS2_PLACEMENT_3D('',#13712,#13713,#13714);
#13712 = CARTESIAN_POINT('',(40.2,2.9,-4.6E-02));
#13713 = DIRECTION('',(-0.,0.,-1.));
#13714 = DIRECTION('',(0.,1.,0.));
#13715 = ADVANCED_FACE('',(#13716),#13727,.T.);
#13716 = FACE_BOUND('',#13717,.T.);
#13717 = EDGE_LOOP('',(#13718,#13719,#13720,#13721));
#13718 = ORIENTED_EDGE('',*,*,#11861,.T.);
#13719 = ORIENTED_EDGE('',*,*,#13705,.T.);
#13720 = ORIENTED_EDGE('',*,*,#12615,.F.);
#13721 = ORIENTED_EDGE('',*,*,#13722,.F.);
#13722 = EDGE_CURVE('',#11853,#12607,#13723,.T.);
#13723 = LINE('',#13724,#13725);
#13724 = CARTESIAN_POINT('',(40.8,2.600001,-4.6E-02));
#13725 = VECTOR('',#13726,1.);
#13726 = DIRECTION('',(0.,0.,1.));
#13727 = PLANE('',#13728);
#13728 = AXIS2_PLACEMENT_3D('',#13729,#13730,#13731);
#13729 = CARTESIAN_POINT('',(40.2,2.600001,-4.6E-02));
#13730 = DIRECTION('',(0.,1.,0.));
#13731 = DIRECTION('',(1.,0.,0.));
#13732 = ADVANCED_FACE('',(#13733),#13744,.F.);
#13733 = FACE_BOUND('',#13734,.T.);
#13734 = EDGE_LOOP('',(#13735,#13736,#13737,#13738));
#13735 = ORIENTED_EDGE('',*,*,#11852,.T.);
#13736 = ORIENTED_EDGE('',*,*,#13722,.T.);
#13737 = ORIENTED_EDGE('',*,*,#12606,.F.);
#13738 = ORIENTED_EDGE('',*,*,#13739,.F.);
#13739 = EDGE_CURVE('',#11845,#12599,#13740,.T.);
#13740 = LINE('',#13741,#13742);
#13741 = CARTESIAN_POINT('',(40.8,3.199999,-4.6E-02));
#13742 = VECTOR('',#13743,1.);
#13743 = DIRECTION('',(0.,0.,1.));
#13744 = CYLINDRICAL_SURFACE('',#13745,0.299999);
#13745 = AXIS2_PLACEMENT_3D('',#13746,#13747,#13748);
#13746 = CARTESIAN_POINT('',(40.8,2.9,-4.6E-02));
#13747 = DIRECTION('',(-0.,-0.,-1.));
#13748 = DIRECTION('',(-0.,-1.,0.));
#13749 = ADVANCED_FACE('',(#13750),#13756,.T.);
#13750 = FACE_BOUND('',#13751,.T.);
#13751 = EDGE_LOOP('',(#13752,#13753,#13754,#13755));
#13752 = ORIENTED_EDGE('',*,*,#11844,.T.);
#13753 = ORIENTED_EDGE('',*,*,#13739,.T.);
#13754 = ORIENTED_EDGE('',*,*,#12598,.F.);
#13755 = ORIENTED_EDGE('',*,*,#13698,.F.);
#13756 = PLANE('',#13757);
#13757 = AXIS2_PLACEMENT_3D('',#13758,#13759,#13760);
#13758 = CARTESIAN_POINT('',(40.8,3.199999,-4.6E-02));
#13759 = DIRECTION('',(0.,-1.,0.));
#13760 = DIRECTION('',(-1.,0.,0.));
#13761 = ADVANCED_FACE('',(#13762),#13773,.F.);
#13762 = FACE_BOUND('',#13763,.T.);
#13763 = EDGE_LOOP('',(#13764,#13765,#13771,#13772));
#13764 = ORIENTED_EDGE('',*,*,#11869,.T.);
#13765 = ORIENTED_EDGE('',*,*,#13766,.T.);
#13766 = EDGE_CURVE('',#11870,#12624,#13767,.T.);
#13767 = LINE('',#13768,#13769);
#13768 = CARTESIAN_POINT('',(21.5,8.29,-4.6E-02));
#13769 = VECTOR('',#13770,1.);
#13770 = DIRECTION('',(0.,0.,1.));
#13771 = ORIENTED_EDGE('',*,*,#12623,.F.);
#13772 = ORIENTED_EDGE('',*,*,#13766,.F.);
#13773 = CYLINDRICAL_SURFACE('',#13774,0.4);
#13774 = AXIS2_PLACEMENT_3D('',#13775,#13776,#13777);
#13775 = CARTESIAN_POINT('',(21.5,8.69,-4.6E-02));
#13776 = DIRECTION('',(-0.,-0.,-1.));
#13777 = DIRECTION('',(-0.,-1.,0.));
#13778 = ADVANCED_FACE('',(#13779),#13790,.F.);
#13779 = FACE_BOUND('',#13780,.T.);
#13780 = EDGE_LOOP('',(#13781,#13782,#13788,#13789));
#13781 = ORIENTED_EDGE('',*,*,#11880,.T.);
#13782 = ORIENTED_EDGE('',*,*,#13783,.T.);
#13783 = EDGE_CURVE('',#11881,#12635,#13784,.T.);
#13784 = LINE('',#13785,#13786);
#13785 = CARTESIAN_POINT('',(30.,13.5,-4.6E-02));
#13786 = VECTOR('',#13787,1.);
#13787 = DIRECTION('',(0.,0.,1.));
#13788 = ORIENTED_EDGE('',*,*,#12634,.F.);
#13789 = ORIENTED_EDGE('',*,*,#13783,.F.);
#13790 = CYLINDRICAL_SURFACE('',#13791,0.5);
#13791 = AXIS2_PLACEMENT_3D('',#13792,#13793,#13794);
#13792 = CARTESIAN_POINT('',(30.,14.,-4.6E-02));
#13793 = DIRECTION('',(-0.,-0.,-1.));
#13794 = DIRECTION('',(-0.,-1.,0.));
#13795 = ADVANCED_FACE('',(#13796),#13807,.F.);
#13796 = FACE_BOUND('',#13797,.T.);
#13797 = EDGE_LOOP('',(#13798,#13799,#13805,#13806));
#13798 = ORIENTED_EDGE('',*,*,#11891,.T.);
#13799 = ORIENTED_EDGE('',*,*,#13800,.T.);
#13800 = EDGE_CURVE('',#11892,#12646,#13801,.T.);
#13801 = LINE('',#13802,#13803);
#13802 = CARTESIAN_POINT('',(7.5,14.5,-4.6E-02));
#13803 = VECTOR('',#13804,1.);
#13804 = DIRECTION('',(0.,0.,1.));
#13805 = ORIENTED_EDGE('',*,*,#12645,.F.);
#13806 = ORIENTED_EDGE('',*,*,#13800,.F.);
#13807 = CYLINDRICAL_SURFACE('',#13808,0.5);
#13808 = AXIS2_PLACEMENT_3D('',#13809,#13810,#13811);
#13809 = CARTESIAN_POINT('',(7.5,15.,-4.6E-02));
#13810 = DIRECTION('',(-0.,-0.,-1.));
#13811 = DIRECTION('',(-0.,-1.,0.));
#13812 = ADVANCED_FACE('',(#13813),#13824,.F.);
#13813 = FACE_BOUND('',#13814,.T.);
#13814 = EDGE_LOOP('',(#13815,#13816,#13822,#13823));
#13815 = ORIENTED_EDGE('',*,*,#11902,.T.);
#13816 = ORIENTED_EDGE('',*,*,#13817,.T.);
#13817 = EDGE_CURVE('',#11903,#12657,#13818,.T.);
#13818 = LINE('',#13819,#13820);
#13819 = CARTESIAN_POINT('',(13.5,16.295,-4.6E-02));
#13820 = VECTOR('',#13821,1.);
#13821 = DIRECTION('',(0.,0.,1.));
#13822 = ORIENTED_EDGE('',*,*,#12656,.F.);
#13823 = ORIENTED_EDGE('',*,*,#13817,.F.);
#13824 = CYLINDRICAL_SURFACE('',#13825,0.4);
#13825 = AXIS2_PLACEMENT_3D('',#13826,#13827,#13828);
#13826 = CARTESIAN_POINT('',(13.5,16.695,-4.6E-02));
#13827 = DIRECTION('',(-0.,-0.,-1.));
#13828 = DIRECTION('',(-0.,-1.,0.));
#13829 = ADVANCED_FACE('',(#13830),#13841,.F.);
#13830 = FACE_BOUND('',#13831,.T.);
#13831 = EDGE_LOOP('',(#13832,#13833,#13839,#13840));
#13832 = ORIENTED_EDGE('',*,*,#11913,.T.);
#13833 = ORIENTED_EDGE('',*,*,#13834,.T.);
#13834 = EDGE_CURVE('',#11914,#12668,#13835,.T.);
#13835 = LINE('',#13836,#13837);
#13836 = CARTESIAN_POINT('',(8.,23.6,-4.6E-02));
#13837 = VECTOR('',#13838,1.);
#13838 = DIRECTION('',(0.,0.,1.));
#13839 = ORIENTED_EDGE('',*,*,#12667,.F.);
#13840 = ORIENTED_EDGE('',*,*,#13834,.F.);
#13841 = CYLINDRICAL_SURFACE('',#13842,0.4);
#13842 = AXIS2_PLACEMENT_3D('',#13843,#13844,#13845);
#13843 = CARTESIAN_POINT('',(8.,24.,-4.6E-02));
#13844 = DIRECTION('',(-0.,-0.,-1.));
#13845 = DIRECTION('',(-0.,-1.,0.));
#13846 = ADVANCED_FACE('',(#13847),#13858,.F.);
#13847 = FACE_BOUND('',#13848,.T.);
#13848 = EDGE_LOOP('',(#13849,#13850,#13856,#13857));
#13849 = ORIENTED_EDGE('',*,*,#11924,.T.);
#13850 = ORIENTED_EDGE('',*,*,#13851,.T.);
#13851 = EDGE_CURVE('',#11925,#12679,#13852,.T.);
#13852 = LINE('',#13853,#13854);
#13853 = CARTESIAN_POINT('',(8.,26.1,-4.6E-02));
#13854 = VECTOR('',#13855,1.);
#13855 = DIRECTION('',(0.,0.,1.));
#13856 = ORIENTED_EDGE('',*,*,#12678,.F.);
#13857 = ORIENTED_EDGE('',*,*,#13851,.F.);
#13858 = CYLINDRICAL_SURFACE('',#13859,0.4);
#13859 = AXIS2_PLACEMENT_3D('',#13860,#13861,#13862);
#13860 = CARTESIAN_POINT('',(8.,26.5,-4.6E-02));
#13861 = DIRECTION('',(-0.,-0.,-1.));
#13862 = DIRECTION('',(-0.,-1.,0.));
#13863 = ADVANCED_FACE('',(#13864),#13875,.F.);
#13864 = FACE_BOUND('',#13865,.T.);
#13865 = EDGE_LOOP('',(#13866,#13867,#13873,#13874));
#13866 = ORIENTED_EDGE('',*,*,#11935,.T.);
#13867 = ORIENTED_EDGE('',*,*,#13868,.T.);
#13868 = EDGE_CURVE('',#11936,#12690,#13869,.T.);
#13869 = LINE('',#13870,#13871);
#13870 = CARTESIAN_POINT('',(19.5,23.91762,-4.6E-02));
#13871 = VECTOR('',#13872,1.);
#13872 = DIRECTION('',(0.,0.,1.));
#13873 = ORIENTED_EDGE('',*,*,#12689,.F.);
#13874 = ORIENTED_EDGE('',*,*,#13868,.F.);
#13875 = CYLINDRICAL_SURFACE('',#13876,0.4);
#13876 = AXIS2_PLACEMENT_3D('',#13877,#13878,#13879);
#13877 = CARTESIAN_POINT('',(19.5,24.31762,-4.6E-02));
#13878 = DIRECTION('',(-0.,-0.,-1.));
#13879 = DIRECTION('',(-0.,-1.,0.));
#13880 = ADVANCED_FACE('',(#13881),#13892,.F.);
#13881 = FACE_BOUND('',#13882,.T.);
#13882 = EDGE_LOOP('',(#13883,#13884,#13890,#13891));
#13883 = ORIENTED_EDGE('',*,*,#11946,.T.);
#13884 = ORIENTED_EDGE('',*,*,#13885,.T.);
#13885 = EDGE_CURVE('',#11947,#12701,#13886,.T.);
#13886 = LINE('',#13887,#13888);
#13887 = CARTESIAN_POINT('',(19.5,26.41762,-4.6E-02));
#13888 = VECTOR('',#13889,1.);
#13889 = DIRECTION('',(0.,0.,1.));
#13890 = ORIENTED_EDGE('',*,*,#12700,.F.);
#13891 = ORIENTED_EDGE('',*,*,#13885,.F.);
#13892 = CYLINDRICAL_SURFACE('',#13893,0.4);
#13893 = AXIS2_PLACEMENT_3D('',#13894,#13895,#13896);
#13894 = CARTESIAN_POINT('',(19.5,26.81762,-4.6E-02));
#13895 = DIRECTION('',(-0.,-0.,-1.));
#13896 = DIRECTION('',(-0.,-1.,0.));
#13897 = ADVANCED_FACE('',(#13898),#13909,.F.);
#13898 = FACE_BOUND('',#13899,.T.);
#13899 = EDGE_LOOP('',(#13900,#13901,#13907,#13908));
#13900 = ORIENTED_EDGE('',*,*,#11957,.T.);
#13901 = ORIENTED_EDGE('',*,*,#13902,.T.);
#13902 = EDGE_CURVE('',#11958,#12712,#13903,.T.);
#13903 = LINE('',#13904,#13905);
#13904 = CARTESIAN_POINT('',(21.5,15.91,-4.6E-02));
#13905 = VECTOR('',#13906,1.);
#13906 = DIRECTION('',(0.,0.,1.));
#13907 = ORIENTED_EDGE('',*,*,#12711,.F.);
#13908 = ORIENTED_EDGE('',*,*,#13902,.F.);
#13909 = CYLINDRICAL_SURFACE('',#13910,0.4);
#13910 = AXIS2_PLACEMENT_3D('',#13911,#13912,#13913);
#13911 = CARTESIAN_POINT('',(21.5,16.31,-4.6E-02));
#13912 = DIRECTION('',(-0.,-0.,-1.));
#13913 = DIRECTION('',(-0.,-1.,0.));
#13914 = ADVANCED_FACE('',(#13915),#13926,.F.);
#13915 = FACE_BOUND('',#13916,.T.);
#13916 = EDGE_LOOP('',(#13917,#13918,#13924,#13925));
#13917 = ORIENTED_EDGE('',*,*,#11968,.T.);
#13918 = ORIENTED_EDGE('',*,*,#13919,.T.);
#13919 = EDGE_CURVE('',#11969,#12723,#13920,.T.);
#13920 = LINE('',#13921,#13922);
#13921 = CARTESIAN_POINT('',(30.,16.04,-4.6E-02));
#13922 = VECTOR('',#13923,1.);
#13923 = DIRECTION('',(0.,0.,1.));
#13924 = ORIENTED_EDGE('',*,*,#12722,.F.);
#13925 = ORIENTED_EDGE('',*,*,#13919,.F.);
#13926 = CYLINDRICAL_SURFACE('',#13927,0.5);
#13927 = AXIS2_PLACEMENT_3D('',#13928,#13929,#13930);
#13928 = CARTESIAN_POINT('',(30.,16.54,-4.6E-02));
#13929 = DIRECTION('',(-0.,-0.,-1.));
#13930 = DIRECTION('',(-0.,-1.,0.));
#13931 = ADVANCED_FACE('',(#13932),#13943,.F.);
#13932 = FACE_BOUND('',#13933,.T.);
#13933 = EDGE_LOOP('',(#13934,#13935,#13941,#13942));
#13934 = ORIENTED_EDGE('',*,*,#11979,.T.);
#13935 = ORIENTED_EDGE('',*,*,#13936,.T.);
#13936 = EDGE_CURVE('',#11980,#12734,#13937,.T.);
#13937 = LINE('',#13938,#13939);
#13938 = CARTESIAN_POINT('',(37.5,25.65,-4.6E-02));
#13939 = VECTOR('',#13940,1.);
#13940 = DIRECTION('',(0.,0.,1.));
#13941 = ORIENTED_EDGE('',*,*,#12733,.F.);
#13942 = ORIENTED_EDGE('',*,*,#13936,.F.);
#13943 = CYLINDRICAL_SURFACE('',#13944,1.35);
#13944 = AXIS2_PLACEMENT_3D('',#13945,#13946,#13947);
#13945 = CARTESIAN_POINT('',(37.5,27.,-4.6E-02));
#13946 = DIRECTION('',(-0.,-0.,-1.));
#13947 = DIRECTION('',(-0.,-1.,0.));
#13948 = ( GEOMETRIC_REPRESENTATION_CONTEXT(3) 
GLOBAL_UNCERTAINTY_ASSIGNED_CONTEXT((#13952)) 
GLOBAL_UNIT_ASSIGNED_CONTEXT((#13949,#13950,#13951)) 
REPRESENTATION_CONTEXT('Context #1',
  '3D Context with UNIT and UNCERTAINTY') );
#13949 = ( LENGTH_UNIT() NAMED_UNIT(*) SI_UNIT(.MILLI.,.METRE.) );
#13950 = ( NAMED_UNIT(*) PLANE_ANGLE_UNIT() SI_UNIT($,.RADIAN.) );
#13951 = ( NAMED_UNIT(*) SI_UNIT($,.STERADIAN.) SOLID_ANGLE_UNIT() );
#13952 = UNCERTAINTY_MEASURE_WITH_UNIT(LENGTH_MEASURE(1.E-07),#13949,
  'distance_accuracy_value','confusion accuracy');
#13953 = CONTEXT_DEPENDENT_SHAPE_REPRESENTATION(#13954,#13956);
#13954 = ( REPRESENTATION_RELATIONSHIP('','',#11131,#10) 
REPRESENTATION_RELATIONSHIP_WITH_TRANSFORMATION(#13955) 
SHAPE_REPRESENTATION_RELATIONSHIP() );
#13955 = ITEM_DEFINED_TRANSFORMATION('','',#11,#67);
#13956 = PRODUCT_DEFINITION_SHAPE('Placement','Placement of an item',
  #13957);
#13957 = NEXT_ASSEMBLY_USAGE_OCCURRENCE('19','=>[0:1:1:12]','',#5,#11126
  ,$);
#13958 = PRODUCT_RELATED_PRODUCT_CATEGORY('part',$,(#11128));
#13959 = MECHANICAL_DESIGN_GEOMETRIC_PRESENTATION_REPRESENTATION('',(
    #13960,#13968,#13975,#13982,#13989,#13996,#14004,#14011,#14018,
    #14025,#14032,#14039,#14046,#14053,#14060),#11083);
#13960 = STYLED_ITEM('color',(#13961),#10422);
#13961 = PRESENTATION_STYLE_ASSIGNMENT((#13962));
#13962 = SURFACE_STYLE_USAGE(.BOTH.,#13963);
#13963 = SURFACE_SIDE_STYLE('',(#13964));
#13964 = SURFACE_STYLE_FILL_AREA(#13965);
#13965 = FILL_AREA_STYLE('',(#13966));
#13966 = FILL_AREA_STYLE_COLOUR('',#13967);
#13967 = COLOUR_RGB('',0.883000012551,0.711000022565,0.492000011028);
#13968 = STYLED_ITEM('color',(#13969),#10455);
#13969 = PRESENTATION_STYLE_ASSIGNMENT((#13970));
#13970 = SURFACE_STYLE_USAGE(.BOTH.,#13971);
#13971 = SURFACE_SIDE_STYLE('',(#13972));
#13972 = SURFACE_STYLE_FILL_AREA(#13973);
#13973 = FILL_AREA_STYLE('',(#13974));
#13974 = FILL_AREA_STYLE_COLOUR('',#13967);
#13975 = STYLED_ITEM('color',(#13976),#10481);
#13976 = PRESENTATION_STYLE_ASSIGNMENT((#13977));
#13977 = SURFACE_STYLE_USAGE(.BOTH.,#13978);
#13978 = SURFACE_SIDE_STYLE('',(#13979));
#13979 = SURFACE_STYLE_FILL_AREA(#13980);
#13980 = FILL_AREA_STYLE('',(#13981));
#13981 = FILL_AREA_STYLE_COLOUR('',#13967);
#13982 = STYLED_ITEM('color',(#13983),#10501);
#13983 = PRESENTATION_STYLE_ASSIGNMENT((#13984));
#13984 = SURFACE_STYLE_USAGE(.BOTH.,#13985);
#13985 = SURFACE_SIDE_STYLE('',(#13986));
#13986 = SURFACE_STYLE_FILL_AREA(#13987);
#13987 = FILL_AREA_STYLE('',(#13988));
#13988 = FILL_AREA_STYLE_COLOUR('',#13967);
#13989 = STYLED_ITEM('color',(#13990),#10684);
#13990 = PRESENTATION_STYLE_ASSIGNMENT((#13991));
#13991 = SURFACE_STYLE_USAGE(.BOTH.,#13992);
#13992 = SURFACE_SIDE_STYLE('',(#13993));
#13993 = SURFACE_STYLE_FILL_AREA(#13994);
#13994 = FILL_AREA_STYLE('',(#13995));
#13995 = FILL_AREA_STYLE_COLOUR('',#13967);
#13996 = STYLED_ITEM('color',(#13997),#10709);
#13997 = PRESENTATION_STYLE_ASSIGNMENT((#13998));
#13998 = SURFACE_STYLE_USAGE(.BOTH.,#13999);
#13999 = SURFACE_SIDE_STYLE('',(#14000));
#14000 = SURFACE_STYLE_FILL_AREA(#14001);
#14001 = FILL_AREA_STYLE('',(#14002));
#14002 = FILL_AREA_STYLE_COLOUR('',#14003);
#14003 = COLOUR_RGB('',0.823999987314,0.819999987296,0.781000009244);
#14004 = STYLED_ITEM('color',(#14005),#10735);
#14005 = PRESENTATION_STYLE_ASSIGNMENT((#14006));
#14006 = SURFACE_STYLE_USAGE(.BOTH.,#14007);
#14007 = SURFACE_SIDE_STYLE('',(#14008));
#14008 = SURFACE_STYLE_FILL_AREA(#14009);
#14009 = FILL_AREA_STYLE('',(#14010));
#14010 = FILL_AREA_STYLE_COLOUR('',#13967);
#14011 = STYLED_ITEM('color',(#14012),#10755);
#14012 = PRESENTATION_STYLE_ASSIGNMENT((#14013));
#14013 = SURFACE_STYLE_USAGE(.BOTH.,#14014);
#14014 = SURFACE_SIDE_STYLE('',(#14015));
#14015 = SURFACE_STYLE_FILL_AREA(#14016);
#14016 = FILL_AREA_STYLE('',(#14017));
#14017 = FILL_AREA_STYLE_COLOUR('',#14003);
#14018 = STYLED_ITEM('color',(#14019),#10780);
#14019 = PRESENTATION_STYLE_ASSIGNMENT((#14020));
#14020 = SURFACE_STYLE_USAGE(.BOTH.,#14021);
#14021 = SURFACE_SIDE_STYLE('',(#14022));
#14022 = SURFACE_STYLE_FILL_AREA(#14023);
#14023 = FILL_AREA_STYLE('',(#14024));
#14024 = FILL_AREA_STYLE_COLOUR('',#13967);
#14025 = STYLED_ITEM('color',(#14026),#10805);
#14026 = PRESENTATION_STYLE_ASSIGNMENT((#14027));
#14027 = SURFACE_STYLE_USAGE(.BOTH.,#14028);
#14028 = SURFACE_SIDE_STYLE('',(#14029));
#14029 = SURFACE_STYLE_FILL_AREA(#14030);
#14030 = FILL_AREA_STYLE('',(#14031));
#14031 = FILL_AREA_STYLE_COLOUR('',#14003);
#14032 = STYLED_ITEM('color',(#14033),#10814);
#14033 = PRESENTATION_STYLE_ASSIGNMENT((#14034));
#14034 = SURFACE_STYLE_USAGE(.BOTH.,#14035);
#14035 = SURFACE_SIDE_STYLE('',(#14036));
#14036 = SURFACE_STYLE_FILL_AREA(#14037);
#14037 = FILL_AREA_STYLE('',(#14038));
#14038 = FILL_AREA_STYLE_COLOUR('',#13967);
#14039 = STYLED_ITEM('color',(#14040),#10840);
#14040 = PRESENTATION_STYLE_ASSIGNMENT((#14041));
#14041 = SURFACE_STYLE_USAGE(.BOTH.,#14042);
#14042 = SURFACE_SIDE_STYLE('',(#14043));
#14043 = SURFACE_STYLE_FILL_AREA(#14044);
#14044 = FILL_AREA_STYLE('',(#14045));
#14045 = FILL_AREA_STYLE_COLOUR('',#13967);
#14046 = STYLED_ITEM('color',(#14047),#11023);
#14047 = PRESENTATION_STYLE_ASSIGNMENT((#14048));
#14048 = SURFACE_STYLE_USAGE(.BOTH.,#14049);
#14049 = SURFACE_SIDE_STYLE('',(#14050));
#14050 = SURFACE_STYLE_FILL_AREA(#14051);
#14051 = FILL_AREA_STYLE('',(#14052));
#14052 = FILL_AREA_STYLE_COLOUR('',#14003);
#14053 = STYLED_ITEM('color',(#14054),#11049);
#14054 = PRESENTATION_STYLE_ASSIGNMENT((#14055));
#14055 = SURFACE_STYLE_USAGE(.BOTH.,#14056);
#14056 = SURFACE_SIDE_STYLE('',(#14057));
#14057 = SURFACE_STYLE_FILL_AREA(#14058);
#14058 = FILL_AREA_STYLE('',(#14059));
#14059 = FILL_AREA_STYLE_COLOUR('',#14003);
#14060 = STYLED_ITEM('color',(#14061),#11074);
#14061 = PRESENTATION_STYLE_ASSIGNMENT((#14062));
#14062 = SURFACE_STYLE_USAGE(.BOTH.,#14063);
#14063 = SURFACE_SIDE_STYLE('',(#14064));
#14064 = SURFACE_STYLE_FILL_AREA(#14065);
#14065 = FILL_AREA_STYLE('',(#14066));
#14066 = FILL_AREA_STYLE_COLOUR('',#14003);
#14067 = MECHANICAL_DESIGN_GEOMETRIC_PRESENTATION_REPRESENTATION('',(
    #14068,#14076,#14083,#14090,#14097,#14104,#14111,#14118,#14125,
    #14132,#14139,#14146,#14153,#14160,#14167,#14174,#14181,#14188,
    #14195,#14202,#14209,#14216,#14223,#14230,#14237,#14244,#14251,
    #14258,#14265,#14272,#14279,#14286,#14293,#14300,#14307,#14314,
    #14321,#14328,#14335,#14342,#14349,#14356,#14363,#14370,#14377,
    #14384,#14391,#14398,#14405,#14412,#14419,#14426,#14433,#14440,
    #14447,#14454,#14461,#14468,#14475,#14482,#14489,#14496,#14503,
    #14510,#14517,#14524,#14531,#14538,#14545,#14552,#14559,#14566,
    #14573,#14580,#14587,#14594,#14601,#14608,#14615,#14622,#14629,
    #14636,#14643,#14650,#14657,#14664,#14671,#14678,#14685,#14692,
    #14699,#14706,#14713,#14720,#14727,#14734,#14741,#14748,#14755,
    #14762,#14769,#14776,#14783,#14790,#14797,#14804,#14811,#14818,
    #14825,#14832,#14839,#14846,#14853,#14860,#14867,#14874,#14881,
    #14888,#14895,#14902,#14909,#14916,#14923,#14930,#14937,#14944,
    #14951,#14958,#14965,#14972,#14979,#14986,#14993,#15000,#15007,
    #15014,#15021,#15028,#15035,#15042,#15049,#15056,#15063,#15070,
    #15077,#15084,#15091,#15098),#6746);
#14068 = STYLED_ITEM('color',(#14069),#1976);
#14069 = PRESENTATION_STYLE_ASSIGNMENT((#14070));
#14070 = SURFACE_STYLE_USAGE(.BOTH.,#14071);
#14071 = SURFACE_SIDE_STYLE('',(#14072));
#14072 = SURFACE_STYLE_FILL_AREA(#14073);
#14073 = FILL_AREA_STYLE('',(#14074));
#14074 = FILL_AREA_STYLE_COLOUR('',#14075);
#14075 = COLOUR_RGB('',0.147999998088,0.144999993226,0.144999993226);
#14076 = STYLED_ITEM('color',(#14077),#2016);
#14077 = PRESENTATION_STYLE_ASSIGNMENT((#14078));
#14078 = SURFACE_STYLE_USAGE(.BOTH.,#14079);
#14079 = SURFACE_SIDE_STYLE('',(#14080));
#14080 = SURFACE_STYLE_FILL_AREA(#14081);
#14081 = FILL_AREA_STYLE('',(#14082));
#14082 = FILL_AREA_STYLE_COLOUR('',#14075);
#14083 = STYLED_ITEM('color',(#14084),#2109);
#14084 = PRESENTATION_STYLE_ASSIGNMENT((#14085));
#14085 = SURFACE_STYLE_USAGE(.BOTH.,#14086);
#14086 = SURFACE_SIDE_STYLE('',(#14087));
#14087 = SURFACE_STYLE_FILL_AREA(#14088);
#14088 = FILL_AREA_STYLE('',(#14089));
#14089 = FILL_AREA_STYLE_COLOUR('',#14075);
#14090 = STYLED_ITEM('color',(#14091),#2132);
#14091 = PRESENTATION_STYLE_ASSIGNMENT((#14092));
#14092 = SURFACE_STYLE_USAGE(.BOTH.,#14093);
#14093 = SURFACE_SIDE_STYLE('',(#14094));
#14094 = SURFACE_STYLE_FILL_AREA(#14095);
#14095 = FILL_AREA_STYLE('',(#14096));
#14096 = FILL_AREA_STYLE_COLOUR('',#14075);
#14097 = STYLED_ITEM('color',(#14098),#2219);
#14098 = PRESENTATION_STYLE_ASSIGNMENT((#14099));
#14099 = SURFACE_STYLE_USAGE(.BOTH.,#14100);
#14100 = SURFACE_SIDE_STYLE('',(#14101));
#14101 = SURFACE_STYLE_FILL_AREA(#14102);
#14102 = FILL_AREA_STYLE('',(#14103));
#14103 = FILL_AREA_STYLE_COLOUR('',#14075);
#14104 = STYLED_ITEM('color',(#14105),#2236);
#14105 = PRESENTATION_STYLE_ASSIGNMENT((#14106));
#14106 = SURFACE_STYLE_USAGE(.BOTH.,#14107);
#14107 = SURFACE_SIDE_STYLE('',(#14108));
#14108 = SURFACE_STYLE_FILL_AREA(#14109);
#14109 = FILL_AREA_STYLE('',(#14110));
#14110 = FILL_AREA_STYLE_COLOUR('',#14075);
#14111 = STYLED_ITEM('color',(#14112),#2266);
#14112 = PRESENTATION_STYLE_ASSIGNMENT((#14113));
#14113 = SURFACE_STYLE_USAGE(.BOTH.,#14114);
#14114 = SURFACE_SIDE_STYLE('',(#14115));
#14115 = SURFACE_STYLE_FILL_AREA(#14116);
#14116 = FILL_AREA_STYLE('',(#14117));
#14117 = FILL_AREA_STYLE_COLOUR('',#14075);
#14118 = STYLED_ITEM('color',(#14119),#2296);
#14119 = PRESENTATION_STYLE_ASSIGNMENT((#14120));
#14120 = SURFACE_STYLE_USAGE(.BOTH.,#14121);
#14121 = SURFACE_SIDE_STYLE('',(#14122));
#14122 = SURFACE_STYLE_FILL_AREA(#14123);
#14123 = FILL_AREA_STYLE('',(#14124));
#14124 = FILL_AREA_STYLE_COLOUR('',#14003);
#14125 = STYLED_ITEM('color',(#14126),#2327);
#14126 = PRESENTATION_STYLE_ASSIGNMENT((#14127));
#14127 = SURFACE_STYLE_USAGE(.BOTH.,#14128);
#14128 = SURFACE_SIDE_STYLE('',(#14129));
#14129 = SURFACE_STYLE_FILL_AREA(#14130);
#14130 = FILL_AREA_STYLE('',(#14131));
#14131 = FILL_AREA_STYLE_COLOUR('',#14003);
#14132 = STYLED_ITEM('color',(#14133),#2358);
#14133 = PRESENTATION_STYLE_ASSIGNMENT((#14134));
#14134 = SURFACE_STYLE_USAGE(.BOTH.,#14135);
#14135 = SURFACE_SIDE_STYLE('',(#14136));
#14136 = SURFACE_STYLE_FILL_AREA(#14137);
#14137 = FILL_AREA_STYLE('',(#14138));
#14138 = FILL_AREA_STYLE_COLOUR('',#14075);
#14139 = STYLED_ITEM('color',(#14140),#2389);
#14140 = PRESENTATION_STYLE_ASSIGNMENT((#14141));
#14141 = SURFACE_STYLE_USAGE(.BOTH.,#14142);
#14142 = SURFACE_SIDE_STYLE('',(#14143));
#14143 = SURFACE_STYLE_FILL_AREA(#14144);
#14144 = FILL_AREA_STYLE('',(#14145));
#14145 = FILL_AREA_STYLE_COLOUR('',#14075);
#14146 = STYLED_ITEM('color',(#14147),#2420);
#14147 = PRESENTATION_STYLE_ASSIGNMENT((#14148));
#14148 = SURFACE_STYLE_USAGE(.BOTH.,#14149);
#14149 = SURFACE_SIDE_STYLE('',(#14150));
#14150 = SURFACE_STYLE_FILL_AREA(#14151);
#14151 = FILL_AREA_STYLE('',(#14152));
#14152 = FILL_AREA_STYLE_COLOUR('',#14003);
#14153 = STYLED_ITEM('color',(#14154),#2451);
#14154 = PRESENTATION_STYLE_ASSIGNMENT((#14155));
#14155 = SURFACE_STYLE_USAGE(.BOTH.,#14156);
#14156 = SURFACE_SIDE_STYLE('',(#14157));
#14157 = SURFACE_STYLE_FILL_AREA(#14158);
#14158 = FILL_AREA_STYLE('',(#14159));
#14159 = FILL_AREA_STYLE_COLOUR('',#14003);
#14160 = STYLED_ITEM('color',(#14161),#2482);
#14161 = PRESENTATION_STYLE_ASSIGNMENT((#14162));
#14162 = SURFACE_STYLE_USAGE(.BOTH.,#14163);
#14163 = SURFACE_SIDE_STYLE('',(#14164));
#14164 = SURFACE_STYLE_FILL_AREA(#14165);
#14165 = FILL_AREA_STYLE('',(#14166));
#14166 = FILL_AREA_STYLE_COLOUR('',#14075);
#14167 = STYLED_ITEM('color',(#14168),#2513);
#14168 = PRESENTATION_STYLE_ASSIGNMENT((#14169));
#14169 = SURFACE_STYLE_USAGE(.BOTH.,#14170);
#14170 = SURFACE_SIDE_STYLE('',(#14171));
#14171 = SURFACE_STYLE_FILL_AREA(#14172);
#14172 = FILL_AREA_STYLE('',(#14173));
#14173 = FILL_AREA_STYLE_COLOUR('',#14075);
#14174 = STYLED_ITEM('color',(#14175),#2536);
#14175 = PRESENTATION_STYLE_ASSIGNMENT((#14176));
#14176 = SURFACE_STYLE_USAGE(.BOTH.,#14177);
#14177 = SURFACE_SIDE_STYLE('',(#14178));
#14178 = SURFACE_STYLE_FILL_AREA(#14179);
#14179 = FILL_AREA_STYLE('',(#14180));
#14180 = FILL_AREA_STYLE_COLOUR('',#14075);
#14181 = STYLED_ITEM('color',(#14182),#2560);
#14182 = PRESENTATION_STYLE_ASSIGNMENT((#14183));
#14183 = SURFACE_STYLE_USAGE(.BOTH.,#14184);
#14184 = SURFACE_SIDE_STYLE('',(#14185));
#14185 = SURFACE_STYLE_FILL_AREA(#14186);
#14186 = FILL_AREA_STYLE('',(#14187));
#14187 = FILL_AREA_STYLE_COLOUR('',#14075);
#14188 = STYLED_ITEM('color',(#14189),#2590);
#14189 = PRESENTATION_STYLE_ASSIGNMENT((#14190));
#14190 = SURFACE_STYLE_USAGE(.BOTH.,#14191);
#14191 = SURFACE_SIDE_STYLE('',(#14192));
#14192 = SURFACE_STYLE_FILL_AREA(#14193);
#14193 = FILL_AREA_STYLE('',(#14194));
#14194 = FILL_AREA_STYLE_COLOUR('',#14003);
#14195 = STYLED_ITEM('color',(#14196),#2621);
#14196 = PRESENTATION_STYLE_ASSIGNMENT((#14197));
#14197 = SURFACE_STYLE_USAGE(.BOTH.,#14198);
#14198 = SURFACE_SIDE_STYLE('',(#14199));
#14199 = SURFACE_STYLE_FILL_AREA(#14200);
#14200 = FILL_AREA_STYLE('',(#14201));
#14201 = FILL_AREA_STYLE_COLOUR('',#14003);
#14202 = STYLED_ITEM('color',(#14203),#2652);
#14203 = PRESENTATION_STYLE_ASSIGNMENT((#14204));
#14204 = SURFACE_STYLE_USAGE(.BOTH.,#14205);
#14205 = SURFACE_SIDE_STYLE('',(#14206));
#14206 = SURFACE_STYLE_FILL_AREA(#14207);
#14207 = FILL_AREA_STYLE('',(#14208));
#14208 = FILL_AREA_STYLE_COLOUR('',#14075);
#14209 = STYLED_ITEM('color',(#14210),#2683);
#14210 = PRESENTATION_STYLE_ASSIGNMENT((#14211));
#14211 = SURFACE_STYLE_USAGE(.BOTH.,#14212);
#14212 = SURFACE_SIDE_STYLE('',(#14213));
#14213 = SURFACE_STYLE_FILL_AREA(#14214);
#14214 = FILL_AREA_STYLE('',(#14215));
#14215 = FILL_AREA_STYLE_COLOUR('',#14075);
#14216 = STYLED_ITEM('color',(#14217),#2714);
#14217 = PRESENTATION_STYLE_ASSIGNMENT((#14218));
#14218 = SURFACE_STYLE_USAGE(.BOTH.,#14219);
#14219 = SURFACE_SIDE_STYLE('',(#14220));
#14220 = SURFACE_STYLE_FILL_AREA(#14221);
#14221 = FILL_AREA_STYLE('',(#14222));
#14222 = FILL_AREA_STYLE_COLOUR('',#14003);
#14223 = STYLED_ITEM('color',(#14224),#2745);
#14224 = PRESENTATION_STYLE_ASSIGNMENT((#14225));
#14225 = SURFACE_STYLE_USAGE(.BOTH.,#14226);
#14226 = SURFACE_SIDE_STYLE('',(#14227));
#14227 = SURFACE_STYLE_FILL_AREA(#14228);
#14228 = FILL_AREA_STYLE('',(#14229));
#14229 = FILL_AREA_STYLE_COLOUR('',#14003);
#14230 = STYLED_ITEM('color',(#14231),#2776);
#14231 = PRESENTATION_STYLE_ASSIGNMENT((#14232));
#14232 = SURFACE_STYLE_USAGE(.BOTH.,#14233);
#14233 = SURFACE_SIDE_STYLE('',(#14234));
#14234 = SURFACE_STYLE_FILL_AREA(#14235);
#14235 = FILL_AREA_STYLE('',(#14236));
#14236 = FILL_AREA_STYLE_COLOUR('',#14075);
#14237 = STYLED_ITEM('color',(#14238),#2807);
#14238 = PRESENTATION_STYLE_ASSIGNMENT((#14239));
#14239 = SURFACE_STYLE_USAGE(.BOTH.,#14240);
#14240 = SURFACE_SIDE_STYLE('',(#14241));
#14241 = SURFACE_STYLE_FILL_AREA(#14242);
#14242 = FILL_AREA_STYLE('',(#14243));
#14243 = FILL_AREA_STYLE_COLOUR('',#14075);
#14244 = STYLED_ITEM('color',(#14245),#2824);
#14245 = PRESENTATION_STYLE_ASSIGNMENT((#14246));
#14246 = SURFACE_STYLE_USAGE(.BOTH.,#14247);
#14247 = SURFACE_SIDE_STYLE('',(#14248));
#14248 = SURFACE_STYLE_FILL_AREA(#14249);
#14249 = FILL_AREA_STYLE('',(#14250));
#14250 = FILL_AREA_STYLE_COLOUR('',#14075);
#14251 = STYLED_ITEM('color',(#14252),#2854);
#14252 = PRESENTATION_STYLE_ASSIGNMENT((#14253));
#14253 = SURFACE_STYLE_USAGE(.BOTH.,#14254);
#14254 = SURFACE_SIDE_STYLE('',(#14255));
#14255 = SURFACE_STYLE_FILL_AREA(#14256);
#14256 = FILL_AREA_STYLE('',(#14257));
#14257 = FILL_AREA_STYLE_COLOUR('',#14003);
#14258 = STYLED_ITEM('color',(#14259),#2912);
#14259 = PRESENTATION_STYLE_ASSIGNMENT((#14260));
#14260 = SURFACE_STYLE_USAGE(.BOTH.,#14261);
#14261 = SURFACE_SIDE_STYLE('',(#14262));
#14262 = SURFACE_STYLE_FILL_AREA(#14263);
#14263 = FILL_AREA_STYLE('',(#14264));
#14264 = FILL_AREA_STYLE_COLOUR('',#14003);
#14265 = STYLED_ITEM('color',(#14266),#2970);
#14266 = PRESENTATION_STYLE_ASSIGNMENT((#14267));
#14267 = SURFACE_STYLE_USAGE(.BOTH.,#14268);
#14268 = SURFACE_SIDE_STYLE('',(#14269));
#14269 = SURFACE_STYLE_FILL_AREA(#14270);
#14270 = FILL_AREA_STYLE('',(#14271));
#14271 = FILL_AREA_STYLE_COLOUR('',#14075);
#14272 = STYLED_ITEM('color',(#14273),#3000);
#14273 = PRESENTATION_STYLE_ASSIGNMENT((#14274));
#14274 = SURFACE_STYLE_USAGE(.BOTH.,#14275);
#14275 = SURFACE_SIDE_STYLE('',(#14276));
#14276 = SURFACE_STYLE_FILL_AREA(#14277);
#14277 = FILL_AREA_STYLE('',(#14278));
#14278 = FILL_AREA_STYLE_COLOUR('',#14003);
#14279 = STYLED_ITEM('color',(#14280),#3058);
#14280 = PRESENTATION_STYLE_ASSIGNMENT((#14281));
#14281 = SURFACE_STYLE_USAGE(.BOTH.,#14282);
#14282 = SURFACE_SIDE_STYLE('',(#14283));
#14283 = SURFACE_STYLE_FILL_AREA(#14284);
#14284 = FILL_AREA_STYLE('',(#14285));
#14285 = FILL_AREA_STYLE_COLOUR('',#14003);
#14286 = STYLED_ITEM('color',(#14287),#3075);
#14287 = PRESENTATION_STYLE_ASSIGNMENT((#14288));
#14288 = SURFACE_STYLE_USAGE(.BOTH.,#14289);
#14289 = SURFACE_SIDE_STYLE('',(#14290));
#14290 = SURFACE_STYLE_FILL_AREA(#14291);
#14291 = FILL_AREA_STYLE('',(#14292));
#14292 = FILL_AREA_STYLE_COLOUR('',#14003);
#14293 = STYLED_ITEM('color',(#14294),#3100);
#14294 = PRESENTATION_STYLE_ASSIGNMENT((#14295));
#14295 = SURFACE_STYLE_USAGE(.BOTH.,#14296);
#14296 = SURFACE_SIDE_STYLE('',(#14297));
#14297 = SURFACE_STYLE_FILL_AREA(#14298);
#14298 = FILL_AREA_STYLE('',(#14299));
#14299 = FILL_AREA_STYLE_COLOUR('',#14003);
#14300 = STYLED_ITEM('color',(#14301),#3150);
#14301 = PRESENTATION_STYLE_ASSIGNMENT((#14302));
#14302 = SURFACE_STYLE_USAGE(.BOTH.,#14303);
#14303 = SURFACE_SIDE_STYLE('',(#14304));
#14304 = SURFACE_STYLE_FILL_AREA(#14305);
#14305 = FILL_AREA_STYLE('',(#14306));
#14306 = FILL_AREA_STYLE_COLOUR('',#14075);
#14307 = STYLED_ITEM('color',(#14308),#3181);
#14308 = PRESENTATION_STYLE_ASSIGNMENT((#14309));
#14309 = SURFACE_STYLE_USAGE(.BOTH.,#14310);
#14310 = SURFACE_SIDE_STYLE('',(#14311));
#14311 = SURFACE_STYLE_FILL_AREA(#14312);
#14312 = FILL_AREA_STYLE('',(#14313));
#14313 = FILL_AREA_STYLE_COLOUR('',#14003);
#14314 = STYLED_ITEM('color',(#14315),#3239);
#14315 = PRESENTATION_STYLE_ASSIGNMENT((#14316));
#14316 = SURFACE_STYLE_USAGE(.BOTH.,#14317);
#14317 = SURFACE_SIDE_STYLE('',(#14318));
#14318 = SURFACE_STYLE_FILL_AREA(#14319);
#14319 = FILL_AREA_STYLE('',(#14320));
#14320 = FILL_AREA_STYLE_COLOUR('',#14003);
#14321 = STYLED_ITEM('color',(#14322),#3297);
#14322 = PRESENTATION_STYLE_ASSIGNMENT((#14323));
#14323 = SURFACE_STYLE_USAGE(.BOTH.,#14324);
#14324 = SURFACE_SIDE_STYLE('',(#14325));
#14325 = SURFACE_STYLE_FILL_AREA(#14326);
#14326 = FILL_AREA_STYLE('',(#14327));
#14327 = FILL_AREA_STYLE_COLOUR('',#14075);
#14328 = STYLED_ITEM('color',(#14329),#3328);
#14329 = PRESENTATION_STYLE_ASSIGNMENT((#14330));
#14330 = SURFACE_STYLE_USAGE(.BOTH.,#14331);
#14331 = SURFACE_SIDE_STYLE('',(#14332));
#14332 = SURFACE_STYLE_FILL_AREA(#14333);
#14333 = FILL_AREA_STYLE('',(#14334));
#14334 = FILL_AREA_STYLE_COLOUR('',#14003);
#14335 = STYLED_ITEM('color',(#14336),#3386);
#14336 = PRESENTATION_STYLE_ASSIGNMENT((#14337));
#14337 = SURFACE_STYLE_USAGE(.BOTH.,#14338);
#14338 = SURFACE_SIDE_STYLE('',(#14339));
#14339 = SURFACE_STYLE_FILL_AREA(#14340);
#14340 = FILL_AREA_STYLE('',(#14341));
#14341 = FILL_AREA_STYLE_COLOUR('',#14003);
#14342 = STYLED_ITEM('color',(#14343),#3403);
#14343 = PRESENTATION_STYLE_ASSIGNMENT((#14344));
#14344 = SURFACE_STYLE_USAGE(.BOTH.,#14345);
#14345 = SURFACE_SIDE_STYLE('',(#14346));
#14346 = SURFACE_STYLE_FILL_AREA(#14347);
#14347 = FILL_AREA_STYLE('',(#14348));
#14348 = FILL_AREA_STYLE_COLOUR('',#14003);
#14349 = STYLED_ITEM('color',(#14350),#3428);
#14350 = PRESENTATION_STYLE_ASSIGNMENT((#14351));
#14351 = SURFACE_STYLE_USAGE(.BOTH.,#14352);
#14352 = SURFACE_SIDE_STYLE('',(#14353));
#14353 = SURFACE_STYLE_FILL_AREA(#14354);
#14354 = FILL_AREA_STYLE('',(#14355));
#14355 = FILL_AREA_STYLE_COLOUR('',#14003);
#14356 = STYLED_ITEM('color',(#14357),#3478);
#14357 = PRESENTATION_STYLE_ASSIGNMENT((#14358));
#14358 = SURFACE_STYLE_USAGE(.BOTH.,#14359);
#14359 = SURFACE_SIDE_STYLE('',(#14360));
#14360 = SURFACE_STYLE_FILL_AREA(#14361);
#14361 = FILL_AREA_STYLE('',(#14362));
#14362 = FILL_AREA_STYLE_COLOUR('',#14075);
#14363 = STYLED_ITEM('color',(#14364),#3509);
#14364 = PRESENTATION_STYLE_ASSIGNMENT((#14365));
#14365 = SURFACE_STYLE_USAGE(.BOTH.,#14366);
#14366 = SURFACE_SIDE_STYLE('',(#14367));
#14367 = SURFACE_STYLE_FILL_AREA(#14368);
#14368 = FILL_AREA_STYLE('',(#14369));
#14369 = FILL_AREA_STYLE_COLOUR('',#14075);
#14370 = STYLED_ITEM('color',(#14371),#3532);
#14371 = PRESENTATION_STYLE_ASSIGNMENT((#14372));
#14372 = SURFACE_STYLE_USAGE(.BOTH.,#14373);
#14373 = SURFACE_SIDE_STYLE('',(#14374));
#14374 = SURFACE_STYLE_FILL_AREA(#14375);
#14375 = FILL_AREA_STYLE('',(#14376));
#14376 = FILL_AREA_STYLE_COLOUR('',#14075);
#14377 = STYLED_ITEM('color',(#14378),#3556);
#14378 = PRESENTATION_STYLE_ASSIGNMENT((#14379));
#14379 = SURFACE_STYLE_USAGE(.BOTH.,#14380);
#14380 = SURFACE_SIDE_STYLE('',(#14381));
#14381 = SURFACE_STYLE_FILL_AREA(#14382);
#14382 = FILL_AREA_STYLE('',(#14383));
#14383 = FILL_AREA_STYLE_COLOUR('',#14003);
#14384 = STYLED_ITEM('color',(#14385),#3614);
#14385 = PRESENTATION_STYLE_ASSIGNMENT((#14386));
#14386 = SURFACE_STYLE_USAGE(.BOTH.,#14387);
#14387 = SURFACE_SIDE_STYLE('',(#14388));
#14388 = SURFACE_STYLE_FILL_AREA(#14389);
#14389 = FILL_AREA_STYLE('',(#14390));
#14390 = FILL_AREA_STYLE_COLOUR('',#14003);
#14391 = STYLED_ITEM('color',(#14392),#3672);
#14392 = PRESENTATION_STYLE_ASSIGNMENT((#14393));
#14393 = SURFACE_STYLE_USAGE(.BOTH.,#14394);
#14394 = SURFACE_SIDE_STYLE('',(#14395));
#14395 = SURFACE_STYLE_FILL_AREA(#14396);
#14396 = FILL_AREA_STYLE('',(#14397));
#14397 = FILL_AREA_STYLE_COLOUR('',#14075);
#14398 = STYLED_ITEM('color',(#14399),#3702);
#14399 = PRESENTATION_STYLE_ASSIGNMENT((#14400));
#14400 = SURFACE_STYLE_USAGE(.BOTH.,#14401);
#14401 = SURFACE_SIDE_STYLE('',(#14402));
#14402 = SURFACE_STYLE_FILL_AREA(#14403);
#14403 = FILL_AREA_STYLE('',(#14404));
#14404 = FILL_AREA_STYLE_COLOUR('',#14003);
#14405 = STYLED_ITEM('color',(#14406),#3760);
#14406 = PRESENTATION_STYLE_ASSIGNMENT((#14407));
#14407 = SURFACE_STYLE_USAGE(.BOTH.,#14408);
#14408 = SURFACE_SIDE_STYLE('',(#14409));
#14409 = SURFACE_STYLE_FILL_AREA(#14410);
#14410 = FILL_AREA_STYLE('',(#14411));
#14411 = FILL_AREA_STYLE_COLOUR('',#14003);
#14412 = STYLED_ITEM('color',(#14413),#3777);
#14413 = PRESENTATION_STYLE_ASSIGNMENT((#14414));
#14414 = SURFACE_STYLE_USAGE(.BOTH.,#14415);
#14415 = SURFACE_SIDE_STYLE('',(#14416));
#14416 = SURFACE_STYLE_FILL_AREA(#14417);
#14417 = FILL_AREA_STYLE('',(#14418));
#14418 = FILL_AREA_STYLE_COLOUR('',#14003);
#14419 = STYLED_ITEM('color',(#14420),#3835);
#14420 = PRESENTATION_STYLE_ASSIGNMENT((#14421));
#14421 = SURFACE_STYLE_USAGE(.BOTH.,#14422);
#14422 = SURFACE_SIDE_STYLE('',(#14423));
#14423 = SURFACE_STYLE_FILL_AREA(#14424);
#14424 = FILL_AREA_STYLE('',(#14425));
#14425 = FILL_AREA_STYLE_COLOUR('',#14003);
#14426 = STYLED_ITEM('color',(#14427),#3852);
#14427 = PRESENTATION_STYLE_ASSIGNMENT((#14428));
#14428 = SURFACE_STYLE_USAGE(.BOTH.,#14429);
#14429 = SURFACE_SIDE_STYLE('',(#14430));
#14430 = SURFACE_STYLE_FILL_AREA(#14431);
#14431 = FILL_AREA_STYLE('',(#14432));
#14432 = FILL_AREA_STYLE_COLOUR('',#14075);
#14433 = STYLED_ITEM('color',(#14434),#3883);
#14434 = PRESENTATION_STYLE_ASSIGNMENT((#14435));
#14435 = SURFACE_STYLE_USAGE(.BOTH.,#14436);
#14436 = SURFACE_SIDE_STYLE('',(#14437));
#14437 = SURFACE_STYLE_FILL_AREA(#14438);
#14438 = FILL_AREA_STYLE('',(#14439));
#14439 = FILL_AREA_STYLE_COLOUR('',#14003);
#14440 = STYLED_ITEM('color',(#14441),#3941);
#14441 = PRESENTATION_STYLE_ASSIGNMENT((#14442));
#14442 = SURFACE_STYLE_USAGE(.BOTH.,#14443);
#14443 = SURFACE_SIDE_STYLE('',(#14444));
#14444 = SURFACE_STYLE_FILL_AREA(#14445);
#14445 = FILL_AREA_STYLE('',(#14446));
#14446 = FILL_AREA_STYLE_COLOUR('',#14003);
#14447 = STYLED_ITEM('color',(#14448),#3999);
#14448 = PRESENTATION_STYLE_ASSIGNMENT((#14449));
#14449 = SURFACE_STYLE_USAGE(.BOTH.,#14450);
#14450 = SURFACE_SIDE_STYLE('',(#14451));
#14451 = SURFACE_STYLE_FILL_AREA(#14452);
#14452 = FILL_AREA_STYLE('',(#14453));
#14453 = FILL_AREA_STYLE_COLOUR('',#14075);
#14454 = STYLED_ITEM('color',(#14455),#4030);
#14455 = PRESENTATION_STYLE_ASSIGNMENT((#14456));
#14456 = SURFACE_STYLE_USAGE(.BOTH.,#14457);
#14457 = SURFACE_SIDE_STYLE('',(#14458));
#14458 = SURFACE_STYLE_FILL_AREA(#14459);
#14459 = FILL_AREA_STYLE('',(#14460));
#14460 = FILL_AREA_STYLE_COLOUR('',#14003);
#14461 = STYLED_ITEM('color',(#14462),#4088);
#14462 = PRESENTATION_STYLE_ASSIGNMENT((#14463));
#14463 = SURFACE_STYLE_USAGE(.BOTH.,#14464);
#14464 = SURFACE_SIDE_STYLE('',(#14465));
#14465 = SURFACE_STYLE_FILL_AREA(#14466);
#14466 = FILL_AREA_STYLE('',(#14467));
#14467 = FILL_AREA_STYLE_COLOUR('',#14003);
#14468 = STYLED_ITEM('color',(#14469),#4105);
#14469 = PRESENTATION_STYLE_ASSIGNMENT((#14470));
#14470 = SURFACE_STYLE_USAGE(.BOTH.,#14471);
#14471 = SURFACE_SIDE_STYLE('',(#14472));
#14472 = SURFACE_STYLE_FILL_AREA(#14473);
#14473 = FILL_AREA_STYLE('',(#14474));
#14474 = FILL_AREA_STYLE_COLOUR('',#14003);
#14475 = STYLED_ITEM('color',(#14476),#4163);
#14476 = PRESENTATION_STYLE_ASSIGNMENT((#14477));
#14477 = SURFACE_STYLE_USAGE(.BOTH.,#14478);
#14478 = SURFACE_SIDE_STYLE('',(#14479));
#14479 = SURFACE_STYLE_FILL_AREA(#14480);
#14480 = FILL_AREA_STYLE('',(#14481));
#14481 = FILL_AREA_STYLE_COLOUR('',#14003);
#14482 = STYLED_ITEM('color',(#14483),#4180);
#14483 = PRESENTATION_STYLE_ASSIGNMENT((#14484));
#14484 = SURFACE_STYLE_USAGE(.BOTH.,#14485);
#14485 = SURFACE_SIDE_STYLE('',(#14486));
#14486 = SURFACE_STYLE_FILL_AREA(#14487);
#14487 = FILL_AREA_STYLE('',(#14488));
#14488 = FILL_AREA_STYLE_COLOUR('',#14075);
#14489 = STYLED_ITEM('color',(#14490),#4211);
#14490 = PRESENTATION_STYLE_ASSIGNMENT((#14491));
#14491 = SURFACE_STYLE_USAGE(.BOTH.,#14492);
#14492 = SURFACE_SIDE_STYLE('',(#14493));
#14493 = SURFACE_STYLE_FILL_AREA(#14494);
#14494 = FILL_AREA_STYLE('',(#14495));
#14495 = FILL_AREA_STYLE_COLOUR('',#14075);
#14496 = STYLED_ITEM('color',(#14497),#4228);
#14497 = PRESENTATION_STYLE_ASSIGNMENT((#14498));
#14498 = SURFACE_STYLE_USAGE(.BOTH.,#14499);
#14499 = SURFACE_SIDE_STYLE('',(#14500));
#14500 = SURFACE_STYLE_FILL_AREA(#14501);
#14501 = FILL_AREA_STYLE('',(#14502));
#14502 = FILL_AREA_STYLE_COLOUR('',#14075);
#14503 = STYLED_ITEM('color',(#14504),#4285);
#14504 = PRESENTATION_STYLE_ASSIGNMENT((#14505));
#14505 = SURFACE_STYLE_USAGE(.BOTH.,#14506);
#14506 = SURFACE_SIDE_STYLE('',(#14507));
#14507 = SURFACE_STYLE_FILL_AREA(#14508);
#14508 = FILL_AREA_STYLE('',(#14509));
#14509 = FILL_AREA_STYLE_COLOUR('',#14003);
#14510 = STYLED_ITEM('color',(#14511),#4304);
#14511 = PRESENTATION_STYLE_ASSIGNMENT((#14512));
#14512 = SURFACE_STYLE_USAGE(.BOTH.,#14513);
#14513 = SURFACE_SIDE_STYLE('',(#14514));
#14514 = SURFACE_STYLE_FILL_AREA(#14515);
#14515 = FILL_AREA_STYLE('',(#14516));
#14516 = FILL_AREA_STYLE_COLOUR('',#14003);
#14517 = STYLED_ITEM('color',(#14518),#4353);
#14518 = PRESENTATION_STYLE_ASSIGNMENT((#14519));
#14519 = SURFACE_STYLE_USAGE(.BOTH.,#14520);
#14520 = SURFACE_SIDE_STYLE('',(#14521));
#14521 = SURFACE_STYLE_FILL_AREA(#14522);
#14522 = FILL_AREA_STYLE('',(#14523));
#14523 = FILL_AREA_STYLE_COLOUR('',#14003);
#14524 = STYLED_ITEM('color',(#14525),#4377);
#14525 = PRESENTATION_STYLE_ASSIGNMENT((#14526));
#14526 = SURFACE_STYLE_USAGE(.BOTH.,#14527);
#14527 = SURFACE_SIDE_STYLE('',(#14528));
#14528 = SURFACE_STYLE_FILL_AREA(#14529);
#14529 = FILL_AREA_STYLE('',(#14530));
#14530 = FILL_AREA_STYLE_COLOUR('',#14003);
#14531 = STYLED_ITEM('color',(#14532),#4424);
#14532 = PRESENTATION_STYLE_ASSIGNMENT((#14533));
#14533 = SURFACE_STYLE_USAGE(.BOTH.,#14534);
#14534 = SURFACE_SIDE_STYLE('',(#14535));
#14535 = SURFACE_STYLE_FILL_AREA(#14536);
#14536 = FILL_AREA_STYLE('',(#14537));
#14537 = FILL_AREA_STYLE_COLOUR('',#14003);
#14538 = STYLED_ITEM('color',(#14539),#4436);
#14539 = PRESENTATION_STYLE_ASSIGNMENT((#14540));
#14540 = SURFACE_STYLE_USAGE(.BOTH.,#14541);
#14541 = SURFACE_SIDE_STYLE('',(#14542));
#14542 = SURFACE_STYLE_FILL_AREA(#14543);
#14543 = FILL_AREA_STYLE('',(#14544));
#14544 = FILL_AREA_STYLE_COLOUR('',#14003);
#14545 = STYLED_ITEM('color',(#14546),#4455);
#14546 = PRESENTATION_STYLE_ASSIGNMENT((#14547));
#14547 = SURFACE_STYLE_USAGE(.BOTH.,#14548);
#14548 = SURFACE_SIDE_STYLE('',(#14549));
#14549 = SURFACE_STYLE_FILL_AREA(#14550);
#14550 = FILL_AREA_STYLE('',(#14551));
#14551 = FILL_AREA_STYLE_COLOUR('',#14003);
#14552 = STYLED_ITEM('color',(#14553),#4472);
#14553 = PRESENTATION_STYLE_ASSIGNMENT((#14554));
#14554 = SURFACE_STYLE_USAGE(.BOTH.,#14555);
#14555 = SURFACE_SIDE_STYLE('',(#14556));
#14556 = SURFACE_STYLE_FILL_AREA(#14557);
#14557 = FILL_AREA_STYLE('',(#14558));
#14558 = FILL_AREA_STYLE_COLOUR('',#14003);
#14559 = STYLED_ITEM('color',(#14560),#4521);
#14560 = PRESENTATION_STYLE_ASSIGNMENT((#14561));
#14561 = SURFACE_STYLE_USAGE(.BOTH.,#14562);
#14562 = SURFACE_SIDE_STYLE('',(#14563));
#14563 = SURFACE_STYLE_FILL_AREA(#14564);
#14564 = FILL_AREA_STYLE('',(#14565));
#14565 = FILL_AREA_STYLE_COLOUR('',#14003);
#14566 = STYLED_ITEM('color',(#14567),#4545);
#14567 = PRESENTATION_STYLE_ASSIGNMENT((#14568));
#14568 = SURFACE_STYLE_USAGE(.BOTH.,#14569);
#14569 = SURFACE_SIDE_STYLE('',(#14570));
#14570 = SURFACE_STYLE_FILL_AREA(#14571);
#14571 = FILL_AREA_STYLE('',(#14572));
#14572 = FILL_AREA_STYLE_COLOUR('',#14003);
#14573 = STYLED_ITEM('color',(#14574),#4587);
#14574 = PRESENTATION_STYLE_ASSIGNMENT((#14575));
#14575 = SURFACE_STYLE_USAGE(.BOTH.,#14576);
#14576 = SURFACE_SIDE_STYLE('',(#14577));
#14577 = SURFACE_STYLE_FILL_AREA(#14578);
#14578 = FILL_AREA_STYLE('',(#14579));
#14579 = FILL_AREA_STYLE_COLOUR('',#14003);
#14580 = STYLED_ITEM('color',(#14581),#4604);
#14581 = PRESENTATION_STYLE_ASSIGNMENT((#14582));
#14582 = SURFACE_STYLE_USAGE(.BOTH.,#14583);
#14583 = SURFACE_SIDE_STYLE('',(#14584));
#14584 = SURFACE_STYLE_FILL_AREA(#14585);
#14585 = FILL_AREA_STYLE('',(#14586));
#14586 = FILL_AREA_STYLE_COLOUR('',#14003);
#14587 = STYLED_ITEM('color',(#14588),#4621);
#14588 = PRESENTATION_STYLE_ASSIGNMENT((#14589));
#14589 = SURFACE_STYLE_USAGE(.BOTH.,#14590);
#14590 = SURFACE_SIDE_STYLE('',(#14591));
#14591 = SURFACE_STYLE_FILL_AREA(#14592);
#14592 = FILL_AREA_STYLE('',(#14593));
#14593 = FILL_AREA_STYLE_COLOUR('',#14003);
#14594 = STYLED_ITEM('color',(#14595),#4640);
#14595 = PRESENTATION_STYLE_ASSIGNMENT((#14596));
#14596 = SURFACE_STYLE_USAGE(.BOTH.,#14597);
#14597 = SURFACE_SIDE_STYLE('',(#14598));
#14598 = SURFACE_STYLE_FILL_AREA(#14599);
#14599 = FILL_AREA_STYLE('',(#14600));
#14600 = FILL_AREA_STYLE_COLOUR('',#14003);
#14601 = STYLED_ITEM('color',(#14602),#4705);
#14602 = PRESENTATION_STYLE_ASSIGNMENT((#14603));
#14603 = SURFACE_STYLE_USAGE(.BOTH.,#14604);
#14604 = SURFACE_SIDE_STYLE('',(#14605));
#14605 = SURFACE_STYLE_FILL_AREA(#14606);
#14606 = FILL_AREA_STYLE('',(#14607));
#14607 = FILL_AREA_STYLE_COLOUR('',#14003);
#14608 = STYLED_ITEM('color',(#14609),#4729);
#14609 = PRESENTATION_STYLE_ASSIGNMENT((#14610));
#14610 = SURFACE_STYLE_USAGE(.BOTH.,#14611);
#14611 = SURFACE_SIDE_STYLE('',(#14612));
#14612 = SURFACE_STYLE_FILL_AREA(#14613);
#14613 = FILL_AREA_STYLE('',(#14614));
#14614 = FILL_AREA_STYLE_COLOUR('',#14003);
#14615 = STYLED_ITEM('color',(#14616),#4792);
#14616 = PRESENTATION_STYLE_ASSIGNMENT((#14617));
#14617 = SURFACE_STYLE_USAGE(.BOTH.,#14618);
#14618 = SURFACE_SIDE_STYLE('',(#14619));
#14619 = SURFACE_STYLE_FILL_AREA(#14620);
#14620 = FILL_AREA_STYLE('',(#14621));
#14621 = FILL_AREA_STYLE_COLOUR('',#14003);
#14622 = STYLED_ITEM('color',(#14623),#4804);
#14623 = PRESENTATION_STYLE_ASSIGNMENT((#14624));
#14624 = SURFACE_STYLE_USAGE(.BOTH.,#14625);
#14625 = SURFACE_SIDE_STYLE('',(#14626));
#14626 = SURFACE_STYLE_FILL_AREA(#14627);
#14627 = FILL_AREA_STYLE('',(#14628));
#14628 = FILL_AREA_STYLE_COLOUR('',#14003);
#14629 = STYLED_ITEM('color',(#14630),#4869);
#14630 = PRESENTATION_STYLE_ASSIGNMENT((#14631));
#14631 = SURFACE_STYLE_USAGE(.BOTH.,#14632);
#14632 = SURFACE_SIDE_STYLE('',(#14633));
#14633 = SURFACE_STYLE_FILL_AREA(#14634);
#14634 = FILL_AREA_STYLE('',(#14635));
#14635 = FILL_AREA_STYLE_COLOUR('',#14003);
#14636 = STYLED_ITEM('color',(#14637),#4893);
#14637 = PRESENTATION_STYLE_ASSIGNMENT((#14638));
#14638 = SURFACE_STYLE_USAGE(.BOTH.,#14639);
#14639 = SURFACE_SIDE_STYLE('',(#14640));
#14640 = SURFACE_STYLE_FILL_AREA(#14641);
#14641 = FILL_AREA_STYLE('',(#14642));
#14642 = FILL_AREA_STYLE_COLOUR('',#14003);
#14643 = STYLED_ITEM('color',(#14644),#4956);
#14644 = PRESENTATION_STYLE_ASSIGNMENT((#14645));
#14645 = SURFACE_STYLE_USAGE(.BOTH.,#14646);
#14646 = SURFACE_SIDE_STYLE('',(#14647));
#14647 = SURFACE_STYLE_FILL_AREA(#14648);
#14648 = FILL_AREA_STYLE('',(#14649));
#14649 = FILL_AREA_STYLE_COLOUR('',#14003);
#14650 = STYLED_ITEM('color',(#14651),#4973);
#14651 = PRESENTATION_STYLE_ASSIGNMENT((#14652));
#14652 = SURFACE_STYLE_USAGE(.BOTH.,#14653);
#14653 = SURFACE_SIDE_STYLE('',(#14654));
#14654 = SURFACE_STYLE_FILL_AREA(#14655);
#14655 = FILL_AREA_STYLE('',(#14656));
#14656 = FILL_AREA_STYLE_COLOUR('',#14003);
#14657 = STYLED_ITEM('color',(#14658),#4987);
#14658 = PRESENTATION_STYLE_ASSIGNMENT((#14659));
#14659 = SURFACE_STYLE_USAGE(.BOTH.,#14660);
#14660 = SURFACE_SIDE_STYLE('',(#14661));
#14661 = SURFACE_STYLE_FILL_AREA(#14662);
#14662 = FILL_AREA_STYLE('',(#14663));
#14663 = FILL_AREA_STYLE_COLOUR('',#14003);
#14664 = STYLED_ITEM('color',(#14665),#5004);
#14665 = PRESENTATION_STYLE_ASSIGNMENT((#14666));
#14666 = SURFACE_STYLE_USAGE(.BOTH.,#14667);
#14667 = SURFACE_SIDE_STYLE('',(#14668));
#14668 = SURFACE_STYLE_FILL_AREA(#14669);
#14669 = FILL_AREA_STYLE('',(#14670));
#14670 = FILL_AREA_STYLE_COLOUR('',#14003);
#14671 = STYLED_ITEM('color',(#14672),#5021);
#14672 = PRESENTATION_STYLE_ASSIGNMENT((#14673));
#14673 = SURFACE_STYLE_USAGE(.BOTH.,#14674);
#14674 = SURFACE_SIDE_STYLE('',(#14675));
#14675 = SURFACE_STYLE_FILL_AREA(#14676);
#14676 = FILL_AREA_STYLE('',(#14677));
#14677 = FILL_AREA_STYLE_COLOUR('',#14075);
#14678 = STYLED_ITEM('color',(#14679),#5370);
#14679 = PRESENTATION_STYLE_ASSIGNMENT((#14680));
#14680 = SURFACE_STYLE_USAGE(.BOTH.,#14681);
#14681 = SURFACE_SIDE_STYLE('',(#14682));
#14682 = SURFACE_STYLE_FILL_AREA(#14683);
#14683 = FILL_AREA_STYLE('',(#14684));
#14684 = FILL_AREA_STYLE_COLOUR('',#14075);
#14685 = STYLED_ITEM('color',(#14686),#5421);
#14686 = PRESENTATION_STYLE_ASSIGNMENT((#14687));
#14687 = SURFACE_STYLE_USAGE(.BOTH.,#14688);
#14688 = SURFACE_SIDE_STYLE('',(#14689));
#14689 = SURFACE_STYLE_FILL_AREA(#14690);
#14690 = FILL_AREA_STYLE('',(#14691));
#14691 = FILL_AREA_STYLE_COLOUR('',#14003);
#14692 = STYLED_ITEM('color',(#14693),#5440);
#14693 = PRESENTATION_STYLE_ASSIGNMENT((#14694));
#14694 = SURFACE_STYLE_USAGE(.BOTH.,#14695);
#14695 = SURFACE_SIDE_STYLE('',(#14696));
#14696 = SURFACE_STYLE_FILL_AREA(#14697);
#14697 = FILL_AREA_STYLE('',(#14698));
#14698 = FILL_AREA_STYLE_COLOUR('',#14003);
#14699 = STYLED_ITEM('color',(#14700),#5489);
#14700 = PRESENTATION_STYLE_ASSIGNMENT((#14701));
#14701 = SURFACE_STYLE_USAGE(.BOTH.,#14702);
#14702 = SURFACE_SIDE_STYLE('',(#14703));
#14703 = SURFACE_STYLE_FILL_AREA(#14704);
#14704 = FILL_AREA_STYLE('',(#14705));
#14705 = FILL_AREA_STYLE_COLOUR('',#14003);
#14706 = STYLED_ITEM('color',(#14707),#5513);
#14707 = PRESENTATION_STYLE_ASSIGNMENT((#14708));
#14708 = SURFACE_STYLE_USAGE(.BOTH.,#14709);
#14709 = SURFACE_SIDE_STYLE('',(#14710));
#14710 = SURFACE_STYLE_FILL_AREA(#14711);
#14711 = FILL_AREA_STYLE('',(#14712));
#14712 = FILL_AREA_STYLE_COLOUR('',#14003);
#14713 = STYLED_ITEM('color',(#14714),#5560);
#14714 = PRESENTATION_STYLE_ASSIGNMENT((#14715));
#14715 = SURFACE_STYLE_USAGE(.BOTH.,#14716);
#14716 = SURFACE_SIDE_STYLE('',(#14717));
#14717 = SURFACE_STYLE_FILL_AREA(#14718);
#14718 = FILL_AREA_STYLE('',(#14719));
#14719 = FILL_AREA_STYLE_COLOUR('',#14003);
#14720 = STYLED_ITEM('color',(#14721),#5572);
#14721 = PRESENTATION_STYLE_ASSIGNMENT((#14722));
#14722 = SURFACE_STYLE_USAGE(.BOTH.,#14723);
#14723 = SURFACE_SIDE_STYLE('',(#14724));
#14724 = SURFACE_STYLE_FILL_AREA(#14725);
#14725 = FILL_AREA_STYLE('',(#14726));
#14726 = FILL_AREA_STYLE_COLOUR('',#14003);
#14727 = STYLED_ITEM('color',(#14728),#5626);
#14728 = PRESENTATION_STYLE_ASSIGNMENT((#14729));
#14729 = SURFACE_STYLE_USAGE(.BOTH.,#14730);
#14730 = SURFACE_SIDE_STYLE('',(#14731));
#14731 = SURFACE_STYLE_FILL_AREA(#14732);
#14732 = FILL_AREA_STYLE('',(#14733));
#14733 = FILL_AREA_STYLE_COLOUR('',#14003);
#14734 = STYLED_ITEM('color',(#14735),#5650);
#14735 = PRESENTATION_STYLE_ASSIGNMENT((#14736));
#14736 = SURFACE_STYLE_USAGE(.BOTH.,#14737);
#14737 = SURFACE_SIDE_STYLE('',(#14738));
#14738 = SURFACE_STYLE_FILL_AREA(#14739);
#14739 = FILL_AREA_STYLE('',(#14740));
#14740 = FILL_AREA_STYLE_COLOUR('',#14003);
#14741 = STYLED_ITEM('color',(#14742),#5692);
#14742 = PRESENTATION_STYLE_ASSIGNMENT((#14743));
#14743 = SURFACE_STYLE_USAGE(.BOTH.,#14744);
#14744 = SURFACE_SIDE_STYLE('',(#14745));
#14745 = SURFACE_STYLE_FILL_AREA(#14746);
#14746 = FILL_AREA_STYLE('',(#14747));
#14747 = FILL_AREA_STYLE_COLOUR('',#14003);
#14748 = STYLED_ITEM('color',(#14749),#5711);
#14749 = PRESENTATION_STYLE_ASSIGNMENT((#14750));
#14750 = SURFACE_STYLE_USAGE(.BOTH.,#14751);
#14751 = SURFACE_SIDE_STYLE('',(#14752));
#14752 = SURFACE_STYLE_FILL_AREA(#14753);
#14753 = FILL_AREA_STYLE('',(#14754));
#14754 = FILL_AREA_STYLE_COLOUR('',#14003);
#14755 = STYLED_ITEM('color',(#14756),#5723);
#14756 = PRESENTATION_STYLE_ASSIGNMENT((#14757));
#14757 = SURFACE_STYLE_USAGE(.BOTH.,#14758);
#14758 = SURFACE_SIDE_STYLE('',(#14759));
#14759 = SURFACE_STYLE_FILL_AREA(#14760);
#14760 = FILL_AREA_STYLE('',(#14761));
#14761 = FILL_AREA_STYLE_COLOUR('',#14003);
#14762 = STYLED_ITEM('color',(#14763),#5740);
#14763 = PRESENTATION_STYLE_ASSIGNMENT((#14764));
#14764 = SURFACE_STYLE_USAGE(.BOTH.,#14765);
#14765 = SURFACE_SIDE_STYLE('',(#14766));
#14766 = SURFACE_STYLE_FILL_AREA(#14767);
#14767 = FILL_AREA_STYLE('',(#14768));
#14768 = FILL_AREA_STYLE_COLOUR('',#14003);
#14769 = STYLED_ITEM('color',(#14770),#5757);
#14770 = PRESENTATION_STYLE_ASSIGNMENT((#14771));
#14771 = SURFACE_STYLE_USAGE(.BOTH.,#14772);
#14772 = SURFACE_SIDE_STYLE('',(#14773));
#14773 = SURFACE_STYLE_FILL_AREA(#14774);
#14774 = FILL_AREA_STYLE('',(#14775));
#14775 = FILL_AREA_STYLE_COLOUR('',#14003);
#14776 = STYLED_ITEM('color',(#14777),#5776);
#14777 = PRESENTATION_STYLE_ASSIGNMENT((#14778));
#14778 = SURFACE_STYLE_USAGE(.BOTH.,#14779);
#14779 = SURFACE_SIDE_STYLE('',(#14780));
#14780 = SURFACE_STYLE_FILL_AREA(#14781);
#14781 = FILL_AREA_STYLE('',(#14782));
#14782 = FILL_AREA_STYLE_COLOUR('',#14003);
#14783 = STYLED_ITEM('color',(#14784),#5793);
#14784 = PRESENTATION_STYLE_ASSIGNMENT((#14785));
#14785 = SURFACE_STYLE_USAGE(.BOTH.,#14786);
#14786 = SURFACE_SIDE_STYLE('',(#14787));
#14787 = SURFACE_STYLE_FILL_AREA(#14788);
#14788 = FILL_AREA_STYLE('',(#14789));
#14789 = FILL_AREA_STYLE_COLOUR('',#14003);
#14790 = STYLED_ITEM('color',(#14791),#5858);
#14791 = PRESENTATION_STYLE_ASSIGNMENT((#14792));
#14792 = SURFACE_STYLE_USAGE(.BOTH.,#14793);
#14793 = SURFACE_SIDE_STYLE('',(#14794));
#14794 = SURFACE_STYLE_FILL_AREA(#14795);
#14795 = FILL_AREA_STYLE('',(#14796));
#14796 = FILL_AREA_STYLE_COLOUR('',#14003);
#14797 = STYLED_ITEM('color',(#14798),#5882);
#14798 = PRESENTATION_STYLE_ASSIGNMENT((#14799));
#14799 = SURFACE_STYLE_USAGE(.BOTH.,#14800);
#14800 = SURFACE_SIDE_STYLE('',(#14801));
#14801 = SURFACE_STYLE_FILL_AREA(#14802);
#14802 = FILL_AREA_STYLE('',(#14803));
#14803 = FILL_AREA_STYLE_COLOUR('',#14003);
#14804 = STYLED_ITEM('color',(#14805),#5940);
#14805 = PRESENTATION_STYLE_ASSIGNMENT((#14806));
#14806 = SURFACE_STYLE_USAGE(.BOTH.,#14807);
#14807 = SURFACE_SIDE_STYLE('',(#14808));
#14808 = SURFACE_STYLE_FILL_AREA(#14809);
#14809 = FILL_AREA_STYLE('',(#14810));
#14810 = FILL_AREA_STYLE_COLOUR('',#14003);
#14811 = STYLED_ITEM('color',(#14812),#5962);
#14812 = PRESENTATION_STYLE_ASSIGNMENT((#14813));
#14813 = SURFACE_STYLE_USAGE(.BOTH.,#14814);
#14814 = SURFACE_SIDE_STYLE('',(#14815));
#14815 = SURFACE_STYLE_FILL_AREA(#14816);
#14816 = FILL_AREA_STYLE('',(#14817));
#14817 = FILL_AREA_STYLE_COLOUR('',#14003);
#14818 = STYLED_ITEM('color',(#14819),#6027);
#14819 = PRESENTATION_STYLE_ASSIGNMENT((#14820));
#14820 = SURFACE_STYLE_USAGE(.BOTH.,#14821);
#14821 = SURFACE_SIDE_STYLE('',(#14822));
#14822 = SURFACE_STYLE_FILL_AREA(#14823);
#14823 = FILL_AREA_STYLE('',(#14824));
#14824 = FILL_AREA_STYLE_COLOUR('',#14003);
#14825 = STYLED_ITEM('color',(#14826),#6051);
#14826 = PRESENTATION_STYLE_ASSIGNMENT((#14827));
#14827 = SURFACE_STYLE_USAGE(.BOTH.,#14828);
#14828 = SURFACE_SIDE_STYLE('',(#14829));
#14829 = SURFACE_STYLE_FILL_AREA(#14830);
#14830 = FILL_AREA_STYLE('',(#14831));
#14831 = FILL_AREA_STYLE_COLOUR('',#14003);
#14832 = STYLED_ITEM('color',(#14833),#6109);
#14833 = PRESENTATION_STYLE_ASSIGNMENT((#14834));
#14834 = SURFACE_STYLE_USAGE(.BOTH.,#14835);
#14835 = SURFACE_SIDE_STYLE('',(#14836));
#14836 = SURFACE_STYLE_FILL_AREA(#14837);
#14837 = FILL_AREA_STYLE('',(#14838));
#14838 = FILL_AREA_STYLE_COLOUR('',#14003);
#14839 = STYLED_ITEM('color',(#14840),#6123);
#14840 = PRESENTATION_STYLE_ASSIGNMENT((#14841));
#14841 = SURFACE_STYLE_USAGE(.BOTH.,#14842);
#14842 = SURFACE_SIDE_STYLE('',(#14843));
#14843 = SURFACE_STYLE_FILL_AREA(#14844);
#14844 = FILL_AREA_STYLE('',(#14845));
#14845 = FILL_AREA_STYLE_COLOUR('',#14003);
#14846 = STYLED_ITEM('color',(#14847),#6140);
#14847 = PRESENTATION_STYLE_ASSIGNMENT((#14848));
#14848 = SURFACE_STYLE_USAGE(.BOTH.,#14849);
#14849 = SURFACE_SIDE_STYLE('',(#14850));
#14850 = SURFACE_STYLE_FILL_AREA(#14851);
#14851 = FILL_AREA_STYLE('',(#14852));
#14852 = FILL_AREA_STYLE_COLOUR('',#14003);
#14853 = STYLED_ITEM('color',(#14854),#6157);
#14854 = PRESENTATION_STYLE_ASSIGNMENT((#14855));
#14855 = SURFACE_STYLE_USAGE(.BOTH.,#14856);
#14856 = SURFACE_SIDE_STYLE('',(#14857));
#14857 = SURFACE_STYLE_FILL_AREA(#14858);
#14858 = FILL_AREA_STYLE('',(#14859));
#14859 = FILL_AREA_STYLE_COLOUR('',#14075);
#14860 = STYLED_ITEM('color',(#14861),#6174);
#14861 = PRESENTATION_STYLE_ASSIGNMENT((#14862));
#14862 = SURFACE_STYLE_USAGE(.BOTH.,#14863);
#14863 = SURFACE_SIDE_STYLE('',(#14864));
#14864 = SURFACE_STYLE_FILL_AREA(#14865);
#14865 = FILL_AREA_STYLE('',(#14866));
#14866 = FILL_AREA_STYLE_COLOUR('',#14075);
#14867 = STYLED_ITEM('color',(#14868),#6203);
#14868 = PRESENTATION_STYLE_ASSIGNMENT((#14869));
#14869 = SURFACE_STYLE_USAGE(.BOTH.,#14870);
#14870 = SURFACE_SIDE_STYLE('',(#14871));
#14871 = SURFACE_STYLE_FILL_AREA(#14872);
#14872 = FILL_AREA_STYLE('',(#14873));
#14873 = FILL_AREA_STYLE_COLOUR('',#14003);
#14874 = STYLED_ITEM('color',(#14875),#6220);
#14875 = PRESENTATION_STYLE_ASSIGNMENT((#14876));
#14876 = SURFACE_STYLE_USAGE(.BOTH.,#14877);
#14877 = SURFACE_SIDE_STYLE('',(#14878));
#14878 = SURFACE_STYLE_FILL_AREA(#14879);
#14879 = FILL_AREA_STYLE('',(#14880));
#14880 = FILL_AREA_STYLE_COLOUR('',#14003);
#14881 = STYLED_ITEM('color',(#14882),#6237);
#14882 = PRESENTATION_STYLE_ASSIGNMENT((#14883));
#14883 = SURFACE_STYLE_USAGE(.BOTH.,#14884);
#14884 = SURFACE_SIDE_STYLE('',(#14885));
#14885 = SURFACE_STYLE_FILL_AREA(#14886);
#14886 = FILL_AREA_STYLE('',(#14887));
#14887 = FILL_AREA_STYLE_COLOUR('',#14003);
#14888 = STYLED_ITEM('color',(#14889),#6249);
#14889 = PRESENTATION_STYLE_ASSIGNMENT((#14890));
#14890 = SURFACE_STYLE_USAGE(.BOTH.,#14891);
#14891 = SURFACE_SIDE_STYLE('',(#14892));
#14892 = SURFACE_STYLE_FILL_AREA(#14893);
#14893 = FILL_AREA_STYLE('',(#14894));
#14894 = FILL_AREA_STYLE_COLOUR('',#14003);
#14895 = STYLED_ITEM('color',(#14896),#6266);
#14896 = PRESENTATION_STYLE_ASSIGNMENT((#14897));
#14897 = SURFACE_STYLE_USAGE(.BOTH.,#14898);
#14898 = SURFACE_SIDE_STYLE('',(#14899));
#14899 = SURFACE_STYLE_FILL_AREA(#14900);
#14900 = FILL_AREA_STYLE('',(#14901));
#14901 = FILL_AREA_STYLE_COLOUR('',#14003);
#14902 = STYLED_ITEM('color',(#14903),#6283);
#14903 = PRESENTATION_STYLE_ASSIGNMENT((#14904));
#14904 = SURFACE_STYLE_USAGE(.BOTH.,#14905);
#14905 = SURFACE_SIDE_STYLE('',(#14906));
#14906 = SURFACE_STYLE_FILL_AREA(#14907);
#14907 = FILL_AREA_STYLE('',(#14908));
#14908 = FILL_AREA_STYLE_COLOUR('',#14003);
#14909 = STYLED_ITEM('color',(#14910),#6295);
#14910 = PRESENTATION_STYLE_ASSIGNMENT((#14911));
#14911 = SURFACE_STYLE_USAGE(.BOTH.,#14912);
#14912 = SURFACE_SIDE_STYLE('',(#14913));
#14913 = SURFACE_STYLE_FILL_AREA(#14914);
#14914 = FILL_AREA_STYLE('',(#14915));
#14915 = FILL_AREA_STYLE_COLOUR('',#14003);
#14916 = STYLED_ITEM('color',(#14917),#6312);
#14917 = PRESENTATION_STYLE_ASSIGNMENT((#14918));
#14918 = SURFACE_STYLE_USAGE(.BOTH.,#14919);
#14919 = SURFACE_SIDE_STYLE('',(#14920));
#14920 = SURFACE_STYLE_FILL_AREA(#14921);
#14921 = FILL_AREA_STYLE('',(#14922));
#14922 = FILL_AREA_STYLE_COLOUR('',#14003);
#14923 = STYLED_ITEM('color',(#14924),#6329);
#14924 = PRESENTATION_STYLE_ASSIGNMENT((#14925));
#14925 = SURFACE_STYLE_USAGE(.BOTH.,#14926);
#14926 = SURFACE_SIDE_STYLE('',(#14927));
#14927 = SURFACE_STYLE_FILL_AREA(#14928);
#14928 = FILL_AREA_STYLE('',(#14929));
#14929 = FILL_AREA_STYLE_COLOUR('',#14003);
#14930 = STYLED_ITEM('color',(#14931),#6346);
#14931 = PRESENTATION_STYLE_ASSIGNMENT((#14932));
#14932 = SURFACE_STYLE_USAGE(.BOTH.,#14933);
#14933 = SURFACE_SIDE_STYLE('',(#14934));
#14934 = SURFACE_STYLE_FILL_AREA(#14935);
#14935 = FILL_AREA_STYLE('',(#14936));
#14936 = FILL_AREA_STYLE_COLOUR('',#14003);
#14937 = STYLED_ITEM('color',(#14938),#6363);
#14938 = PRESENTATION_STYLE_ASSIGNMENT((#14939));
#14939 = SURFACE_STYLE_USAGE(.BOTH.,#14940);
#14940 = SURFACE_SIDE_STYLE('',(#14941));
#14941 = SURFACE_STYLE_FILL_AREA(#14942);
#14942 = FILL_AREA_STYLE('',(#14943));
#14943 = FILL_AREA_STYLE_COLOUR('',#14003);
#14944 = STYLED_ITEM('color',(#14945),#6375);
#14945 = PRESENTATION_STYLE_ASSIGNMENT((#14946));
#14946 = SURFACE_STYLE_USAGE(.BOTH.,#14947);
#14947 = SURFACE_SIDE_STYLE('',(#14948));
#14948 = SURFACE_STYLE_FILL_AREA(#14949);
#14949 = FILL_AREA_STYLE('',(#14950));
#14950 = FILL_AREA_STYLE_COLOUR('',#14003);
#14951 = STYLED_ITEM('color',(#14952),#6392);
#14952 = PRESENTATION_STYLE_ASSIGNMENT((#14953));
#14953 = SURFACE_STYLE_USAGE(.BOTH.,#14954);
#14954 = SURFACE_SIDE_STYLE('',(#14955));
#14955 = SURFACE_STYLE_FILL_AREA(#14956);
#14956 = FILL_AREA_STYLE('',(#14957));
#14957 = FILL_AREA_STYLE_COLOUR('',#14003);
#14958 = STYLED_ITEM('color',(#14959),#6409);
#14959 = PRESENTATION_STYLE_ASSIGNMENT((#14960));
#14960 = SURFACE_STYLE_USAGE(.BOTH.,#14961);
#14961 = SURFACE_SIDE_STYLE('',(#14962));
#14962 = SURFACE_STYLE_FILL_AREA(#14963);
#14963 = FILL_AREA_STYLE('',(#14964));
#14964 = FILL_AREA_STYLE_COLOUR('',#14003);
#14965 = STYLED_ITEM('color',(#14966),#6426);
#14966 = PRESENTATION_STYLE_ASSIGNMENT((#14967));
#14967 = SURFACE_STYLE_USAGE(.BOTH.,#14968);
#14968 = SURFACE_SIDE_STYLE('',(#14969));
#14969 = SURFACE_STYLE_FILL_AREA(#14970);
#14970 = FILL_AREA_STYLE('',(#14971));
#14971 = FILL_AREA_STYLE_COLOUR('',#14003);
#14972 = STYLED_ITEM('color',(#14973),#6443);
#14973 = PRESENTATION_STYLE_ASSIGNMENT((#14974));
#14974 = SURFACE_STYLE_USAGE(.BOTH.,#14975);
#14975 = SURFACE_SIDE_STYLE('',(#14976));
#14976 = SURFACE_STYLE_FILL_AREA(#14977);
#14977 = FILL_AREA_STYLE('',(#14978));
#14978 = FILL_AREA_STYLE_COLOUR('',#14003);
#14979 = STYLED_ITEM('color',(#14980),#6455);
#14980 = PRESENTATION_STYLE_ASSIGNMENT((#14981));
#14981 = SURFACE_STYLE_USAGE(.BOTH.,#14982);
#14982 = SURFACE_SIDE_STYLE('',(#14983));
#14983 = SURFACE_STYLE_FILL_AREA(#14984);
#14984 = FILL_AREA_STYLE('',(#14985));
#14985 = FILL_AREA_STYLE_COLOUR('',#14075);
#14986 = STYLED_ITEM('color',(#14987),#6483);
#14987 = PRESENTATION_STYLE_ASSIGNMENT((#14988));
#14988 = SURFACE_STYLE_USAGE(.BOTH.,#14989);
#14989 = SURFACE_SIDE_STYLE('',(#14990));
#14990 = SURFACE_STYLE_FILL_AREA(#14991);
#14991 = FILL_AREA_STYLE('',(#14992));
#14992 = FILL_AREA_STYLE_COLOUR('',#14075);
#14993 = STYLED_ITEM('color',(#14994),#6494);
#14994 = PRESENTATION_STYLE_ASSIGNMENT((#14995));
#14995 = SURFACE_STYLE_USAGE(.BOTH.,#14996);
#14996 = SURFACE_SIDE_STYLE('',(#14997));
#14997 = SURFACE_STYLE_FILL_AREA(#14998);
#14998 = FILL_AREA_STYLE('',(#14999));
#14999 = FILL_AREA_STYLE_COLOUR('',#14003);
#15000 = STYLED_ITEM('color',(#15001),#6511);
#15001 = PRESENTATION_STYLE_ASSIGNMENT((#15002));
#15002 = SURFACE_STYLE_USAGE(.BOTH.,#15003);
#15003 = SURFACE_SIDE_STYLE('',(#15004));
#15004 = SURFACE_STYLE_FILL_AREA(#15005);
#15005 = FILL_AREA_STYLE('',(#15006));
#15006 = FILL_AREA_STYLE_COLOUR('',#14003);
#15007 = STYLED_ITEM('color',(#15008),#6528);
#15008 = PRESENTATION_STYLE_ASSIGNMENT((#15009));
#15009 = SURFACE_STYLE_USAGE(.BOTH.,#15010);
#15010 = SURFACE_SIDE_STYLE('',(#15011));
#15011 = SURFACE_STYLE_FILL_AREA(#15012);
#15012 = FILL_AREA_STYLE('',(#15013));
#15013 = FILL_AREA_STYLE_COLOUR('',#14003);
#15014 = STYLED_ITEM('color',(#15015),#6540);
#15015 = PRESENTATION_STYLE_ASSIGNMENT((#15016));
#15016 = SURFACE_STYLE_USAGE(.BOTH.,#15017);
#15017 = SURFACE_SIDE_STYLE('',(#15018));
#15018 = SURFACE_STYLE_FILL_AREA(#15019);
#15019 = FILL_AREA_STYLE('',(#15020));
#15020 = FILL_AREA_STYLE_COLOUR('',#14003);
#15021 = STYLED_ITEM('color',(#15022),#6557);
#15022 = PRESENTATION_STYLE_ASSIGNMENT((#15023));
#15023 = SURFACE_STYLE_USAGE(.BOTH.,#15024);
#15024 = SURFACE_SIDE_STYLE('',(#15025));
#15025 = SURFACE_STYLE_FILL_AREA(#15026);
#15026 = FILL_AREA_STYLE('',(#15027));
#15027 = FILL_AREA_STYLE_COLOUR('',#14003);
#15028 = STYLED_ITEM('color',(#15029),#6574);
#15029 = PRESENTATION_STYLE_ASSIGNMENT((#15030));
#15030 = SURFACE_STYLE_USAGE(.BOTH.,#15031);
#15031 = SURFACE_SIDE_STYLE('',(#15032));
#15032 = SURFACE_STYLE_FILL_AREA(#15033);
#15033 = FILL_AREA_STYLE('',(#15034));
#15034 = FILL_AREA_STYLE_COLOUR('',#14003);
#15035 = STYLED_ITEM('color',(#15036),#6586);
#15036 = PRESENTATION_STYLE_ASSIGNMENT((#15037));
#15037 = SURFACE_STYLE_USAGE(.BOTH.,#15038);
#15038 = SURFACE_SIDE_STYLE('',(#15039));
#15039 = SURFACE_STYLE_FILL_AREA(#15040);
#15040 = FILL_AREA_STYLE('',(#15041));
#15041 = FILL_AREA_STYLE_COLOUR('',#14003);
#15042 = STYLED_ITEM('color',(#15043),#6603);
#15043 = PRESENTATION_STYLE_ASSIGNMENT((#15044));
#15044 = SURFACE_STYLE_USAGE(.BOTH.,#15045);
#15045 = SURFACE_SIDE_STYLE('',(#15046));
#15046 = SURFACE_STYLE_FILL_AREA(#15047);
#15047 = FILL_AREA_STYLE('',(#15048));
#15048 = FILL_AREA_STYLE_COLOUR('',#14003);
#15049 = STYLED_ITEM('color',(#15050),#6620);
#15050 = PRESENTATION_STYLE_ASSIGNMENT((#15051));
#15051 = SURFACE_STYLE_USAGE(.BOTH.,#15052);
#15052 = SURFACE_SIDE_STYLE('',(#15053));
#15053 = SURFACE_STYLE_FILL_AREA(#15054);
#15054 = FILL_AREA_STYLE('',(#15055));
#15055 = FILL_AREA_STYLE_COLOUR('',#14003);
#15056 = STYLED_ITEM('color',(#15057),#6637);
#15057 = PRESENTATION_STYLE_ASSIGNMENT((#15058));
#15058 = SURFACE_STYLE_USAGE(.BOTH.,#15059);
#15059 = SURFACE_SIDE_STYLE('',(#15060));
#15060 = SURFACE_STYLE_FILL_AREA(#15061);
#15061 = FILL_AREA_STYLE('',(#15062));
#15062 = FILL_AREA_STYLE_COLOUR('',#14003);
#15063 = STYLED_ITEM('color',(#15064),#6654);
#15064 = PRESENTATION_STYLE_ASSIGNMENT((#15065));
#15065 = SURFACE_STYLE_USAGE(.BOTH.,#15066);
#15066 = SURFACE_SIDE_STYLE('',(#15067));
#15067 = SURFACE_STYLE_FILL_AREA(#15068);
#15068 = FILL_AREA_STYLE('',(#15069));
#15069 = FILL_AREA_STYLE_COLOUR('',#14003);
#15070 = STYLED_ITEM('color',(#15071),#6666);
#15071 = PRESENTATION_STYLE_ASSIGNMENT((#15072));
#15072 = SURFACE_STYLE_USAGE(.BOTH.,#15073);
#15073 = SURFACE_SIDE_STYLE('',(#15074));
#15074 = SURFACE_STYLE_FILL_AREA(#15075);
#15075 = FILL_AREA_STYLE('',(#15076));
#15076 = FILL_AREA_STYLE_COLOUR('',#14003);
#15077 = STYLED_ITEM('color',(#15078),#6683);
#15078 = PRESENTATION_STYLE_ASSIGNMENT((#15079));
#15079 = SURFACE_STYLE_USAGE(.BOTH.,#15080);
#15080 = SURFACE_SIDE_STYLE('',(#15081));
#15081 = SURFACE_STYLE_FILL_AREA(#15082);
#15082 = FILL_AREA_STYLE('',(#15083));
#15083 = FILL_AREA_STYLE_COLOUR('',#14003);
#15084 = STYLED_ITEM('color',(#15085),#6700);
#15085 = PRESENTATION_STYLE_ASSIGNMENT((#15086));
#15086 = SURFACE_STYLE_USAGE(.BOTH.,#15087);
#15087 = SURFACE_SIDE_STYLE('',(#15088));
#15088 = SURFACE_STYLE_FILL_AREA(#15089);
#15089 = FILL_AREA_STYLE('',(#15090));
#15090 = FILL_AREA_STYLE_COLOUR('',#14003);
#15091 = STYLED_ITEM('color',(#15092),#6717);
#15092 = PRESENTATION_STYLE_ASSIGNMENT((#15093));
#15093 = SURFACE_STYLE_USAGE(.BOTH.,#15094);
#15094 = SURFACE_SIDE_STYLE('',(#15095));
#15095 = SURFACE_STYLE_FILL_AREA(#15096);
#15096 = FILL_AREA_STYLE('',(#15097));
#15097 = FILL_AREA_STYLE_COLOUR('',#14003);
#15098 = STYLED_ITEM('color',(#15099),#6734);
#15099 = PRESENTATION_STYLE_ASSIGNMENT((#15100));
#15100 = SURFACE_STYLE_USAGE(.BOTH.,#15101);
#15101 = SURFACE_SIDE_STYLE('',(#15102));
#15102 = SURFACE_STYLE_FILL_AREA(#15103);
#15103 = FILL_AREA_STYLE('',(#15104));
#15104 = FILL_AREA_STYLE_COLOUR('',#14003);
#15105 = MECHANICAL_DESIGN_GEOMETRIC_PRESENTATION_REPRESENTATION('',(
    #15106),#13948);
#15106 = STYLED_ITEM('color',(#15107),#11132);
#15107 = PRESENTATION_STYLE_ASSIGNMENT((#15108));
#15108 = SURFACE_STYLE_USAGE(.BOTH.,#15109);
#15109 = SURFACE_SIDE_STYLE('',(#15110));
#15110 = SURFACE_STYLE_FILL_AREA(#15111);
#15111 = FILL_AREA_STYLE('',(#15112));
#15112 = FILL_AREA_STYLE_COLOUR('',#15113);
#15113 = COLOUR_RGB('',0.313304153717,0.484529207832,0.410020903123);
#15114 = MECHANICAL_DESIGN_GEOMETRIC_PRESENTATION_REPRESENTATION('',(
    #15115,#15122,#15129,#15137,#15144,#15152,#15159,#15166,#15173,
    #15180,#15187,#15194,#15201,#15208,#15215,#15222,#15229,#15236,
    #15243,#15250,#15257,#15264,#15271,#15278,#15285,#15292,#15299,
    #15306,#15313,#15320,#15327,#15334,#15341,#15348,#15355,#15362,
    #15369,#15376,#15383,#15390,#15397,#15404,#15411,#15418,#15425,
    #15432),#1932);
#15115 = STYLED_ITEM('color',(#15116),#110);
#15116 = PRESENTATION_STYLE_ASSIGNMENT((#15117));
#15117 = SURFACE_STYLE_USAGE(.BOTH.,#15118);
#15118 = SURFACE_SIDE_STYLE('',(#15119));
#15119 = SURFACE_STYLE_FILL_AREA(#15120);
#15120 = FILL_AREA_STYLE('',(#15121));
#15121 = FILL_AREA_STYLE_COLOUR('',#14003);
#15122 = STYLED_ITEM('color',(#15123),#127);
#15123 = PRESENTATION_STYLE_ASSIGNMENT((#15124));
#15124 = SURFACE_STYLE_USAGE(.BOTH.,#15125);
#15125 = SURFACE_SIDE_STYLE('',(#15126));
#15126 = SURFACE_STYLE_FILL_AREA(#15127);
#15127 = FILL_AREA_STYLE('',(#15128));
#15128 = FILL_AREA_STYLE_COLOUR('',#14003);
#15129 = STYLED_ITEM('color',(#15130),#152);
#15130 = PRESENTATION_STYLE_ASSIGNMENT((#15131));
#15131 = SURFACE_STYLE_USAGE(.BOTH.,#15132);
#15132 = SURFACE_SIDE_STYLE('',(#15133));
#15133 = SURFACE_STYLE_FILL_AREA(#15134);
#15134 = FILL_AREA_STYLE('',(#15135));
#15135 = FILL_AREA_STYLE_COLOUR('',#15136);
#15136 = COLOUR_RGB('',0.136999991899,0.40200001271,0.726999997272);
#15137 = STYLED_ITEM('color',(#15138),#201);
#15138 = PRESENTATION_STYLE_ASSIGNMENT((#15139));
#15139 = SURFACE_STYLE_USAGE(.BOTH.,#15140);
#15140 = SURFACE_SIDE_STYLE('',(#15141));
#15141 = SURFACE_STYLE_FILL_AREA(#15142);
#15142 = FILL_AREA_STYLE('',(#15143));
#15143 = FILL_AREA_STYLE_COLOUR('',#15136);
#15144 = STYLED_ITEM('color',(#15145),#234);
#15145 = PRESENTATION_STYLE_ASSIGNMENT((#15146));
#15146 = SURFACE_STYLE_USAGE(.BOTH.,#15147);
#15147 = SURFACE_SIDE_STYLE('',(#15148));
#15148 = SURFACE_STYLE_FILL_AREA(#15149);
#15149 = FILL_AREA_STYLE('',(#15150));
#15150 = FILL_AREA_STYLE_COLOUR('',#15151);
#15151 = COLOUR_RGB('',0.690999977303,0.663999984767,0.597999987832);
#15152 = STYLED_ITEM('color',(#15153),#252);
#15153 = PRESENTATION_STYLE_ASSIGNMENT((#15154));
#15154 = SURFACE_STYLE_USAGE(.BOTH.,#15155);
#15155 = SURFACE_SIDE_STYLE('',(#15156));
#15156 = SURFACE_STYLE_FILL_AREA(#15157);
#15157 = FILL_AREA_STYLE('',(#15158));
#15158 = FILL_AREA_STYLE_COLOUR('',#14003);
#15159 = STYLED_ITEM('color',(#15160),#277);
#15160 = PRESENTATION_STYLE_ASSIGNMENT((#15161));
#15161 = SURFACE_STYLE_USAGE(.BOTH.,#15162);
#15162 = SURFACE_SIDE_STYLE('',(#15163));
#15163 = SURFACE_STYLE_FILL_AREA(#15164);
#15164 = FILL_AREA_STYLE('',(#15165));
#15165 = FILL_AREA_STYLE_COLOUR('',#15136);
#15166 = STYLED_ITEM('color',(#15167),#309);
#15167 = PRESENTATION_STYLE_ASSIGNMENT((#15168));
#15168 = SURFACE_STYLE_USAGE(.BOTH.,#15169);
#15169 = SURFACE_SIDE_STYLE('',(#15170));
#15170 = SURFACE_STYLE_FILL_AREA(#15171);
#15171 = FILL_AREA_STYLE('',(#15172));
#15172 = FILL_AREA_STYLE_COLOUR('',#15151);
#15173 = STYLED_ITEM('color',(#15174),#327);
#15174 = PRESENTATION_STYLE_ASSIGNMENT((#15175));
#15175 = SURFACE_STYLE_USAGE(.BOTH.,#15176);
#15176 = SURFACE_SIDE_STYLE('',(#15177));
#15177 = SURFACE_STYLE_FILL_AREA(#15178);
#15178 = FILL_AREA_STYLE('',(#15179));
#15179 = FILL_AREA_STYLE_COLOUR('',#14003);
#15180 = STYLED_ITEM('color',(#15181),#336);
#15181 = PRESENTATION_STYLE_ASSIGNMENT((#15182));
#15182 = SURFACE_STYLE_USAGE(.BOTH.,#15183);
#15183 = SURFACE_SIDE_STYLE('',(#15184));
#15184 = SURFACE_STYLE_FILL_AREA(#15185);
#15185 = FILL_AREA_STYLE('',(#15186));
#15186 = FILL_AREA_STYLE_COLOUR('',#15136);
#15187 = STYLED_ITEM('color',(#15188),#374);
#15188 = PRESENTATION_STYLE_ASSIGNMENT((#15189));
#15189 = SURFACE_STYLE_USAGE(.BOTH.,#15190);
#15190 = SURFACE_SIDE_STYLE('',(#15191));
#15191 = SURFACE_STYLE_FILL_AREA(#15192);
#15192 = FILL_AREA_STYLE('',(#15193));
#15193 = FILL_AREA_STYLE_COLOUR('',#15151);
#15194 = STYLED_ITEM('color',(#15195),#396);
#15195 = PRESENTATION_STYLE_ASSIGNMENT((#15196));
#15196 = SURFACE_STYLE_USAGE(.BOTH.,#15197);
#15197 = SURFACE_SIDE_STYLE('',(#15198));
#15198 = SURFACE_STYLE_FILL_AREA(#15199);
#15199 = FILL_AREA_STYLE('',(#15200));
#15200 = FILL_AREA_STYLE_COLOUR('',#15136);
#15201 = STYLED_ITEM('color',(#15202),#459);
#15202 = PRESENTATION_STYLE_ASSIGNMENT((#15203));
#15203 = SURFACE_STYLE_USAGE(.BOTH.,#15204);
#15204 = SURFACE_SIDE_STYLE('',(#15205));
#15205 = SURFACE_STYLE_FILL_AREA(#15206);
#15206 = FILL_AREA_STYLE('',(#15207));
#15207 = FILL_AREA_STYLE_COLOUR('',#15151);
#15208 = STYLED_ITEM('color',(#15209),#487);
#15209 = PRESENTATION_STYLE_ASSIGNMENT((#15210));
#15210 = SURFACE_STYLE_USAGE(.BOTH.,#15211);
#15211 = SURFACE_SIDE_STYLE('',(#15212));
#15212 = SURFACE_STYLE_FILL_AREA(#15213);
#15213 = FILL_AREA_STYLE('',(#15214));
#15214 = FILL_AREA_STYLE_COLOUR('',#15136);
#15215 = STYLED_ITEM('color',(#15216),#665);
#15216 = PRESENTATION_STYLE_ASSIGNMENT((#15217));
#15217 = SURFACE_STYLE_USAGE(.BOTH.,#15218);
#15218 = SURFACE_SIDE_STYLE('',(#15219));
#15219 = SURFACE_STYLE_FILL_AREA(#15220);
#15220 = FILL_AREA_STYLE('',(#15221));
#15221 = FILL_AREA_STYLE_COLOUR('',#15151);
#15222 = STYLED_ITEM('color',(#15223),#731);
#15223 = PRESENTATION_STYLE_ASSIGNMENT((#15224));
#15224 = SURFACE_STYLE_USAGE(.BOTH.,#15225);
#15225 = SURFACE_SIDE_STYLE('',(#15226));
#15226 = SURFACE_STYLE_FILL_AREA(#15227);
#15227 = FILL_AREA_STYLE('',(#15228));
#15228 = FILL_AREA_STYLE_COLOUR('',#15136);
#15229 = STYLED_ITEM('color',(#15230),#800);
#15230 = PRESENTATION_STYLE_ASSIGNMENT((#15231));
#15231 = SURFACE_STYLE_USAGE(.BOTH.,#15232);
#15232 = SURFACE_SIDE_STYLE('',(#15233));
#15233 = SURFACE_STYLE_FILL_AREA(#15234);
#15234 = FILL_AREA_STYLE('',(#15235));
#15235 = FILL_AREA_STYLE_COLOUR('',#15151);
#15236 = STYLED_ITEM('color',(#15237),#832);
#15237 = PRESENTATION_STYLE_ASSIGNMENT((#15238));
#15238 = SURFACE_STYLE_USAGE(.BOTH.,#15239);
#15239 = SURFACE_SIDE_STYLE('',(#15240));
#15240 = SURFACE_STYLE_FILL_AREA(#15241);
#15241 = FILL_AREA_STYLE('',(#15242));
#15242 = FILL_AREA_STYLE_COLOUR('',#15136);
#15243 = STYLED_ITEM('color',(#15244),#1010);
#15244 = PRESENTATION_STYLE_ASSIGNMENT((#15245));
#15245 = SURFACE_STYLE_USAGE(.BOTH.,#15246);
#15246 = SURFACE_SIDE_STYLE('',(#15247));
#15247 = SURFACE_STYLE_FILL_AREA(#15248);
#15248 = FILL_AREA_STYLE('',(#15249));
#15249 = FILL_AREA_STYLE_COLOUR('',#15151);
#15250 = STYLED_ITEM('color',(#15251),#1076);
#15251 = PRESENTATION_STYLE_ASSIGNMENT((#15252));
#15252 = SURFACE_STYLE_USAGE(.BOTH.,#15253);
#15253 = SURFACE_SIDE_STYLE('',(#15254));
#15254 = SURFACE_STYLE_FILL_AREA(#15255);
#15255 = FILL_AREA_STYLE('',(#15256));
#15256 = FILL_AREA_STYLE_COLOUR('',#15136);
#15257 = STYLED_ITEM('color',(#15258),#1108);
#15258 = PRESENTATION_STYLE_ASSIGNMENT((#15259));
#15259 = SURFACE_STYLE_USAGE(.BOTH.,#15260);
#15260 = SURFACE_SIDE_STYLE('',(#15261));
#15261 = SURFACE_STYLE_FILL_AREA(#15262);
#15262 = FILL_AREA_STYLE('',(#15263));
#15263 = FILL_AREA_STYLE_COLOUR('',#15151);
#15264 = STYLED_ITEM('color',(#15265),#1218);
#15265 = PRESENTATION_STYLE_ASSIGNMENT((#15266));
#15266 = SURFACE_STYLE_USAGE(.BOTH.,#15267);
#15267 = SURFACE_SIDE_STYLE('',(#15268));
#15268 = SURFACE_STYLE_FILL_AREA(#15269);
#15269 = FILL_AREA_STYLE('',(#15270));
#15270 = FILL_AREA_STYLE_COLOUR('',#15136);
#15271 = STYLED_ITEM('color',(#15272),#1252);
#15272 = PRESENTATION_STYLE_ASSIGNMENT((#15273));
#15273 = SURFACE_STYLE_USAGE(.BOTH.,#15274);
#15274 = SURFACE_SIDE_STYLE('',(#15275));
#15275 = SURFACE_STYLE_FILL_AREA(#15276);
#15276 = FILL_AREA_STYLE('',(#15277));
#15277 = FILL_AREA_STYLE_COLOUR('',#15151);
#15278 = STYLED_ITEM('color',(#15279),#1270);
#15279 = PRESENTATION_STYLE_ASSIGNMENT((#15280));
#15280 = SURFACE_STYLE_USAGE(.BOTH.,#15281);
#15281 = SURFACE_SIDE_STYLE('',(#15282));
#15282 = SURFACE_STYLE_FILL_AREA(#15283);
#15283 = FILL_AREA_STYLE('',(#15284));
#15284 = FILL_AREA_STYLE_COLOUR('',#14075);
#15285 = STYLED_ITEM('color',(#15286),#1286);
#15286 = PRESENTATION_STYLE_ASSIGNMENT((#15287));
#15287 = SURFACE_STYLE_USAGE(.BOTH.,#15288);
#15288 = SURFACE_SIDE_STYLE('',(#15289));
#15289 = SURFACE_STYLE_FILL_AREA(#15290);
#15290 = FILL_AREA_STYLE('',(#15291));
#15291 = FILL_AREA_STYLE_COLOUR('',#15136);
#15292 = STYLED_ITEM('color',(#15293),#1318);
#15293 = PRESENTATION_STYLE_ASSIGNMENT((#15294));
#15294 = SURFACE_STYLE_USAGE(.BOTH.,#15295);
#15295 = SURFACE_SIDE_STYLE('',(#15296));
#15296 = SURFACE_STYLE_FILL_AREA(#15297);
#15297 = FILL_AREA_STYLE('',(#15298));
#15298 = FILL_AREA_STYLE_COLOUR('',#15151);
#15299 = STYLED_ITEM('color',(#15300),#1336);
#15300 = PRESENTATION_STYLE_ASSIGNMENT((#15301));
#15301 = SURFACE_STYLE_USAGE(.BOTH.,#15302);
#15302 = SURFACE_SIDE_STYLE('',(#15303));
#15303 = SURFACE_STYLE_FILL_AREA(#15304);
#15304 = FILL_AREA_STYLE('',(#15305));
#15305 = FILL_AREA_STYLE_COLOUR('',#15136);
#15306 = STYLED_ITEM('color',(#15307),#1479);
#15307 = PRESENTATION_STYLE_ASSIGNMENT((#15308));
#15308 = SURFACE_STYLE_USAGE(.BOTH.,#15309);
#15309 = SURFACE_SIDE_STYLE('',(#15310));
#15310 = SURFACE_STYLE_FILL_AREA(#15311);
#15311 = FILL_AREA_STYLE('',(#15312));
#15312 = FILL_AREA_STYLE_COLOUR('',#15151);
#15313 = STYLED_ITEM('color',(#15314),#1531);
#15314 = PRESENTATION_STYLE_ASSIGNMENT((#15315));
#15315 = SURFACE_STYLE_USAGE(.BOTH.,#15316);
#15316 = SURFACE_SIDE_STYLE('',(#15317));
#15317 = SURFACE_STYLE_FILL_AREA(#15318);
#15318 = FILL_AREA_STYLE('',(#15319));
#15319 = FILL_AREA_STYLE_COLOUR('',#14003);
#15320 = STYLED_ITEM('color',(#15321),#1555);
#15321 = PRESENTATION_STYLE_ASSIGNMENT((#15322));
#15322 = SURFACE_STYLE_USAGE(.BOTH.,#15323);
#15323 = SURFACE_SIDE_STYLE('',(#15324));
#15324 = SURFACE_STYLE_FILL_AREA(#15325);
#15325 = FILL_AREA_STYLE('',(#15326));
#15326 = FILL_AREA_STYLE_COLOUR('',#14003);
#15327 = STYLED_ITEM('color',(#15328),#1579);
#15328 = PRESENTATION_STYLE_ASSIGNMENT((#15329));
#15329 = SURFACE_STYLE_USAGE(.BOTH.,#15330);
#15330 = SURFACE_SIDE_STYLE('',(#15331));
#15331 = SURFACE_STYLE_FILL_AREA(#15332);
#15332 = FILL_AREA_STYLE('',(#15333));
#15333 = FILL_AREA_STYLE_COLOUR('',#14003);
#15334 = STYLED_ITEM('color',(#15335),#1603);
#15335 = PRESENTATION_STYLE_ASSIGNMENT((#15336));
#15336 = SURFACE_STYLE_USAGE(.BOTH.,#15337);
#15337 = SURFACE_SIDE_STYLE('',(#15338));
#15338 = SURFACE_STYLE_FILL_AREA(#15339);
#15339 = FILL_AREA_STYLE('',(#15340));
#15340 = FILL_AREA_STYLE_COLOUR('',#14003);
#15341 = STYLED_ITEM('color',(#15342),#1665);
#15342 = PRESENTATION_STYLE_ASSIGNMENT((#15343));
#15343 = SURFACE_STYLE_USAGE(.BOTH.,#15344);
#15344 = SURFACE_SIDE_STYLE('',(#15345));
#15345 = SURFACE_STYLE_FILL_AREA(#15346);
#15346 = FILL_AREA_STYLE('',(#15347));
#15347 = FILL_AREA_STYLE_COLOUR('',#14003);
#15348 = STYLED_ITEM('color',(#15349),#1682);
#15349 = PRESENTATION_STYLE_ASSIGNMENT((#15350));
#15350 = SURFACE_STYLE_USAGE(.BOTH.,#15351);
#15351 = SURFACE_SIDE_STYLE('',(#15352));
#15352 = SURFACE_STYLE_FILL_AREA(#15353);
#15353 = FILL_AREA_STYLE('',(#15354));
#15354 = FILL_AREA_STYLE_COLOUR('',#14003);
#15355 = STYLED_ITEM('color',(#15356),#1706);
#15356 = PRESENTATION_STYLE_ASSIGNMENT((#15357));
#15357 = SURFACE_STYLE_USAGE(.BOTH.,#15358);
#15358 = SURFACE_SIDE_STYLE('',(#15359));
#15359 = SURFACE_STYLE_FILL_AREA(#15360);
#15360 = FILL_AREA_STYLE('',(#15361));
#15361 = FILL_AREA_STYLE_COLOUR('',#14003);
#15362 = STYLED_ITEM('color',(#15363),#1722);
#15363 = PRESENTATION_STYLE_ASSIGNMENT((#15364));
#15364 = SURFACE_STYLE_USAGE(.BOTH.,#15365);
#15365 = SURFACE_SIDE_STYLE('',(#15366));
#15366 = SURFACE_STYLE_FILL_AREA(#15367);
#15367 = FILL_AREA_STYLE('',(#15368));
#15368 = FILL_AREA_STYLE_COLOUR('',#14003);
#15369 = STYLED_ITEM('color',(#15370),#1746);
#15370 = PRESENTATION_STYLE_ASSIGNMENT((#15371));
#15371 = SURFACE_STYLE_USAGE(.BOTH.,#15372);
#15372 = SURFACE_SIDE_STYLE('',(#15373));
#15373 = SURFACE_STYLE_FILL_AREA(#15374);
#15374 = FILL_AREA_STYLE('',(#15375));
#15375 = FILL_AREA_STYLE_COLOUR('',#14003);
#15376 = STYLED_ITEM('color',(#15377),#1758);
#15377 = PRESENTATION_STYLE_ASSIGNMENT((#15378));
#15378 = SURFACE_STYLE_USAGE(.BOTH.,#15379);
#15379 = SURFACE_SIDE_STYLE('',(#15380));
#15380 = SURFACE_STYLE_FILL_AREA(#15381);
#15381 = FILL_AREA_STYLE('',(#15382));
#15382 = FILL_AREA_STYLE_COLOUR('',#14003);
#15383 = STYLED_ITEM('color',(#15384),#1774);
#15384 = PRESENTATION_STYLE_ASSIGNMENT((#15385));
#15385 = SURFACE_STYLE_USAGE(.BOTH.,#15386);
#15386 = SURFACE_SIDE_STYLE('',(#15387));
#15387 = SURFACE_STYLE_FILL_AREA(#15388);
#15388 = FILL_AREA_STYLE('',(#15389));
#15389 = FILL_AREA_STYLE_COLOUR('',#14003);
#15390 = STYLED_ITEM('color',(#15391),#1786);
#15391 = PRESENTATION_STYLE_ASSIGNMENT((#15392));
#15392 = SURFACE_STYLE_USAGE(.BOTH.,#15393);
#15393 = SURFACE_SIDE_STYLE('',(#15394));
#15394 = SURFACE_STYLE_FILL_AREA(#15395);
#15395 = FILL_AREA_STYLE('',(#15396));
#15396 = FILL_AREA_STYLE_COLOUR('',#14003);
#15397 = STYLED_ITEM('color',(#15398),#1798);
#15398 = PRESENTATION_STYLE_ASSIGNMENT((#15399));
#15399 = SURFACE_STYLE_USAGE(.BOTH.,#15400);
#15400 = SURFACE_SIDE_STYLE('',(#15401));
#15401 = SURFACE_STYLE_FILL_AREA(#15402);
#15402 = FILL_AREA_STYLE('',(#15403));
#15403 = FILL_AREA_STYLE_COLOUR('',#14003);
#15404 = STYLED_ITEM('color',(#15405),#1812);
#15405 = PRESENTATION_STYLE_ASSIGNMENT((#15406));
#15406 = SURFACE_STYLE_USAGE(.BOTH.,#15407);
#15407 = SURFACE_SIDE_STYLE('',(#15408));
#15408 = SURFACE_STYLE_FILL_AREA(#15409);
#15409 = FILL_AREA_STYLE('',(#15410));
#15410 = FILL_AREA_STYLE_COLOUR('',#15151);
#15411 = STYLED_ITEM('color',(#15412),#1845);
#15412 = PRESENTATION_STYLE_ASSIGNMENT((#15413));
#15413 = SURFACE_STYLE_USAGE(.BOTH.,#15414);
#15414 = SURFACE_SIDE_STYLE('',(#15415));
#15415 = SURFACE_STYLE_FILL_AREA(#15416);
#15416 = FILL_AREA_STYLE('',(#15417));
#15417 = FILL_AREA_STYLE_COLOUR('',#15151);
#15418 = STYLED_ITEM('color',(#15419),#1877);
#15419 = PRESENTATION_STYLE_ASSIGNMENT((#15420));
#15420 = SURFACE_STYLE_USAGE(.BOTH.,#15421);
#15421 = SURFACE_SIDE_STYLE('',(#15422));
#15422 = SURFACE_STYLE_FILL_AREA(#15423);
#15423 = FILL_AREA_STYLE('',(#15424));
#15424 = FILL_AREA_STYLE_COLOUR('',#15136);
#15425 = STYLED_ITEM('color',(#15426),#1894);
#15426 = PRESENTATION_STYLE_ASSIGNMENT((#15427));
#15427 = SURFACE_STYLE_USAGE(.BOTH.,#15428);
#15428 = SURFACE_SIDE_STYLE('',(#15429));
#15429 = SURFACE_STYLE_FILL_AREA(#15430);
#15430 = FILL_AREA_STYLE('',(#15431));
#15431 = FILL_AREA_STYLE_COLOUR('',#15136);
#15432 = STYLED_ITEM('color',(#15433),#1921);
#15433 = PRESENTATION_STYLE_ASSIGNMENT((#15434));
#15434 = SURFACE_STYLE_USAGE(.BOTH.,#15435);
#15435 = SURFACE_SIDE_STYLE('',(#15436));
#15436 = SURFACE_STYLE_FILL_AREA(#15437);
#15437 = FILL_AREA_STYLE('',(#15438));
#15438 = FILL_AREA_STYLE_COLOUR('',#14003);
#15439 = MECHANICAL_DESIGN_GEOMETRIC_PRESENTATION_REPRESENTATION('',(
    #15440,#15447,#15454,#15461,#15468,#15475,#15482,#15489,#15496,
    #15503,#15510,#15517,#15524,#15531,#15538,#15545,#15552,#15560,
    #15567,#15574,#15581,#15588,#15595,#15602,#15609,#15616,#15623,
    #15630,#15637,#15644,#15651,#15658,#15665,#15672,#15679,#15686,
    #15693,#15700,#15707,#15714,#15721,#15728,#15735,#15742,#15749,
    #15756,#15763,#15770,#15777,#15784,#15791,#15798),#8225);
#15440 = STYLED_ITEM('color',(#15441),#6795);
#15441 = PRESENTATION_STYLE_ASSIGNMENT((#15442));
#15442 = SURFACE_STYLE_USAGE(.BOTH.,#15443);
#15443 = SURFACE_SIDE_STYLE('',(#15444));
#15444 = SURFACE_STYLE_FILL_AREA(#15445);
#15445 = FILL_AREA_STYLE('',(#15446));
#15446 = FILL_AREA_STYLE_COLOUR('',#14075);
#15447 = STYLED_ITEM('color',(#15448),#6835);
#15448 = PRESENTATION_STYLE_ASSIGNMENT((#15449));
#15449 = SURFACE_STYLE_USAGE(.BOTH.,#15450);
#15450 = SURFACE_SIDE_STYLE('',(#15451));
#15451 = SURFACE_STYLE_FILL_AREA(#15452);
#15452 = FILL_AREA_STYLE('',(#15453));
#15453 = FILL_AREA_STYLE_COLOUR('',#14075);
#15454 = STYLED_ITEM('color',(#15455),#6866);
#15455 = PRESENTATION_STYLE_ASSIGNMENT((#15456));
#15456 = SURFACE_STYLE_USAGE(.BOTH.,#15457);
#15457 = SURFACE_SIDE_STYLE('',(#15458));
#15458 = SURFACE_STYLE_FILL_AREA(#15459);
#15459 = FILL_AREA_STYLE('',(#15460));
#15460 = FILL_AREA_STYLE_COLOUR('',#14075);
#15461 = STYLED_ITEM('color',(#15462),#6897);
#15462 = PRESENTATION_STYLE_ASSIGNMENT((#15463));
#15463 = SURFACE_STYLE_USAGE(.BOTH.,#15464);
#15464 = SURFACE_SIDE_STYLE('',(#15465));
#15465 = SURFACE_STYLE_FILL_AREA(#15466);
#15466 = FILL_AREA_STYLE('',(#15467));
#15467 = FILL_AREA_STYLE_COLOUR('',#14075);
#15468 = STYLED_ITEM('color',(#15469),#7062);
#15469 = PRESENTATION_STYLE_ASSIGNMENT((#15470));
#15470 = SURFACE_STYLE_USAGE(.BOTH.,#15471);
#15471 = SURFACE_SIDE_STYLE('',(#15472));
#15472 = SURFACE_STYLE_FILL_AREA(#15473);
#15473 = FILL_AREA_STYLE('',(#15474));
#15474 = FILL_AREA_STYLE_COLOUR('',#14075);
#15475 = STYLED_ITEM('color',(#15476),#7227);
#15476 = PRESENTATION_STYLE_ASSIGNMENT((#15477));
#15477 = SURFACE_STYLE_USAGE(.BOTH.,#15478);
#15478 = SURFACE_SIDE_STYLE('',(#15479));
#15479 = SURFACE_STYLE_FILL_AREA(#15480);
#15480 = FILL_AREA_STYLE('',(#15481));
#15481 = FILL_AREA_STYLE_COLOUR('',#14075);
#15482 = STYLED_ITEM('color',(#15483),#7244);
#15483 = PRESENTATION_STYLE_ASSIGNMENT((#15484));
#15484 = SURFACE_STYLE_USAGE(.BOTH.,#15485);
#15485 = SURFACE_SIDE_STYLE('',(#15486));
#15486 = SURFACE_STYLE_FILL_AREA(#15487);
#15487 = FILL_AREA_STYLE('',(#15488));
#15488 = FILL_AREA_STYLE_COLOUR('',#14075);
#15489 = STYLED_ITEM('color',(#15490),#7261);
#15490 = PRESENTATION_STYLE_ASSIGNMENT((#15491));
#15491 = SURFACE_STYLE_USAGE(.BOTH.,#15492);
#15492 = SURFACE_SIDE_STYLE('',(#15493));
#15493 = SURFACE_STYLE_FILL_AREA(#15494);
#15494 = FILL_AREA_STYLE('',(#15495));
#15495 = FILL_AREA_STYLE_COLOUR('',#14075);
#15496 = STYLED_ITEM('color',(#15497),#7278);
#15497 = PRESENTATION_STYLE_ASSIGNMENT((#15498));
#15498 = SURFACE_STYLE_USAGE(.BOTH.,#15499);
#15499 = SURFACE_SIDE_STYLE('',(#15500));
#15500 = SURFACE_STYLE_FILL_AREA(#15501);
#15501 = FILL_AREA_STYLE('',(#15502));
#15502 = FILL_AREA_STYLE_COLOUR('',#14075);
#15503 = STYLED_ITEM('color',(#15504),#7295);
#15504 = PRESENTATION_STYLE_ASSIGNMENT((#15505));
#15505 = SURFACE_STYLE_USAGE(.BOTH.,#15506);
#15506 = SURFACE_SIDE_STYLE('',(#15507));
#15507 = SURFACE_STYLE_FILL_AREA(#15508);
#15508 = FILL_AREA_STYLE('',(#15509));
#15509 = FILL_AREA_STYLE_COLOUR('',#14075);
#15510 = STYLED_ITEM('color',(#15511),#7312);
#15511 = PRESENTATION_STYLE_ASSIGNMENT((#15512));
#15512 = SURFACE_STYLE_USAGE(.BOTH.,#15513);
#15513 = SURFACE_SIDE_STYLE('',(#15514));
#15514 = SURFACE_STYLE_FILL_AREA(#15515);
#15515 = FILL_AREA_STYLE('',(#15516));
#15516 = FILL_AREA_STYLE_COLOUR('',#14075);
#15517 = STYLED_ITEM('color',(#15518),#7329);
#15518 = PRESENTATION_STYLE_ASSIGNMENT((#15519));
#15519 = SURFACE_STYLE_USAGE(.BOTH.,#15520);
#15520 = SURFACE_SIDE_STYLE('',(#15521));
#15521 = SURFACE_STYLE_FILL_AREA(#15522);
#15522 = FILL_AREA_STYLE('',(#15523));
#15523 = FILL_AREA_STYLE_COLOUR('',#14075);
#15524 = STYLED_ITEM('color',(#15525),#7346);
#15525 = PRESENTATION_STYLE_ASSIGNMENT((#15526));
#15526 = SURFACE_STYLE_USAGE(.BOTH.,#15527);
#15527 = SURFACE_SIDE_STYLE('',(#15528));
#15528 = SURFACE_STYLE_FILL_AREA(#15529);
#15529 = FILL_AREA_STYLE('',(#15530));
#15530 = FILL_AREA_STYLE_COLOUR('',#14075);
#15531 = STYLED_ITEM('color',(#15532),#7363);
#15532 = PRESENTATION_STYLE_ASSIGNMENT((#15533));
#15533 = SURFACE_STYLE_USAGE(.BOTH.,#15534);
#15534 = SURFACE_SIDE_STYLE('',(#15535));
#15535 = SURFACE_STYLE_FILL_AREA(#15536);
#15536 = FILL_AREA_STYLE('',(#15537));
#15537 = FILL_AREA_STYLE_COLOUR('',#14075);
#15538 = STYLED_ITEM('color',(#15539),#7380);
#15539 = PRESENTATION_STYLE_ASSIGNMENT((#15540));
#15540 = SURFACE_STYLE_USAGE(.BOTH.,#15541);
#15541 = SURFACE_SIDE_STYLE('',(#15542));
#15542 = SURFACE_STYLE_FILL_AREA(#15543);
#15543 = FILL_AREA_STYLE('',(#15544));
#15544 = FILL_AREA_STYLE_COLOUR('',#14075);
#15545 = STYLED_ITEM('color',(#15546),#7397);
#15546 = PRESENTATION_STYLE_ASSIGNMENT((#15547));
#15547 = SURFACE_STYLE_USAGE(.BOTH.,#15548);
#15548 = SURFACE_SIDE_STYLE('',(#15549));
#15549 = SURFACE_STYLE_FILL_AREA(#15550);
#15550 = FILL_AREA_STYLE('',(#15551));
#15551 = FILL_AREA_STYLE_COLOUR('',#14075);
#15552 = STYLED_ITEM('color',(#15553),#7409);
#15553 = PRESENTATION_STYLE_ASSIGNMENT((#15554));
#15554 = SURFACE_STYLE_USAGE(.BOTH.,#15555);
#15555 = SURFACE_SIDE_STYLE('',(#15556));
#15556 = SURFACE_STYLE_FILL_AREA(#15557);
#15557 = FILL_AREA_STYLE('',(#15558));
#15558 = FILL_AREA_STYLE_COLOUR('',#15559);
#15559 = COLOUR_RGB('',0.859000020776,0.737999965183,0.495999988746);
#15560 = STYLED_ITEM('color',(#15561),#7440);
#15561 = PRESENTATION_STYLE_ASSIGNMENT((#15562));
#15562 = SURFACE_STYLE_USAGE(.BOTH.,#15563);
#15563 = SURFACE_SIDE_STYLE('',(#15564));
#15564 = SURFACE_STYLE_FILL_AREA(#15565);
#15565 = FILL_AREA_STYLE('',(#15566));
#15566 = FILL_AREA_STYLE_COLOUR('',#15559);
#15567 = STYLED_ITEM('color',(#15568),#7464);
#15568 = PRESENTATION_STYLE_ASSIGNMENT((#15569));
#15569 = SURFACE_STYLE_USAGE(.BOTH.,#15570);
#15570 = SURFACE_SIDE_STYLE('',(#15571));
#15571 = SURFACE_STYLE_FILL_AREA(#15572);
#15572 = FILL_AREA_STYLE('',(#15573));
#15573 = FILL_AREA_STYLE_COLOUR('',#15559);
#15574 = STYLED_ITEM('color',(#15575),#7488);
#15575 = PRESENTATION_STYLE_ASSIGNMENT((#15576));
#15576 = SURFACE_STYLE_USAGE(.BOTH.,#15577);
#15577 = SURFACE_SIDE_STYLE('',(#15578));
#15578 = SURFACE_STYLE_FILL_AREA(#15579);
#15579 = FILL_AREA_STYLE('',(#15580));
#15580 = FILL_AREA_STYLE_COLOUR('',#15559);
#15581 = STYLED_ITEM('color',(#15582),#7505);
#15582 = PRESENTATION_STYLE_ASSIGNMENT((#15583));
#15583 = SURFACE_STYLE_USAGE(.BOTH.,#15584);
#15584 = SURFACE_SIDE_STYLE('',(#15585));
#15585 = SURFACE_STYLE_FILL_AREA(#15586);
#15586 = FILL_AREA_STYLE('',(#15587));
#15587 = FILL_AREA_STYLE_COLOUR('',#15559);
#15588 = STYLED_ITEM('color',(#15589),#7536);
#15589 = PRESENTATION_STYLE_ASSIGNMENT((#15590));
#15590 = SURFACE_STYLE_USAGE(.BOTH.,#15591);
#15591 = SURFACE_SIDE_STYLE('',(#15592));
#15592 = SURFACE_STYLE_FILL_AREA(#15593);
#15593 = FILL_AREA_STYLE('',(#15594));
#15594 = FILL_AREA_STYLE_COLOUR('',#15559);
#15595 = STYLED_ITEM('color',(#15596),#7560);
#15596 = PRESENTATION_STYLE_ASSIGNMENT((#15597));
#15597 = SURFACE_STYLE_USAGE(.BOTH.,#15598);
#15598 = SURFACE_SIDE_STYLE('',(#15599));
#15599 = SURFACE_STYLE_FILL_AREA(#15600);
#15600 = FILL_AREA_STYLE('',(#15601));
#15601 = FILL_AREA_STYLE_COLOUR('',#15559);
#15602 = STYLED_ITEM('color',(#15603),#7584);
#15603 = PRESENTATION_STYLE_ASSIGNMENT((#15604));
#15604 = SURFACE_STYLE_USAGE(.BOTH.,#15605);
#15605 = SURFACE_SIDE_STYLE('',(#15606));
#15606 = SURFACE_STYLE_FILL_AREA(#15607);
#15607 = FILL_AREA_STYLE('',(#15608));
#15608 = FILL_AREA_STYLE_COLOUR('',#15559);
#15609 = STYLED_ITEM('color',(#15610),#7601);
#15610 = PRESENTATION_STYLE_ASSIGNMENT((#15611));
#15611 = SURFACE_STYLE_USAGE(.BOTH.,#15612);
#15612 = SURFACE_SIDE_STYLE('',(#15613));
#15613 = SURFACE_STYLE_FILL_AREA(#15614);
#15614 = FILL_AREA_STYLE('',(#15615));
#15615 = FILL_AREA_STYLE_COLOUR('',#15559);
#15616 = STYLED_ITEM('color',(#15617),#7632);
#15617 = PRESENTATION_STYLE_ASSIGNMENT((#15618));
#15618 = SURFACE_STYLE_USAGE(.BOTH.,#15619);
#15619 = SURFACE_SIDE_STYLE('',(#15620));
#15620 = SURFACE_STYLE_FILL_AREA(#15621);
#15621 = FILL_AREA_STYLE('',(#15622));
#15622 = FILL_AREA_STYLE_COLOUR('',#15559);
#15623 = STYLED_ITEM('color',(#15624),#7656);
#15624 = PRESENTATION_STYLE_ASSIGNMENT((#15625));
#15625 = SURFACE_STYLE_USAGE(.BOTH.,#15626);
#15626 = SURFACE_SIDE_STYLE('',(#15627));
#15627 = SURFACE_STYLE_FILL_AREA(#15628);
#15628 = FILL_AREA_STYLE('',(#15629));
#15629 = FILL_AREA_STYLE_COLOUR('',#15559);
#15630 = STYLED_ITEM('color',(#15631),#7680);
#15631 = PRESENTATION_STYLE_ASSIGNMENT((#15632));
#15632 = SURFACE_STYLE_USAGE(.BOTH.,#15633);
#15633 = SURFACE_SIDE_STYLE('',(#15634));
#15634 = SURFACE_STYLE_FILL_AREA(#15635);
#15635 = FILL_AREA_STYLE('',(#15636));
#15636 = FILL_AREA_STYLE_COLOUR('',#15559);
#15637 = STYLED_ITEM('color',(#15638),#7697);
#15638 = PRESENTATION_STYLE_ASSIGNMENT((#15639));
#15639 = SURFACE_STYLE_USAGE(.BOTH.,#15640);
#15640 = SURFACE_SIDE_STYLE('',(#15641));
#15641 = SURFACE_STYLE_FILL_AREA(#15642);
#15642 = FILL_AREA_STYLE('',(#15643));
#15643 = FILL_AREA_STYLE_COLOUR('',#15559);
#15644 = STYLED_ITEM('color',(#15645),#7728);
#15645 = PRESENTATION_STYLE_ASSIGNMENT((#15646));
#15646 = SURFACE_STYLE_USAGE(.BOTH.,#15647);
#15647 = SURFACE_SIDE_STYLE('',(#15648));
#15648 = SURFACE_STYLE_FILL_AREA(#15649);
#15649 = FILL_AREA_STYLE('',(#15650));
#15650 = FILL_AREA_STYLE_COLOUR('',#15559);
#15651 = STYLED_ITEM('color',(#15652),#7752);
#15652 = PRESENTATION_STYLE_ASSIGNMENT((#15653));
#15653 = SURFACE_STYLE_USAGE(.BOTH.,#15654);
#15654 = SURFACE_SIDE_STYLE('',(#15655));
#15655 = SURFACE_STYLE_FILL_AREA(#15656);
#15656 = FILL_AREA_STYLE('',(#15657));
#15657 = FILL_AREA_STYLE_COLOUR('',#15559);
#15658 = STYLED_ITEM('color',(#15659),#7776);
#15659 = PRESENTATION_STYLE_ASSIGNMENT((#15660));
#15660 = SURFACE_STYLE_USAGE(.BOTH.,#15661);
#15661 = SURFACE_SIDE_STYLE('',(#15662));
#15662 = SURFACE_STYLE_FILL_AREA(#15663);
#15663 = FILL_AREA_STYLE('',(#15664));
#15664 = FILL_AREA_STYLE_COLOUR('',#15559);
#15665 = STYLED_ITEM('color',(#15666),#7793);
#15666 = PRESENTATION_STYLE_ASSIGNMENT((#15667));
#15667 = SURFACE_STYLE_USAGE(.BOTH.,#15668);
#15668 = SURFACE_SIDE_STYLE('',(#15669));
#15669 = SURFACE_STYLE_FILL_AREA(#15670);
#15670 = FILL_AREA_STYLE('',(#15671));
#15671 = FILL_AREA_STYLE_COLOUR('',#15559);
#15672 = STYLED_ITEM('color',(#15673),#7824);
#15673 = PRESENTATION_STYLE_ASSIGNMENT((#15674));
#15674 = SURFACE_STYLE_USAGE(.BOTH.,#15675);
#15675 = SURFACE_SIDE_STYLE('',(#15676));
#15676 = SURFACE_STYLE_FILL_AREA(#15677);
#15677 = FILL_AREA_STYLE('',(#15678));
#15678 = FILL_AREA_STYLE_COLOUR('',#15559);
#15679 = STYLED_ITEM('color',(#15680),#7848);
#15680 = PRESENTATION_STYLE_ASSIGNMENT((#15681));
#15681 = SURFACE_STYLE_USAGE(.BOTH.,#15682);
#15682 = SURFACE_SIDE_STYLE('',(#15683));
#15683 = SURFACE_STYLE_FILL_AREA(#15684);
#15684 = FILL_AREA_STYLE('',(#15685));
#15685 = FILL_AREA_STYLE_COLOUR('',#15559);
#15686 = STYLED_ITEM('color',(#15687),#7872);
#15687 = PRESENTATION_STYLE_ASSIGNMENT((#15688));
#15688 = SURFACE_STYLE_USAGE(.BOTH.,#15689);
#15689 = SURFACE_SIDE_STYLE('',(#15690));
#15690 = SURFACE_STYLE_FILL_AREA(#15691);
#15691 = FILL_AREA_STYLE('',(#15692));
#15692 = FILL_AREA_STYLE_COLOUR('',#15559);
#15693 = STYLED_ITEM('color',(#15694),#7889);
#15694 = PRESENTATION_STYLE_ASSIGNMENT((#15695));
#15695 = SURFACE_STYLE_USAGE(.BOTH.,#15696);
#15696 = SURFACE_SIDE_STYLE('',(#15697));
#15697 = SURFACE_STYLE_FILL_AREA(#15698);
#15698 = FILL_AREA_STYLE('',(#15699));
#15699 = FILL_AREA_STYLE_COLOUR('',#15559);
#15700 = STYLED_ITEM('color',(#15701),#7920);
#15701 = PRESENTATION_STYLE_ASSIGNMENT((#15702));
#15702 = SURFACE_STYLE_USAGE(.BOTH.,#15703);
#15703 = SURFACE_SIDE_STYLE('',(#15704));
#15704 = SURFACE_STYLE_FILL_AREA(#15705);
#15705 = FILL_AREA_STYLE('',(#15706));
#15706 = FILL_AREA_STYLE_COLOUR('',#15559);
#15707 = STYLED_ITEM('color',(#15708),#7944);
#15708 = PRESENTATION_STYLE_ASSIGNMENT((#15709));
#15709 = SURFACE_STYLE_USAGE(.BOTH.,#15710);
#15710 = SURFACE_SIDE_STYLE('',(#15711));
#15711 = SURFACE_STYLE_FILL_AREA(#15712);
#15712 = FILL_AREA_STYLE('',(#15713));
#15713 = FILL_AREA_STYLE_COLOUR('',#15559);
#15714 = STYLED_ITEM('color',(#15715),#7968);
#15715 = PRESENTATION_STYLE_ASSIGNMENT((#15716));
#15716 = SURFACE_STYLE_USAGE(.BOTH.,#15717);
#15717 = SURFACE_SIDE_STYLE('',(#15718));
#15718 = SURFACE_STYLE_FILL_AREA(#15719);
#15719 = FILL_AREA_STYLE('',(#15720));
#15720 = FILL_AREA_STYLE_COLOUR('',#15559);
#15721 = STYLED_ITEM('color',(#15722),#7985);
#15722 = PRESENTATION_STYLE_ASSIGNMENT((#15723));
#15723 = SURFACE_STYLE_USAGE(.BOTH.,#15724);
#15724 = SURFACE_SIDE_STYLE('',(#15725));
#15725 = SURFACE_STYLE_FILL_AREA(#15726);
#15726 = FILL_AREA_STYLE('',(#15727));
#15727 = FILL_AREA_STYLE_COLOUR('',#15559);
#15728 = STYLED_ITEM('color',(#15729),#8016);
#15729 = PRESENTATION_STYLE_ASSIGNMENT((#15730));
#15730 = SURFACE_STYLE_USAGE(.BOTH.,#15731);
#15731 = SURFACE_SIDE_STYLE('',(#15732));
#15732 = SURFACE_STYLE_FILL_AREA(#15733);
#15733 = FILL_AREA_STYLE('',(#15734));
#15734 = FILL_AREA_STYLE_COLOUR('',#15559);
#15735 = STYLED_ITEM('color',(#15736),#8040);
#15736 = PRESENTATION_STYLE_ASSIGNMENT((#15737));
#15737 = SURFACE_STYLE_USAGE(.BOTH.,#15738);
#15738 = SURFACE_SIDE_STYLE('',(#15739));
#15739 = SURFACE_STYLE_FILL_AREA(#15740);
#15740 = FILL_AREA_STYLE('',(#15741));
#15741 = FILL_AREA_STYLE_COLOUR('',#15559);
#15742 = STYLED_ITEM('color',(#15743),#8064);
#15743 = PRESENTATION_STYLE_ASSIGNMENT((#15744));
#15744 = SURFACE_STYLE_USAGE(.BOTH.,#15745);
#15745 = SURFACE_SIDE_STYLE('',(#15746));
#15746 = SURFACE_STYLE_FILL_AREA(#15747);
#15747 = FILL_AREA_STYLE('',(#15748));
#15748 = FILL_AREA_STYLE_COLOUR('',#15559);
#15749 = STYLED_ITEM('color',(#15750),#8081);
#15750 = PRESENTATION_STYLE_ASSIGNMENT((#15751));
#15751 = SURFACE_STYLE_USAGE(.BOTH.,#15752);
#15752 = SURFACE_SIDE_STYLE('',(#15753));
#15753 = SURFACE_STYLE_FILL_AREA(#15754);
#15754 = FILL_AREA_STYLE('',(#15755));
#15755 = FILL_AREA_STYLE_COLOUR('',#15559);
#15756 = STYLED_ITEM('color',(#15757),#8112);
#15757 = PRESENTATION_STYLE_ASSIGNMENT((#15758));
#15758 = SURFACE_STYLE_USAGE(.BOTH.,#15759);
#15759 = SURFACE_SIDE_STYLE('',(#15760));
#15760 = SURFACE_STYLE_FILL_AREA(#15761);
#15761 = FILL_AREA_STYLE('',(#15762));
#15762 = FILL_AREA_STYLE_COLOUR('',#15559);
#15763 = STYLED_ITEM('color',(#15764),#8136);
#15764 = PRESENTATION_STYLE_ASSIGNMENT((#15765));
#15765 = SURFACE_STYLE_USAGE(.BOTH.,#15766);
#15766 = SURFACE_SIDE_STYLE('',(#15767));
#15767 = SURFACE_STYLE_FILL_AREA(#15768);
#15768 = FILL_AREA_STYLE('',(#15769));
#15769 = FILL_AREA_STYLE_COLOUR('',#15559);
#15770 = STYLED_ITEM('color',(#15771),#8160);
#15771 = PRESENTATION_STYLE_ASSIGNMENT((#15772));
#15772 = SURFACE_STYLE_USAGE(.BOTH.,#15773);
#15773 = SURFACE_SIDE_STYLE('',(#15774));
#15774 = SURFACE_STYLE_FILL_AREA(#15775);
#15775 = FILL_AREA_STYLE('',(#15776));
#15776 = FILL_AREA_STYLE_COLOUR('',#15559);
#15777 = STYLED_ITEM('color',(#15778),#8177);
#15778 = PRESENTATION_STYLE_ASSIGNMENT((#15779));
#15779 = SURFACE_STYLE_USAGE(.BOTH.,#15780);
#15780 = SURFACE_SIDE_STYLE('',(#15781));
#15781 = SURFACE_STYLE_FILL_AREA(#15782);
#15782 = FILL_AREA_STYLE('',(#15783));
#15783 = FILL_AREA_STYLE_COLOUR('',#15559);
#15784 = STYLED_ITEM('color',(#15785),#8189);
#15785 = PRESENTATION_STYLE_ASSIGNMENT((#15786));
#15786 = SURFACE_STYLE_USAGE(.BOTH.,#15787);
#15787 = SURFACE_SIDE_STYLE('',(#15788));
#15788 = SURFACE_STYLE_FILL_AREA(#15789);
#15789 = FILL_AREA_STYLE('',(#15790));
#15790 = FILL_AREA_STYLE_COLOUR('',#15559);
#15791 = STYLED_ITEM('color',(#15792),#8201);
#15792 = PRESENTATION_STYLE_ASSIGNMENT((#15793));
#15793 = SURFACE_STYLE_USAGE(.BOTH.,#15794);
#15794 = SURFACE_SIDE_STYLE('',(#15795));
#15795 = SURFACE_STYLE_FILL_AREA(#15796);
#15796 = FILL_AREA_STYLE('',(#15797));
#15797 = FILL_AREA_STYLE_COLOUR('',#15559);
#15798 = STYLED_ITEM('color',(#15799),#8213);
#15799 = PRESENTATION_STYLE_ASSIGNMENT((#15800));
#15800 = SURFACE_STYLE_USAGE(.BOTH.,#15801);
#15801 = SURFACE_SIDE_STYLE('',(#15802));
#15802 = SURFACE_STYLE_FILL_AREA(#15803);
#15803 = FILL_AREA_STYLE('',(#15804));
#15804 = FILL_AREA_STYLE_COLOUR('',#15559);
#15805 = MECHANICAL_DESIGN_GEOMETRIC_PRESENTATION_REPRESENTATION('',(
    #15806,#15813,#15820,#15827,#15834,#15841,#15848,#15855,#15862,
    #15869,#15876,#15883,#15890,#15897,#15904,#15911,#15918,#15925,
    #15932,#15939,#15946,#15953,#15960,#15967,#15974,#15981,#15988,
    #15995,#16002,#16009,#16016,#16023,#16030,#16037,#16044,#16051,
    #16058,#16065,#16072,#16079,#16086,#16093,#16100,#16107,#16114,
    #16121,#16128,#16135,#16142,#16149,#16156,#16163,#16170,#16177,
    #16184,#16191,#16198,#16205,#16212,#16219,#16226,#16233,#16240,
    #16247,#16254,#16261,#16268,#16275,#16282,#16289,#16296,#16303,
    #16310,#16317,#16324,#16331),#10373);
#15806 = STYLED_ITEM('color',(#15807),#8269);
#15807 = PRESENTATION_STYLE_ASSIGNMENT((#15808));
#15808 = SURFACE_STYLE_USAGE(.BOTH.,#15809);
#15809 = SURFACE_SIDE_STYLE('',(#15810));
#15810 = SURFACE_STYLE_FILL_AREA(#15811);
#15811 = FILL_AREA_STYLE('',(#15812));
#15812 = FILL_AREA_STYLE_COLOUR('',#14075);
#15813 = STYLED_ITEM('color',(#15814),#8309);
#15814 = PRESENTATION_STYLE_ASSIGNMENT((#15815));
#15815 = SURFACE_STYLE_USAGE(.BOTH.,#15816);
#15816 = SURFACE_SIDE_STYLE('',(#15817));
#15817 = SURFACE_STYLE_FILL_AREA(#15818);
#15818 = FILL_AREA_STYLE('',(#15819));
#15819 = FILL_AREA_STYLE_COLOUR('',#14075);
#15820 = STYLED_ITEM('color',(#15821),#8340);
#15821 = PRESENTATION_STYLE_ASSIGNMENT((#15822));
#15822 = SURFACE_STYLE_USAGE(.BOTH.,#15823);
#15823 = SURFACE_SIDE_STYLE('',(#15824));
#15824 = SURFACE_STYLE_FILL_AREA(#15825);
#15825 = FILL_AREA_STYLE('',(#15826));
#15826 = FILL_AREA_STYLE_COLOUR('',#14075);
#15827 = STYLED_ITEM('color',(#15828),#8371);
#15828 = PRESENTATION_STYLE_ASSIGNMENT((#15829));
#15829 = SURFACE_STYLE_USAGE(.BOTH.,#15830);
#15830 = SURFACE_SIDE_STYLE('',(#15831));
#15831 = SURFACE_STYLE_FILL_AREA(#15832);
#15832 = FILL_AREA_STYLE('',(#15833));
#15833 = FILL_AREA_STYLE_COLOUR('',#14075);
#15834 = STYLED_ITEM('color',(#15835),#8618);
#15835 = PRESENTATION_STYLE_ASSIGNMENT((#15836));
#15836 = SURFACE_STYLE_USAGE(.BOTH.,#15837);
#15837 = SURFACE_SIDE_STYLE('',(#15838));
#15838 = SURFACE_STYLE_FILL_AREA(#15839);
#15839 = FILL_AREA_STYLE('',(#15840));
#15840 = FILL_AREA_STYLE_COLOUR('',#14075);
#15841 = STYLED_ITEM('color',(#15842),#8865);
#15842 = PRESENTATION_STYLE_ASSIGNMENT((#15843));
#15843 = SURFACE_STYLE_USAGE(.BOTH.,#15844);
#15844 = SURFACE_SIDE_STYLE('',(#15845));
#15845 = SURFACE_STYLE_FILL_AREA(#15846);
#15846 = FILL_AREA_STYLE('',(#15847));
#15847 = FILL_AREA_STYLE_COLOUR('',#14075);
#15848 = STYLED_ITEM('color',(#15849),#8882);
#15849 = PRESENTATION_STYLE_ASSIGNMENT((#15850));
#15850 = SURFACE_STYLE_USAGE(.BOTH.,#15851);
#15851 = SURFACE_SIDE_STYLE('',(#15852));
#15852 = SURFACE_STYLE_FILL_AREA(#15853);
#15853 = FILL_AREA_STYLE('',(#15854));
#15854 = FILL_AREA_STYLE_COLOUR('',#14075);
#15855 = STYLED_ITEM('color',(#15856),#8899);
#15856 = PRESENTATION_STYLE_ASSIGNMENT((#15857));
#15857 = SURFACE_STYLE_USAGE(.BOTH.,#15858);
#15858 = SURFACE_SIDE_STYLE('',(#15859));
#15859 = SURFACE_STYLE_FILL_AREA(#15860);
#15860 = FILL_AREA_STYLE('',(#15861));
#15861 = FILL_AREA_STYLE_COLOUR('',#14075);
#15862 = STYLED_ITEM('color',(#15863),#8916);
#15863 = PRESENTATION_STYLE_ASSIGNMENT((#15864));
#15864 = SURFACE_STYLE_USAGE(.BOTH.,#15865);
#15865 = SURFACE_SIDE_STYLE('',(#15866));
#15866 = SURFACE_STYLE_FILL_AREA(#15867);
#15867 = FILL_AREA_STYLE('',(#15868));
#15868 = FILL_AREA_STYLE_COLOUR('',#14075);
#15869 = STYLED_ITEM('color',(#15870),#8933);
#15870 = PRESENTATION_STYLE_ASSIGNMENT((#15871));
#15871 = SURFACE_STYLE_USAGE(.BOTH.,#15872);
#15872 = SURFACE_SIDE_STYLE('',(#15873));
#15873 = SURFACE_STYLE_FILL_AREA(#15874);
#15874 = FILL_AREA_STYLE('',(#15875));
#15875 = FILL_AREA_STYLE_COLOUR('',#14075);
#15876 = STYLED_ITEM('color',(#15877),#8950);
#15877 = PRESENTATION_STYLE_ASSIGNMENT((#15878));
#15878 = SURFACE_STYLE_USAGE(.BOTH.,#15879);
#15879 = SURFACE_SIDE_STYLE('',(#15880));
#15880 = SURFACE_STYLE_FILL_AREA(#15881);
#15881 = FILL_AREA_STYLE('',(#15882));
#15882 = FILL_AREA_STYLE_COLOUR('',#14075);
#15883 = STYLED_ITEM('color',(#15884),#8967);
#15884 = PRESENTATION_STYLE_ASSIGNMENT((#15885));
#15885 = SURFACE_STYLE_USAGE(.BOTH.,#15886);
#15886 = SURFACE_SIDE_STYLE('',(#15887));
#15887 = SURFACE_STYLE_FILL_AREA(#15888);
#15888 = FILL_AREA_STYLE('',(#15889));
#15889 = FILL_AREA_STYLE_COLOUR('',#14075);
#15890 = STYLED_ITEM('color',(#15891),#8984);
#15891 = PRESENTATION_STYLE_ASSIGNMENT((#15892));
#15892 = SURFACE_STYLE_USAGE(.BOTH.,#15893);
#15893 = SURFACE_SIDE_STYLE('',(#15894));
#15894 = SURFACE_STYLE_FILL_AREA(#15895);
#15895 = FILL_AREA_STYLE('',(#15896));
#15896 = FILL_AREA_STYLE_COLOUR('',#14075);
#15897 = STYLED_ITEM('color',(#15898),#9001);
#15898 = PRESENTATION_STYLE_ASSIGNMENT((#15899));
#15899 = SURFACE_STYLE_USAGE(.BOTH.,#15900);
#15900 = SURFACE_SIDE_STYLE('',(#15901));
#15901 = SURFACE_STYLE_FILL_AREA(#15902);
#15902 = FILL_AREA_STYLE('',(#15903));
#15903 = FILL_AREA_STYLE_COLOUR('',#14075);
#15904 = STYLED_ITEM('color',(#15905),#9018);
#15905 = PRESENTATION_STYLE_ASSIGNMENT((#15906));
#15906 = SURFACE_STYLE_USAGE(.BOTH.,#15907);
#15907 = SURFACE_SIDE_STYLE('',(#15908));
#15908 = SURFACE_STYLE_FILL_AREA(#15909);
#15909 = FILL_AREA_STYLE('',(#15910));
#15910 = FILL_AREA_STYLE_COLOUR('',#14075);
#15911 = STYLED_ITEM('color',(#15912),#9035);
#15912 = PRESENTATION_STYLE_ASSIGNMENT((#15913));
#15913 = SURFACE_STYLE_USAGE(.BOTH.,#15914);
#15914 = SURFACE_SIDE_STYLE('',(#15915));
#15915 = SURFACE_STYLE_FILL_AREA(#15916);
#15916 = FILL_AREA_STYLE('',(#15917));
#15917 = FILL_AREA_STYLE_COLOUR('',#14075);
#15918 = STYLED_ITEM('color',(#15919),#9052);
#15919 = PRESENTATION_STYLE_ASSIGNMENT((#15920));
#15920 = SURFACE_STYLE_USAGE(.BOTH.,#15921);
#15921 = SURFACE_SIDE_STYLE('',(#15922));
#15922 = SURFACE_STYLE_FILL_AREA(#15923);
#15923 = FILL_AREA_STYLE('',(#15924));
#15924 = FILL_AREA_STYLE_COLOUR('',#14075);
#15925 = STYLED_ITEM('color',(#15926),#9069);
#15926 = PRESENTATION_STYLE_ASSIGNMENT((#15927));
#15927 = SURFACE_STYLE_USAGE(.BOTH.,#15928);
#15928 = SURFACE_SIDE_STYLE('',(#15929));
#15929 = SURFACE_STYLE_FILL_AREA(#15930);
#15930 = FILL_AREA_STYLE('',(#15931));
#15931 = FILL_AREA_STYLE_COLOUR('',#14075);
#15932 = STYLED_ITEM('color',(#15933),#9086);
#15933 = PRESENTATION_STYLE_ASSIGNMENT((#15934));
#15934 = SURFACE_STYLE_USAGE(.BOTH.,#15935);
#15935 = SURFACE_SIDE_STYLE('',(#15936));
#15936 = SURFACE_STYLE_FILL_AREA(#15937);
#15937 = FILL_AREA_STYLE('',(#15938));
#15938 = FILL_AREA_STYLE_COLOUR('',#14075);
#15939 = STYLED_ITEM('color',(#15940),#9103);
#15940 = PRESENTATION_STYLE_ASSIGNMENT((#15941));
#15941 = SURFACE_STYLE_USAGE(.BOTH.,#15942);
#15942 = SURFACE_SIDE_STYLE('',(#15943));
#15943 = SURFACE_STYLE_FILL_AREA(#15944);
#15944 = FILL_AREA_STYLE('',(#15945));
#15945 = FILL_AREA_STYLE_COLOUR('',#14075);
#15946 = STYLED_ITEM('color',(#15947),#9120);
#15947 = PRESENTATION_STYLE_ASSIGNMENT((#15948));
#15948 = SURFACE_STYLE_USAGE(.BOTH.,#15949);
#15949 = SURFACE_SIDE_STYLE('',(#15950));
#15950 = SURFACE_STYLE_FILL_AREA(#15951);
#15951 = FILL_AREA_STYLE('',(#15952));
#15952 = FILL_AREA_STYLE_COLOUR('',#14075);
#15953 = STYLED_ITEM('color',(#15954),#9137);
#15954 = PRESENTATION_STYLE_ASSIGNMENT((#15955));
#15955 = SURFACE_STYLE_USAGE(.BOTH.,#15956);
#15956 = SURFACE_SIDE_STYLE('',(#15957));
#15957 = SURFACE_STYLE_FILL_AREA(#15958);
#15958 = FILL_AREA_STYLE('',(#15959));
#15959 = FILL_AREA_STYLE_COLOUR('',#14075);
#15960 = STYLED_ITEM('color',(#15961),#9149);
#15961 = PRESENTATION_STYLE_ASSIGNMENT((#15962));
#15962 = SURFACE_STYLE_USAGE(.BOTH.,#15963);
#15963 = SURFACE_SIDE_STYLE('',(#15964));
#15964 = SURFACE_STYLE_FILL_AREA(#15965);
#15965 = FILL_AREA_STYLE('',(#15966));
#15966 = FILL_AREA_STYLE_COLOUR('',#15559);
#15967 = STYLED_ITEM('color',(#15968),#9180);
#15968 = PRESENTATION_STYLE_ASSIGNMENT((#15969));
#15969 = SURFACE_STYLE_USAGE(.BOTH.,#15970);
#15970 = SURFACE_SIDE_STYLE('',(#15971));
#15971 = SURFACE_STYLE_FILL_AREA(#15972);
#15972 = FILL_AREA_STYLE('',(#15973));
#15973 = FILL_AREA_STYLE_COLOUR('',#15559);
#15974 = STYLED_ITEM('color',(#15975),#9204);
#15975 = PRESENTATION_STYLE_ASSIGNMENT((#15976));
#15976 = SURFACE_STYLE_USAGE(.BOTH.,#15977);
#15977 = SURFACE_SIDE_STYLE('',(#15978));
#15978 = SURFACE_STYLE_FILL_AREA(#15979);
#15979 = FILL_AREA_STYLE('',(#15980));
#15980 = FILL_AREA_STYLE_COLOUR('',#15559);
#15981 = STYLED_ITEM('color',(#15982),#9228);
#15982 = PRESENTATION_STYLE_ASSIGNMENT((#15983));
#15983 = SURFACE_STYLE_USAGE(.BOTH.,#15984);
#15984 = SURFACE_SIDE_STYLE('',(#15985));
#15985 = SURFACE_STYLE_FILL_AREA(#15986);
#15986 = FILL_AREA_STYLE('',(#15987));
#15987 = FILL_AREA_STYLE_COLOUR('',#15559);
#15988 = STYLED_ITEM('color',(#15989),#9245);
#15989 = PRESENTATION_STYLE_ASSIGNMENT((#15990));
#15990 = SURFACE_STYLE_USAGE(.BOTH.,#15991);
#15991 = SURFACE_SIDE_STYLE('',(#15992));
#15992 = SURFACE_STYLE_FILL_AREA(#15993);
#15993 = FILL_AREA_STYLE('',(#15994));
#15994 = FILL_AREA_STYLE_COLOUR('',#15559);
#15995 = STYLED_ITEM('color',(#15996),#9276);
#15996 = PRESENTATION_STYLE_ASSIGNMENT((#15997));
#15997 = SURFACE_STYLE_USAGE(.BOTH.,#15998);
#15998 = SURFACE_SIDE_STYLE('',(#15999));
#15999 = SURFACE_STYLE_FILL_AREA(#16000);
#16000 = FILL_AREA_STYLE('',(#16001));
#16001 = FILL_AREA_STYLE_COLOUR('',#15559);
#16002 = STYLED_ITEM('color',(#16003),#9300);
#16003 = PRESENTATION_STYLE_ASSIGNMENT((#16004));
#16004 = SURFACE_STYLE_USAGE(.BOTH.,#16005);
#16005 = SURFACE_SIDE_STYLE('',(#16006));
#16006 = SURFACE_STYLE_FILL_AREA(#16007);
#16007 = FILL_AREA_STYLE('',(#16008));
#16008 = FILL_AREA_STYLE_COLOUR('',#15559);
#16009 = STYLED_ITEM('color',(#16010),#9324);
#16010 = PRESENTATION_STYLE_ASSIGNMENT((#16011));
#16011 = SURFACE_STYLE_USAGE(.BOTH.,#16012);
#16012 = SURFACE_SIDE_STYLE('',(#16013));
#16013 = SURFACE_STYLE_FILL_AREA(#16014);
#16014 = FILL_AREA_STYLE('',(#16015));
#16015 = FILL_AREA_STYLE_COLOUR('',#15559);
#16016 = STYLED_ITEM('color',(#16017),#9341);
#16017 = PRESENTATION_STYLE_ASSIGNMENT((#16018));
#16018 = SURFACE_STYLE_USAGE(.BOTH.,#16019);
#16019 = SURFACE_SIDE_STYLE('',(#16020));
#16020 = SURFACE_STYLE_FILL_AREA(#16021);
#16021 = FILL_AREA_STYLE('',(#16022));
#16022 = FILL_AREA_STYLE_COLOUR('',#15559);
#16023 = STYLED_ITEM('color',(#16024),#9372);
#16024 = PRESENTATION_STYLE_ASSIGNMENT((#16025));
#16025 = SURFACE_STYLE_USAGE(.BOTH.,#16026);
#16026 = SURFACE_SIDE_STYLE('',(#16027));
#16027 = SURFACE_STYLE_FILL_AREA(#16028);
#16028 = FILL_AREA_STYLE('',(#16029));
#16029 = FILL_AREA_STYLE_COLOUR('',#15559);
#16030 = STYLED_ITEM('color',(#16031),#9396);
#16031 = PRESENTATION_STYLE_ASSIGNMENT((#16032));
#16032 = SURFACE_STYLE_USAGE(.BOTH.,#16033);
#16033 = SURFACE_SIDE_STYLE('',(#16034));
#16034 = SURFACE_STYLE_FILL_AREA(#16035);
#16035 = FILL_AREA_STYLE('',(#16036));
#16036 = FILL_AREA_STYLE_COLOUR('',#15559);
#16037 = STYLED_ITEM('color',(#16038),#9420);
#16038 = PRESENTATION_STYLE_ASSIGNMENT((#16039));
#16039 = SURFACE_STYLE_USAGE(.BOTH.,#16040);
#16040 = SURFACE_SIDE_STYLE('',(#16041));
#16041 = SURFACE_STYLE_FILL_AREA(#16042);
#16042 = FILL_AREA_STYLE('',(#16043));
#16043 = FILL_AREA_STYLE_COLOUR('',#15559);
#16044 = STYLED_ITEM('color',(#16045),#9437);
#16045 = PRESENTATION_STYLE_ASSIGNMENT((#16046));
#16046 = SURFACE_STYLE_USAGE(.BOTH.,#16047);
#16047 = SURFACE_SIDE_STYLE('',(#16048));
#16048 = SURFACE_STYLE_FILL_AREA(#16049);
#16049 = FILL_AREA_STYLE('',(#16050));
#16050 = FILL_AREA_STYLE_COLOUR('',#15559);
#16051 = STYLED_ITEM('color',(#16052),#9468);
#16052 = PRESENTATION_STYLE_ASSIGNMENT((#16053));
#16053 = SURFACE_STYLE_USAGE(.BOTH.,#16054);
#16054 = SURFACE_SIDE_STYLE('',(#16055));
#16055 = SURFACE_STYLE_FILL_AREA(#16056);
#16056 = FILL_AREA_STYLE('',(#16057));
#16057 = FILL_AREA_STYLE_COLOUR('',#15559);
#16058 = STYLED_ITEM('color',(#16059),#9492);
#16059 = PRESENTATION_STYLE_ASSIGNMENT((#16060));
#16060 = SURFACE_STYLE_USAGE(.BOTH.,#16061);
#16061 = SURFACE_SIDE_STYLE('',(#16062));
#16062 = SURFACE_STYLE_FILL_AREA(#16063);
#16063 = FILL_AREA_STYLE('',(#16064));
#16064 = FILL_AREA_STYLE_COLOUR('',#15559);
#16065 = STYLED_ITEM('color',(#16066),#9516);
#16066 = PRESENTATION_STYLE_ASSIGNMENT((#16067));
#16067 = SURFACE_STYLE_USAGE(.BOTH.,#16068);
#16068 = SURFACE_SIDE_STYLE('',(#16069));
#16069 = SURFACE_STYLE_FILL_AREA(#16070);
#16070 = FILL_AREA_STYLE('',(#16071));
#16071 = FILL_AREA_STYLE_COLOUR('',#15559);
#16072 = STYLED_ITEM('color',(#16073),#9533);
#16073 = PRESENTATION_STYLE_ASSIGNMENT((#16074));
#16074 = SURFACE_STYLE_USAGE(.BOTH.,#16075);
#16075 = SURFACE_SIDE_STYLE('',(#16076));
#16076 = SURFACE_STYLE_FILL_AREA(#16077);
#16077 = FILL_AREA_STYLE('',(#16078));
#16078 = FILL_AREA_STYLE_COLOUR('',#15559);
#16079 = STYLED_ITEM('color',(#16080),#9564);
#16080 = PRESENTATION_STYLE_ASSIGNMENT((#16081));
#16081 = SURFACE_STYLE_USAGE(.BOTH.,#16082);
#16082 = SURFACE_SIDE_STYLE('',(#16083));
#16083 = SURFACE_STYLE_FILL_AREA(#16084);
#16084 = FILL_AREA_STYLE('',(#16085));
#16085 = FILL_AREA_STYLE_COLOUR('',#15559);
#16086 = STYLED_ITEM('color',(#16087),#9588);
#16087 = PRESENTATION_STYLE_ASSIGNMENT((#16088));
#16088 = SURFACE_STYLE_USAGE(.BOTH.,#16089);
#16089 = SURFACE_SIDE_STYLE('',(#16090));
#16090 = SURFACE_STYLE_FILL_AREA(#16091);
#16091 = FILL_AREA_STYLE('',(#16092));
#16092 = FILL_AREA_STYLE_COLOUR('',#15559);
#16093 = STYLED_ITEM('color',(#16094),#9612);
#16094 = PRESENTATION_STYLE_ASSIGNMENT((#16095));
#16095 = SURFACE_STYLE_USAGE(.BOTH.,#16096);
#16096 = SURFACE_SIDE_STYLE('',(#16097));
#16097 = SURFACE_STYLE_FILL_AREA(#16098);
#16098 = FILL_AREA_STYLE('',(#16099));
#16099 = FILL_AREA_STYLE_COLOUR('',#15559);
#16100 = STYLED_ITEM('color',(#16101),#9629);
#16101 = PRESENTATION_STYLE_ASSIGNMENT((#16102));
#16102 = SURFACE_STYLE_USAGE(.BOTH.,#16103);
#16103 = SURFACE_SIDE_STYLE('',(#16104));
#16104 = SURFACE_STYLE_FILL_AREA(#16105);
#16105 = FILL_AREA_STYLE('',(#16106));
#16106 = FILL_AREA_STYLE_COLOUR('',#15559);
#16107 = STYLED_ITEM('color',(#16108),#9660);
#16108 = PRESENTATION_STYLE_ASSIGNMENT((#16109));
#16109 = SURFACE_STYLE_USAGE(.BOTH.,#16110);
#16110 = SURFACE_SIDE_STYLE('',(#16111));
#16111 = SURFACE_STYLE_FILL_AREA(#16112);
#16112 = FILL_AREA_STYLE('',(#16113));
#16113 = FILL_AREA_STYLE_COLOUR('',#15559);
#16114 = STYLED_ITEM('color',(#16115),#9684);
#16115 = PRESENTATION_STYLE_ASSIGNMENT((#16116));
#16116 = SURFACE_STYLE_USAGE(.BOTH.,#16117);
#16117 = SURFACE_SIDE_STYLE('',(#16118));
#16118 = SURFACE_STYLE_FILL_AREA(#16119);
#16119 = FILL_AREA_STYLE('',(#16120));
#16120 = FILL_AREA_STYLE_COLOUR('',#15559);
#16121 = STYLED_ITEM('color',(#16122),#9708);
#16122 = PRESENTATION_STYLE_ASSIGNMENT((#16123));
#16123 = SURFACE_STYLE_USAGE(.BOTH.,#16124);
#16124 = SURFACE_SIDE_STYLE('',(#16125));
#16125 = SURFACE_STYLE_FILL_AREA(#16126);
#16126 = FILL_AREA_STYLE('',(#16127));
#16127 = FILL_AREA_STYLE_COLOUR('',#15559);
#16128 = STYLED_ITEM('color',(#16129),#9725);
#16129 = PRESENTATION_STYLE_ASSIGNMENT((#16130));
#16130 = SURFACE_STYLE_USAGE(.BOTH.,#16131);
#16131 = SURFACE_SIDE_STYLE('',(#16132));
#16132 = SURFACE_STYLE_FILL_AREA(#16133);
#16133 = FILL_AREA_STYLE('',(#16134));
#16134 = FILL_AREA_STYLE_COLOUR('',#15559);
#16135 = STYLED_ITEM('color',(#16136),#9756);
#16136 = PRESENTATION_STYLE_ASSIGNMENT((#16137));
#16137 = SURFACE_STYLE_USAGE(.BOTH.,#16138);
#16138 = SURFACE_SIDE_STYLE('',(#16139));
#16139 = SURFACE_STYLE_FILL_AREA(#16140);
#16140 = FILL_AREA_STYLE('',(#16141));
#16141 = FILL_AREA_STYLE_COLOUR('',#15559);
#16142 = STYLED_ITEM('color',(#16143),#9780);
#16143 = PRESENTATION_STYLE_ASSIGNMENT((#16144));
#16144 = SURFACE_STYLE_USAGE(.BOTH.,#16145);
#16145 = SURFACE_SIDE_STYLE('',(#16146));
#16146 = SURFACE_STYLE_FILL_AREA(#16147);
#16147 = FILL_AREA_STYLE('',(#16148));
#16148 = FILL_AREA_STYLE_COLOUR('',#15559);
#16149 = STYLED_ITEM('color',(#16150),#9804);
#16150 = PRESENTATION_STYLE_ASSIGNMENT((#16151));
#16151 = SURFACE_STYLE_USAGE(.BOTH.,#16152);
#16152 = SURFACE_SIDE_STYLE('',(#16153));
#16153 = SURFACE_STYLE_FILL_AREA(#16154);
#16154 = FILL_AREA_STYLE('',(#16155));
#16155 = FILL_AREA_STYLE_COLOUR('',#15559);
#16156 = STYLED_ITEM('color',(#16157),#9821);
#16157 = PRESENTATION_STYLE_ASSIGNMENT((#16158));
#16158 = SURFACE_STYLE_USAGE(.BOTH.,#16159);
#16159 = SURFACE_SIDE_STYLE('',(#16160));
#16160 = SURFACE_STYLE_FILL_AREA(#16161);
#16161 = FILL_AREA_STYLE('',(#16162));
#16162 = FILL_AREA_STYLE_COLOUR('',#15559);
#16163 = STYLED_ITEM('color',(#16164),#9852);
#16164 = PRESENTATION_STYLE_ASSIGNMENT((#16165));
#16165 = SURFACE_STYLE_USAGE(.BOTH.,#16166);
#16166 = SURFACE_SIDE_STYLE('',(#16167));
#16167 = SURFACE_STYLE_FILL_AREA(#16168);
#16168 = FILL_AREA_STYLE('',(#16169));
#16169 = FILL_AREA_STYLE_COLOUR('',#15559);
#16170 = STYLED_ITEM('color',(#16171),#9876);
#16171 = PRESENTATION_STYLE_ASSIGNMENT((#16172));
#16172 = SURFACE_STYLE_USAGE(.BOTH.,#16173);
#16173 = SURFACE_SIDE_STYLE('',(#16174));
#16174 = SURFACE_STYLE_FILL_AREA(#16175);
#16175 = FILL_AREA_STYLE('',(#16176));
#16176 = FILL_AREA_STYLE_COLOUR('',#15559);
#16177 = STYLED_ITEM('color',(#16178),#9900);
#16178 = PRESENTATION_STYLE_ASSIGNMENT((#16179));
#16179 = SURFACE_STYLE_USAGE(.BOTH.,#16180);
#16180 = SURFACE_SIDE_STYLE('',(#16181));
#16181 = SURFACE_STYLE_FILL_AREA(#16182);
#16182 = FILL_AREA_STYLE('',(#16183));
#16183 = FILL_AREA_STYLE_COLOUR('',#15559);
#16184 = STYLED_ITEM('color',(#16185),#9917);
#16185 = PRESENTATION_STYLE_ASSIGNMENT((#16186));
#16186 = SURFACE_STYLE_USAGE(.BOTH.,#16187);
#16187 = SURFACE_SIDE_STYLE('',(#16188));
#16188 = SURFACE_STYLE_FILL_AREA(#16189);
#16189 = FILL_AREA_STYLE('',(#16190));
#16190 = FILL_AREA_STYLE_COLOUR('',#15559);
#16191 = STYLED_ITEM('color',(#16192),#9948);
#16192 = PRESENTATION_STYLE_ASSIGNMENT((#16193));
#16193 = SURFACE_STYLE_USAGE(.BOTH.,#16194);
#16194 = SURFACE_SIDE_STYLE('',(#16195));
#16195 = SURFACE_STYLE_FILL_AREA(#16196);
#16196 = FILL_AREA_STYLE('',(#16197));
#16197 = FILL_AREA_STYLE_COLOUR('',#15559);
#16198 = STYLED_ITEM('color',(#16199),#9972);
#16199 = PRESENTATION_STYLE_ASSIGNMENT((#16200));
#16200 = SURFACE_STYLE_USAGE(.BOTH.,#16201);
#16201 = SURFACE_SIDE_STYLE('',(#16202));
#16202 = SURFACE_STYLE_FILL_AREA(#16203);
#16203 = FILL_AREA_STYLE('',(#16204));
#16204 = FILL_AREA_STYLE_COLOUR('',#15559);
#16205 = STYLED_ITEM('color',(#16206),#9996);
#16206 = PRESENTATION_STYLE_ASSIGNMENT((#16207));
#16207 = SURFACE_STYLE_USAGE(.BOTH.,#16208);
#16208 = SURFACE_SIDE_STYLE('',(#16209));
#16209 = SURFACE_STYLE_FILL_AREA(#16210);
#16210 = FILL_AREA_STYLE('',(#16211));
#16211 = FILL_AREA_STYLE_COLOUR('',#15559);
#16212 = STYLED_ITEM('color',(#16213),#10013);
#16213 = PRESENTATION_STYLE_ASSIGNMENT((#16214));
#16214 = SURFACE_STYLE_USAGE(.BOTH.,#16215);
#16215 = SURFACE_SIDE_STYLE('',(#16216));
#16216 = SURFACE_STYLE_FILL_AREA(#16217);
#16217 = FILL_AREA_STYLE('',(#16218));
#16218 = FILL_AREA_STYLE_COLOUR('',#15559);
#16219 = STYLED_ITEM('color',(#16220),#10044);
#16220 = PRESENTATION_STYLE_ASSIGNMENT((#16221));
#16221 = SURFACE_STYLE_USAGE(.BOTH.,#16222);
#16222 = SURFACE_SIDE_STYLE('',(#16223));
#16223 = SURFACE_STYLE_FILL_AREA(#16224);
#16224 = FILL_AREA_STYLE('',(#16225));
#16225 = FILL_AREA_STYLE_COLOUR('',#15559);
#16226 = STYLED_ITEM('color',(#16227),#10068);
#16227 = PRESENTATION_STYLE_ASSIGNMENT((#16228));
#16228 = SURFACE_STYLE_USAGE(.BOTH.,#16229);
#16229 = SURFACE_SIDE_STYLE('',(#16230));
#16230 = SURFACE_STYLE_FILL_AREA(#16231);
#16231 = FILL_AREA_STYLE('',(#16232));
#16232 = FILL_AREA_STYLE_COLOUR('',#15559);
#16233 = STYLED_ITEM('color',(#16234),#10092);
#16234 = PRESENTATION_STYLE_ASSIGNMENT((#16235));
#16235 = SURFACE_STYLE_USAGE(.BOTH.,#16236);
#16236 = SURFACE_SIDE_STYLE('',(#16237));
#16237 = SURFACE_STYLE_FILL_AREA(#16238);
#16238 = FILL_AREA_STYLE('',(#16239));
#16239 = FILL_AREA_STYLE_COLOUR('',#15559);
#16240 = STYLED_ITEM('color',(#16241),#10109);
#16241 = PRESENTATION_STYLE_ASSIGNMENT((#16242));
#16242 = SURFACE_STYLE_USAGE(.BOTH.,#16243);
#16243 = SURFACE_SIDE_STYLE('',(#16244));
#16244 = SURFACE_STYLE_FILL_AREA(#16245);
#16245 = FILL_AREA_STYLE('',(#16246));
#16246 = FILL_AREA_STYLE_COLOUR('',#15559);
#16247 = STYLED_ITEM('color',(#16248),#10140);
#16248 = PRESENTATION_STYLE_ASSIGNMENT((#16249));
#16249 = SURFACE_STYLE_USAGE(.BOTH.,#16250);
#16250 = SURFACE_SIDE_STYLE('',(#16251));
#16251 = SURFACE_STYLE_FILL_AREA(#16252);
#16252 = FILL_AREA_STYLE('',(#16253));
#16253 = FILL_AREA_STYLE_COLOUR('',#15559);
#16254 = STYLED_ITEM('color',(#16255),#10164);
#16255 = PRESENTATION_STYLE_ASSIGNMENT((#16256));
#16256 = SURFACE_STYLE_USAGE(.BOTH.,#16257);
#16257 = SURFACE_SIDE_STYLE('',(#16258));
#16258 = SURFACE_STYLE_FILL_AREA(#16259);
#16259 = FILL_AREA_STYLE('',(#16260));
#16260 = FILL_AREA_STYLE_COLOUR('',#15559);
#16261 = STYLED_ITEM('color',(#16262),#10188);
#16262 = PRESENTATION_STYLE_ASSIGNMENT((#16263));
#16263 = SURFACE_STYLE_USAGE(.BOTH.,#16264);
#16264 = SURFACE_SIDE_STYLE('',(#16265));
#16265 = SURFACE_STYLE_FILL_AREA(#16266);
#16266 = FILL_AREA_STYLE('',(#16267));
#16267 = FILL_AREA_STYLE_COLOUR('',#15559);
#16268 = STYLED_ITEM('color',(#16269),#10205);
#16269 = PRESENTATION_STYLE_ASSIGNMENT((#16270));
#16270 = SURFACE_STYLE_USAGE(.BOTH.,#16271);
#16271 = SURFACE_SIDE_STYLE('',(#16272));
#16272 = SURFACE_STYLE_FILL_AREA(#16273);
#16273 = FILL_AREA_STYLE('',(#16274));
#16274 = FILL_AREA_STYLE_COLOUR('',#15559);
#16275 = STYLED_ITEM('color',(#16276),#10236);
#16276 = PRESENTATION_STYLE_ASSIGNMENT((#16277));
#16277 = SURFACE_STYLE_USAGE(.BOTH.,#16278);
#16278 = SURFACE_SIDE_STYLE('',(#16279));
#16279 = SURFACE_STYLE_FILL_AREA(#16280);
#16280 = FILL_AREA_STYLE('',(#16281));
#16281 = FILL_AREA_STYLE_COLOUR('',#15559);
#16282 = STYLED_ITEM('color',(#16283),#10260);
#16283 = PRESENTATION_STYLE_ASSIGNMENT((#16284));
#16284 = SURFACE_STYLE_USAGE(.BOTH.,#16285);
#16285 = SURFACE_SIDE_STYLE('',(#16286));
#16286 = SURFACE_STYLE_FILL_AREA(#16287);
#16287 = FILL_AREA_STYLE('',(#16288));
#16288 = FILL_AREA_STYLE_COLOUR('',#15559);
#16289 = STYLED_ITEM('color',(#16290),#10284);
#16290 = PRESENTATION_STYLE_ASSIGNMENT((#16291));
#16291 = SURFACE_STYLE_USAGE(.BOTH.,#16292);
#16292 = SURFACE_SIDE_STYLE('',(#16293));
#16293 = SURFACE_STYLE_FILL_AREA(#16294);
#16294 = FILL_AREA_STYLE('',(#16295));
#16295 = FILL_AREA_STYLE_COLOUR('',#15559);
#16296 = STYLED_ITEM('color',(#16297),#10301);
#16297 = PRESENTATION_STYLE_ASSIGNMENT((#16298));
#16298 = SURFACE_STYLE_USAGE(.BOTH.,#16299);
#16299 = SURFACE_SIDE_STYLE('',(#16300));
#16300 = SURFACE_STYLE_FILL_AREA(#16301);
#16301 = FILL_AREA_STYLE('',(#16302));
#16302 = FILL_AREA_STYLE_COLOUR('',#15559);
#16303 = STYLED_ITEM('color',(#16304),#10313);
#16304 = PRESENTATION_STYLE_ASSIGNMENT((#16305));
#16305 = SURFACE_STYLE_USAGE(.BOTH.,#16306);
#16306 = SURFACE_SIDE_STYLE('',(#16307));
#16307 = SURFACE_STYLE_FILL_AREA(#16308);
#16308 = FILL_AREA_STYLE('',(#16309));
#16309 = FILL_AREA_STYLE_COLOUR('',#15559);
#16310 = STYLED_ITEM('color',(#16311),#10325);
#16311 = PRESENTATION_STYLE_ASSIGNMENT((#16312));
#16312 = SURFACE_STYLE_USAGE(.BOTH.,#16313);
#16313 = SURFACE_SIDE_STYLE('',(#16314));
#16314 = SURFACE_STYLE_FILL_AREA(#16315);
#16315 = FILL_AREA_STYLE('',(#16316));
#16316 = FILL_AREA_STYLE_COLOUR('',#15559);
#16317 = STYLED_ITEM('color',(#16318),#10337);
#16318 = PRESENTATION_STYLE_ASSIGNMENT((#16319));
#16319 = SURFACE_STYLE_USAGE(.BOTH.,#16320);
#16320 = SURFACE_SIDE_STYLE('',(#16321));
#16321 = SURFACE_STYLE_FILL_AREA(#16322);
#16322 = FILL_AREA_STYLE('',(#16323));
#16323 = FILL_AREA_STYLE_COLOUR('',#15559);
#16324 = STYLED_ITEM('color',(#16325),#10349);
#16325 = PRESENTATION_STYLE_ASSIGNMENT((#16326));
#16326 = SURFACE_STYLE_USAGE(.BOTH.,#16327);
#16327 = SURFACE_SIDE_STYLE('',(#16328));
#16328 = SURFACE_STYLE_FILL_AREA(#16329);
#16329 = FILL_AREA_STYLE('',(#16330));
#16330 = FILL_AREA_STYLE_COLOUR('',#15559);
#16331 = STYLED_ITEM('color',(#16332),#10361);
#16332 = PRESENTATION_STYLE_ASSIGNMENT((#16333));
#16333 = SURFACE_STYLE_USAGE(.BOTH.,#16334);
#16334 = SURFACE_SIDE_STYLE('',(#16335));
#16335 = SURFACE_STYLE_FILL_AREA(#16336);
#16336 = FILL_AREA_STYLE('',(#16337));
#16337 = FILL_AREA_STYLE_COLOUR('',#15559);
ENDSEC;
END-ISO-10303-21;
